persona_id	version	group	Q1	Q2	Q3	Q4_1	Q4_2	Q4_3	Q4_4	Q4_5	Q4_6	Q4_7	Q6	q6_correct	Q7	Q8	Q9	Q10	Q11_code	Q11_name	Q12	Q13	Q14	Q15	status	retry_count	input_tokens	output_tokens	retry_t1	retry_t2	input_tokens_t1	output_tokens_t1	input_tokens_t2	output_tokens_t2
V1-A-001	V1	A	1	8	2	5	15	35	25	15	3	2			9	9	1	60	11	埼玉県	1	7	6	3	ok	0	3832	97	0	0	1617	86	2215	11
V1-A-002	V1	A	1	8	2	5	15	30	25	15	5	5			9	11	1	37	12	千葉県	1	8	2	2	ok	0	3824	97	0	0	1613	86	2211	11
V1-A-003	V1	A	1	8	2	10	15	30	25	15	3	2			9	9	2	25	12	千葉県	1	6	2	1	ok	0	3824	97	0	0	1613	86	2211	11
V1-A-004	V1	A	2	10	2	5	10	25	30	20	5	5			9	11	1	45	23	愛知県	2	1	2	4	ok	0	3802	97	0	0	1602	86	2200	11
V1-A-005	V1	A	2	10	2	5	10	25	30	20	7	3			10	11	1	29	28	兵庫県	1	3	6	4	ok	0	3854	97	0	0	1628	86	2226	11
V1-A-006	V1	A	1	8	2	10	15	30	25	15	3	2			9	11	1	48	14	神奈川県	2	6	3	1	ok	0	3810	97	0	0	1606	86	2204	11
V1-A-007	V1	A	1	8	2	10	15	30	25	15	3	2			8	11	1	57	13	東京都	2	6	1	1	ok	0	3806	95	0	0	1605	84	2201	11
V1-A-008	V1	A	1	8	2	10	15	30	25	15	3	2			8	9	2	32	1	北海道	2	7	2	2	ok	0	3812	97	0	0	1607	86	2205	11
V1-A-009	V1	A	1	8	2	5	10	30	30	15	5	5			9	9	1	70	13	東京都	2	8	6	2	ok	0	3798	97	0	0	1600	86	2198	11
V1-A-010	V1	A	1	8	2	5	15	35	25	15	3	2			9	11	1	44	34	広島県	2	1	6	1	ok	0	3788	97	0	0	1595	86	2193	11
V1-A-011	V1	A	2	10	2	5	10	25	30	20	5	5			9	9	2	22	13	東京都	1	1	6	3	ok	0	3816	97	0	0	1609	86	2207	11
V1-A-012	V1	A	1	8	2	5	10	30	30	15	5	5			9	9	2	68	28	兵庫県	1	1	5	1	ok	0	3816	97	0	0	1609	86	2207	11
V1-A-013	V1	A	1	8	2	5	10	30	30	15	5	5			9	9	2	74	27	大阪府	2	1	5	5	ok	0	3802	97	0	0	1602	86	2200	11
V1-A-014	V1	A	1	8	2	10	15	30	20	15	5	5			8	9	2	87	37	香川県	2	7	1	2	ok	0	3818	97	0	0	1610	86	2208	11
V1-A-015	V1	A	1	8	2	5	15	30	25	15	5	5			8	9	2	46	4	宮城県	1	8	2	1	ok	0	3816	97	0	0	1609	86	2207	11
V1-A-016	V1	A	2	10	2	5	10	25	30	20	5	5			10	9	1	40	12	千葉県	1	2	2	7	ok	0	3818	97	0	0	1610	86	2208	11
V1-A-017	V1	A	2	10	2	5	10	25	30	20	5	5			9	9	2	27	23	愛知県	2	8	6	2	ok	0	3800	97	0	0	1601	86	2199	11
V1-A-018	V1	A	1	8	2	10	15	30	25	15	3	2			9	11	2	52	22	静岡県	2	7	5	2	ok	0	3814	97	0	0	1608	86	2206	11
V1-A-019	V1	A	1	8	2	5	10	30	30	15	5	5			9	9	1	58	16	富山県	1	7	2	3	ok	0	3832	97	0	0	1617	86	2215	11
V1-A-020	V1	A	1	8	2	10	15	30	25	15	3	2			9	11	1	81	14	神奈川県	2	1	1	1	ok	0	3802	97	0	0	1602	86	2200	11
V1-A-021	V1	A	1	8	2	10	15	30	25	10	5	5			9	9	2	29	13	東京都	1	7	6	2	ok	0	3828	97	0	0	1615	86	2213	11
V1-A-022	V1	A	1	8	2	5	10	30	30	15	5	5			9	9	1	67	13	東京都	2	6	6	1	ok	0	3798	97	0	0	1600	86	2198	11
V1-A-023	V1	A	1	8	2	5	10	30	30	15	5	5			9	9	2	44	26	京都府	2	4	6	4	ok	0	3790	97	0	0	1596	86	2194	11
V1-A-024	V1	A	2	10	2	5	10	25	30	20	5	5			9	9	1	43	1	北海道	1	3	1	5	ok	0	3860	97	0	0	1631	86	2229	11
V1-A-025	V1	A	1	8	2	5	15	30	25	15	5	5			9	11	2	65	13	東京都	1	6	5	5	ok	0	3830	97	0	0	1616	86	2214	11
V1-A-026	V1	A	1	8	2	10	15	30	20	15	5	5			8	11	1	92	40	福岡県	2	1	1	2	ok	0	3808	97	0	0	1605	86	2203	11
V1-A-027	V1	A	1	8	2	5	15	30	25	15	5	5			9	9	1	62	11	埼玉県	1	7	6	1	ok	0	3824	97	0	0	1613	86	2211	11
V1-A-028	V1	A	2	10	2	5	10	25	30	20	5	5			10	9	1	41	23	愛知県	1	2	6	6	ok	0	3812	97	0	0	1607	86	2205	11
V1-A-029	V1	A	1	8	2	10	15	30	25	15	3	2			8	9	2	70	11	埼玉県	2	1	2	1	ok	0	3796	97	0	0	1599	86	2197	11
V1-A-030	V1	A	1	8	2	10	15	30	25	15	3	2			9	9	2	37	28	兵庫県	2	1	2	2	ok	0	3804	97	0	0	1603	86	2201	11
V1-A-031	V1	A	1	8	2	5	15	30	25	15	5	5			9	9	2	70	23	愛知県	1	1	2	2	ok	0	3822	97	0	0	1612	86	2210	11
V1-A-032	V1	A	2	10	2	5	10	25	30	20	7	3			10	9	1	35	14	神奈川県	1	1	6	4	ok	0	3820	97	0	0	1611	86	2209	11
V1-A-033	V1	A	1	8	2	5	15	30	25	15	5	5			9	9	2	60	40	福岡県	1	6	2	6	ok	0	3832	97	0	0	1617	86	2215	11
V1-A-034	V1	A	1	8	2	10	15	30	25	15	3	2			9	9	2	53	11	埼玉県	2	7	2	5	ok	0	3814	95	0	0	1609	84	2205	11
V1-A-035	V1	A	1	8	2	5	10	25	30	20	5	5			9	9	1	95	23	愛知県	1	1	6	1	ok	0	3810	97	0	0	1606	86	2204	11
V1-A-036	V1	A	1	8	2	5	10	30	30	15	5	5			9	9	2	42	17	石川県	2	7	7	2	ok	0	3810	97	0	0	1606	86	2204	11
V1-A-037	V1	A	2	10	2	5	10	25	30	20	5	5			10	9	1	49	21	岐阜県	1	7	2	7	ok	0	3838	97	0	0	1620	86	2218	11
V1-A-038	V1	A	1	8	2	10	15	30	25	15	3	2			9	9	1	85	13	東京都	2	6	1	4	ok	0	3816	97	0	0	1609	86	2207	11
V1-A-039	V1	A	2	10	2	5	10	25	30	20	5	5			9	9	1	36	11	埼玉県	2	8	2	6	ok	0	3806	97	0	0	1604	86	2202	11
V1-A-040	V1	A	1	8	2	10	15	30	25	15	3	2			8	11	1	72	27	大阪府	2	6	1	1	ok	0	3808	95	0	0	1606	84	2202	11
V1-A-041	V1	A	1	8	2	10	15	30	20	15	5	5			8	9	2	22	35	山口県	1	7	2	2	ok	0	3832	97	0	0	1617	86	2215	11
V1-A-042	V1	A	1	8	2	5	15	35	25	15	3	2			9	9	1	67	13	東京都	1	8	6	4	ok	0	3818	97	0	0	1610	86	2208	11
V1-A-043	V1	A	1	8	2	10	15	30	25	15	3	2			8	9	2	77	2	青森県	2	2	2	3	ok	0	3794	97	0	0	1598	86	2196	11
V1-A-044	V1	A	1	8	2	10	15	30	25	15	3	2			8	9	2	77	1	北海道	2	1	5	1	ok	0	3792	97	0	0	1597	86	2195	11
V1-A-045	V1	A	1	8	2	10	15	30	25	15	3	2			9	11	1	30	46	鹿児島県	1	7	6	2	ok	0	3834	97	0	0	1618	86	2216	11
V1-A-046	V1	A	1	8	2	10	15	30	20	15	5	5			8	9	2	74	27	大阪府	1	7	2	3	ok	0	3834	97	0	0	1618	86	2216	11
V1-A-047	V1	A	2	10	2	5	10	25	30	20	5	5			10	9	1	42	13	東京都	2	8	6	4	ok	0	3798	97	0	0	1600	86	2198	11
V1-A-048	V1	A	1	8	2	10	15	30	25	15	3	2			9	9	2	50	33	岡山県	2	1	2	5	ok	0	3802	97	0	0	1602	86	2200	11
V1-A-049	V1	A	1	8	2	5	10	30	30	15	5	5			9	9	1	68	13	東京都	2	8	6	1	ok	0	3790	97	0	0	1596	86	2194	11
V1-A-050	V1	A	1	8	2	10	15	30	25	15	3	2			9	9	2	39	11	埼玉県	2	7	4	1	ok	0	3808	97	0	0	1605	86	2203	11
V1-A-051	V1	A	2	10	2	5	10	25	30	20	5	5			10	9	1	28	15	新潟県	1	8	6	3	ok	0	3820	97	0	0	1611	86	2209	11
V1-A-052	V1	A	2	10	2	5	10	25	30	20	5	5			10	9	1	33	7	福島県	1	7	6	5	ok	0	3828	97	0	0	1615	86	2213	11
V1-A-053	V1	A	2	10	2	5	10	25	30	20	5	5			10	9	2	55	42	長崎県	1	1	4	7	ok	0	3824	97	0	0	1613	86	2211	11
V1-A-054	V1	A	1	8	2	5	10	30	30	15	5	5			9	9	1	71	23	愛知県	2	6	1	3	ok	0	3818	97	0	0	1610	86	2208	11
V1-A-055	V1	A	1	8	2	5	10	30	30	15	5	5			9	9	2	58	13	東京都	1	6	5	8	ok	0	3824	97	0	0	1613	86	2211	11
V1-A-056	V1	A	1	8	2	10	15	30	20	15	5	5			8	11	2	70	5	秋田県	2	1	1	4	ok	0	3808	97	0	0	1605	86	2203	11
V1-A-057	V1	A	2	10	2	5	10	25	30	20	5	5			10	9	1	32	14	神奈川県	2	3	4	2	ok	0	3838	97	0	0	1620	86	2218	11
V1-A-058	V1	A	1	8	2	10	15	30	25	10	5	5			8	9	2	74	11	埼玉県	2	7	4	1	ok	0	3806	95	0	0	1605	84	2201	11
V1-A-059	V1	A	1	8	2	10	15	30	25	10	5	5			9	9	2	20	13	東京都	1	1	2	4	ok	0	3820	97	0	0	1611	86	2209	11
V1-A-060	V1	A	1	8	2	5	15	30	25	15	5	5			8	9	2	69	40	福岡県	1	8	2	2	ok	0	3824	97	0	0	1613	86	2211	11
V1-A-061	V1	A	1	8	2	5	10	30	30	15	5	5			9	9	1	60	13	東京都	2	6	6	2	ok	0	3806	97	0	0	1604	86	2202	11
V1-A-062	V1	A	2	10	2	5	10	25	30	20	5	5			10	9	1	43	13	東京都	1	8	7	2	ok	0	3820	97	0	0	1611	86	2209	11
V1-A-063	V1	A	1	8	2	5	10	30	30	15	5	5			9	9	1	69	1	北海道	2	8	1	6	ok	0	3808	97	0	0	1605	86	2203	11
V1-A-064	V1	A	2	10	2	5	10	25	30	20	5	5			10	9	1	40	14	神奈川県	2	3	7	1	ok	0	3828	97	0	0	1615	86	2213	11
V1-A-065	V1	A	1	8	2	5	10	30	30	15	5	5			9	9	2	66	35	山口県	2	1	5	1	ok	0	3792	97	0	0	1597	86	2195	11
V1-A-066	V1	A	1	8	2	5	15	35	25	15	3	2			9	9	2	60	14	神奈川県	2	7	6	4	ok	0	3812	97	0	0	1607	86	2205	11
V1-A-067	V1	A	1	8	2	5	10	30	30	15	5	5			9	9	2	36	38	愛媛県	1	1	6	5	ok	0	3820	97	0	0	1611	86	2209	11
V1-A-068	V1	A	2	10	2	5	10	25	30	20	5	5			10	9	1	24	13	東京都	1	8	6	4	ok	0	3818	97	0	0	1610	86	2208	11
V1-A-069	V1	A	1	8	2	10	15	30	25	15	3	2			8	11	1	68	14	神奈川県	1	6	2	1	ok	0	3826	97	0	0	1614	86	2212	11
V1-A-070	V1	A	1	8	2	5	10	30	25	20	5	5			9	9	1	72	24	三重県	1	3	1	1	ok	0	3852	97	0	0	1627	86	2225	11
V1-A-071	V1	A	1	8	2	10	15	30	25	15	3	2			9	9	2	51	27	大阪府	2	8	1	4	ok	0	3810	97	0	0	1606	86	2204	11
V1-A-072	V1	A	1	8	2	5	15	35	25	15	3	2			9	9	2	47	22	静岡県	2	6	6	6	ok	0	3808	97	0	0	1605	86	2203	11
V1-A-073	V1	A	1	8	2	5	10	30	30	15	5	5			9	11	2	43	13	東京都	1	8	2	2	ok	0	3822	97	0	0	1612	86	2210	11
V1-A-074	V1	A	1	8	2	5	15	35	25	15	3	2			9	9	2	55	13	東京都	2	1	6	6	ok	0	3796	97	0	0	1599	86	2197	11
V1-A-075	V1	A	1	8	2	10	15	30	25	15	3	2			8	9	2	67	1	北海道	2	1	1	2	ok	0	3806	97	0	0	1604	86	2202	11
V1-A-076	V1	A	2	10	2	5	10	25	30	20	5	5			9	9	1	59	27	大阪府	2	1	2	6	ok	0	3802	97	0	0	1602	86	2200	11
V1-A-077	V1	A	1	8	2	10	15	30	25	15	3	2			8	11	2	97	1	北海道	1	2	1	1	ok	0	3812	97	0	0	1607	86	2205	11
V1-A-078	V1	A	2	10	2	5	10	25	30	20	5	5			10	9	2	33	44	大分県	2	1	6	4	ok	0	3796	97	0	0	1599	86	2197	11
V1-A-079	V1	A	1	8	2	10	15	30	20	15	5	5			8	11	2	21	12	千葉県	1	6	6	1	ok	0	3820	97	0	0	1611	86	2209	11
V1-A-080	V1	A	1	8	2	10	15	30	25	10	5	5			8	9	2	26	13	東京都	1	7	2	1	ok	0	3824	97	0	0	1613	86	2211	11
V1-A-081	V1	A	1	8	2	5	10	30	30	15	5	5			9	11	2	45	14	神奈川県	2	8	5	4	ok	0	3806	97	0	0	1604	86	2202	11
V1-A-082	V1	A	1	8	2	10	15	30	20	15	5	5			8	9	1	26	12	千葉県	1	6	1	1	ok	0	3830	97	0	0	1616	86	2214	11
V1-A-083	V1	A	2	10	2	5	10	25	30	20	5	5			10	9	1	33	14	神奈川県	1	8	2	5	ok	0	3826	97	0	0	1614	86	2212	11
V1-A-084	V1	A	2	10	2	5	10	25	30	20	5	5			10	9	1	53	34	広島県	2	8	6	8	ok	0	3792	97	0	0	1597	86	2195	11
V1-A-085	V1	A	1	8	2	5	15	35	25	15	3	2			9	11	2	32	27	大阪府	1	1	6	4	ok	0	3818	97	0	0	1610	86	2208	11
V1-A-086	V1	A	1	8	2	10	15	30	25	15	3	2			8	9	2	76	27	大阪府	1	1	1	3	ok	0	3828	97	0	0	1615	86	2213	11
V1-A-087	V1	A	1	8	2	5	10	25	30	20	5	5			9	9	2	22	11	埼玉県	1	8	5	4	ok	0	3826	97	0	0	1614	86	2212	11
V1-A-088	V1	A	1	8	2	10	15	30	25	15	3	2			8	9	2	36	12	千葉県	2	2	2	3	ok	0	3796	97	0	0	1599	86	2197	11
V1-A-089	V1	A	2	10	2	5	10	25	30	20	5	5			10	9	1	76	23	愛知県	1	6	4	4	ok	0	3832	97	0	0	1617	86	2215	11
V1-A-090	V1	A	2	10	2	5	10	25	30	20	5	5			10	9	1	50	15	新潟県	1	7	2	6	ok	0	3834	97	0	0	1618	86	2216	11
V1-A-091	V1	A	1	8	2	5	10	30	30	15	5	5			9	11	1	40	21	岐阜県	2	4	2	1	ok	0	3790	97	0	0	1596	86	2194	11
V1-A-092	V1	A	1	8	2	10	15	30	20	15	5	5			8	11	2	85	27	大阪府	1	6	1	3	ok	0	3838	97	0	0	1620	86	2218	11
V1-A-093	V1	A	1	8	2	10	15	30	25	15	3	2			8	11	2	20	13	東京都	1	7	4	1	ok	0	3824	97	0	0	1613	86	2211	11
V1-A-094	V1	A	1	8	2	5	15	35	25	15	3	2			9	9	1	62	23	愛知県	2	8	2	1	ok	0	3796	97	0	0	1599	86	2197	11
V1-A-095	V1	A	1	8	2	5	10	30	30	15	5	5			9	11	1	79	29	奈良県	2	1	6	1	ok	0	3790	97	0	0	1596	86	2194	11
V1-A-096	V1	A	1	8	2	5	10	30	30	15	5	5			9	9	1	74	33	岡山県	2	8	6	4	ok	0	3800	97	0	0	1601	86	2199	11
V1-A-097	V1	A	1	8	2	5	15	30	25	15	5	5			9	9	2	29	5	秋田県	1	7	6	3	ok	0	3830	97	0	0	1616	86	2214	11
V1-A-098	V1	A	2	10	2	5	10	25	30	20	5	5			10	9	1	49	31	鳥取県	2	1	2	6	ok	0	3804	97	0	0	1603	86	2201	11
V1-A-099	V1	A	1	8	2	5	10	25	30	20	5	5			9	9	2	69	26	京都府	2	8	1	2	ok	0	3808	97	0	0	1605	86	2203	11
V1-A-100	V1	A	1	8	2	5	10	25	30	20	5	5			9	9	2	73	13	東京都	2	6	2	2	ok	0	3810	97	0	0	1606	86	2204	11
V1-A-101	V1	A	1	8	2	10	15	30	20	15	5	5			8	9	2	86	13	東京都	1	7	1	1	ok	0	3830	97	0	0	1616	86	2214	11
V1-A-102	V1	A	1	8	2	5	15	30	25	15	5	5			9	9	2	65	22	静岡県	2	1	4	5	ok	0	3802	97	0	0	1602	86	2200	11
V1-A-103	V1	A	1	8	2	5	10	25	30	20	5	5			9	9	2	53	21	岐阜県	2	1	2	4	ok	0	3804	97	0	0	1603	86	2201	11
V1-A-104	V1	A	1	8	2	5	15	30	25	15	5	5			9	9	2	41	14	神奈川県	2	8	4	5	ok	0	3806	97	0	0	1604	86	2202	11
V1-A-105	V1	A	1	8	2	10	15	30	20	15	5	5			8	9	2	86	11	埼玉県	1	7	1	2	ok	0	3842	97	0	0	1622	86	2220	11
V1-A-106	V1	A	1	8	2	5	15	35	25	15	3	2			9	9	2	60	15	新潟県	1	1	7	5	ok	0	3818	95	0	0	1611	84	2207	11
V1-A-107	V1	A	1	8	2	5	15	30	25	15	5	5			9	9	2	72	1	北海道	1	3	5	5	ok	0	3854	97	0	0	1628	86	2226	11
V1-A-108	V1	A	1	8	2	5	10	30	30	15	5	5			9	9	1	69	12	千葉県	2	1	6	1	ok	0	3790	97	0	0	1596	86	2194	11
V1-A-109	V1	A	1	8	2	5	15	30	25	15	5	5			9	9	2	65	21	岐阜県	2	8	4	5	ok	0	3806	97	0	0	1604	86	2202	11
V1-A-110	V1	A	1	8	2	10	15	30	25	15	3	2			8	9	2	25	10	群馬県	2	7	2	2	ok	0	3814	97	0	0	1608	86	2206	11
V1-A-111	V1	A	1	8	2	5	10	30	30	15	5	5			9	9	2	34	14	神奈川県	2	1	2	2	ok	0	3804	97	0	0	1603	86	2201	11
V1-A-112	V1	A	1	8	2	10	15	30	25	15	3	2			8	9	2	67	44	大分県	2	7	1	3	ok	0	3818	97	0	0	1610	86	2208	11
V1-A-113	V1	A	2	10	2	5	10	25	30	20	5	5			10	9	1	32	42	長崎県	1	6	2	3	ok	0	3832	97	0	0	1617	86	2215	11
V1-A-114	V1	A	1	8	2	10	15	30	20	15	5	5			8	11	1	80	23	愛知県	1	8	1	1	ok	0	3822	97	0	0	1612	86	2210	11
V1-A-115	V1	A	2	10	2	5	10	25	30	20	5	5			10	9	1	66	12	千葉県	1	8	7	3	ok	0	3822	97	0	0	1612	86	2210	11
V1-A-116	V1	A	1	8	2	5	15	30	25	15	5	5			9	9	2	27	13	東京都	1	9	6	1	ok	0	3798	97	0	0	1600	86	2198	11
V1-A-117	V1	A	1	8	2	5	15	30	25	15	5	5			9	9	2	59	27	大阪府	2	6	5	7	ok	0	3814	97	0	0	1608	86	2206	11
V1-A-118	V1	A	1	8	2	5	10	30	30	15	5	5			9	11	2	29	11	埼玉県	1	8	6	4	ok	0	3822	97	0	0	1612	86	2210	11
V1-A-119	V1	A	1	8	2	5	15	30	25	15	5	5			9	9	2	57	14	神奈川県	1	6	5	3	ok	0	3834	97	0	0	1618	86	2216	11
V1-A-120	V1	A	1	8	2	10	15	30	25	15	3	2			9	9	2	29	2	青森県	2	8	2	2	ok	0	3802	97	0	0	1602	86	2200	11
V1-A-121	V1	A	1	8	2	10	15	30	25	15	3	2			8	9	2	71	43	熊本県	1	2	1	1	ok	0	3814	97	0	0	1608	86	2206	11
V1-A-122	V1	A	1	8	2	10	15	30	25	15	3	2			8	11	2	57	47	沖縄県	2	6	2	3	ok	0	3814	97	0	0	1608	86	2206	11
V1-A-123	V1	A	2	10	2	5	10	25	30	20	5	5			10	9	1	67	11	埼玉県	2	3	2	3	ok	0	3838	97	0	0	1620	86	2218	11
V1-A-124	V1	A	1	8	2	5	15	35	25	15	3	2			9	9	2	44	14	神奈川県	2	3	6	5	ok	0	3834	97	0	0	1618	86	2216	11
V1-A-125	V1	A	1	8	2	5	10	25	30	20	5	5			9	9	1	84	9	栃木県	2	2	1	2	ok	0	3802	97	0	0	1602	86	2200	11
V1-A-126	V1	A	2	10	2	5	10	25	30	20	5	5			10	9	1	36	1	北海道	2	8	6	4	ok	0	3798	97	0	0	1600	86	2198	11
V1-A-127	V1	A	2	10	2	5	10	25	35	15	5	5			10	9	1	40	22	静岡県	2	1	6	7	ok	0	3800	97	0	0	1601	86	2199	11
V1-A-128	V1	A	1	8	2	5	10	30	30	15	5	5			9	9	1	59	27	大阪府	1	8	2	8	ok	0	3818	97	0	0	1610	86	2208	11
V1-A-129	V1	A	1	8	2	10	15	30	25	15	3	2			8	9	2	53	27	大阪府	2	1	6	1	ok	0	3790	97	0	0	1596	86	2194	11
V1-A-130	V1	A	1	8	2	10	15	30	25	15	3	2			8	9	2	61	8	茨城県	1	9	2	3	ok	0	3812	97	0	0	1607	86	2205	11
V1-A-131	V1	A	1	8	2	5	10	30	30	15	5	5			9	9	2	76	28	兵庫県	2	1	2	1	ok	0	3796	97	0	0	1599	86	2197	11
V1-A-132	V1	A	1	8	2	10	15	30	25	15	3	2			9	9	2	54	23	愛知県	2	8	2	3	ok	0	3804	97	0	0	1603	86	2201	11
V1-A-133	V1	A	2	10	2	5	10	25	30	20	5	5			9	9	1	43	28	兵庫県	1	1	6	3	ok	0	3820	97	0	0	1611	86	2209	11
V1-A-134	V1	A	2	10	2	5	10	25	30	20	5	5			10	9	1	54	13	東京都	1	1	6	4	ok	0	3816	97	0	0	1609	86	2207	11
V1-A-135	V1	A	1	8	2	10	15	30	25	15	3	2			9	9	1	24	23	愛知県	2	8	2	1	ok	0	3796	97	0	0	1599	86	2197	11
V1-A-136	V1	A	2	10	2	5	10	25	30	20	5	5			10	9	1	63	13	東京都	1	1	7	1	ok	0	3810	97	0	0	1606	86	2204	11
V1-A-137	V1	A	1	8	2	5	10	30	30	15	5	5			9	9	2	61	13	東京都	1	6	2	6	ok	0	3830	97	0	0	1616	86	2214	11
V1-A-138	V1	A	1	8	2	10	15	30	25	15	3	2			8	9	2	88	23	愛知県	1	8	2	3	ok	0	3824	97	0	0	1613	86	2211	11
V1-A-139	V1	A	2	10	2	5	10	25	30	20	5	5			10	9	1	55	14	神奈川県	1	1	6	5	ok	0	3820	97	0	0	1611	86	2209	11
V1-A-140	V1	A	1	8	2	5	10	30	30	15	5	5			9	9	2	30	13	東京都	2	1	2	3	ok	0	3800	97	0	0	1601	86	2199	11
V1-A-141	V1	A	2	10	2	5	10	25	30	20	5	5			10	9	2	31	23	愛知県	2	3	6	4	ok	0	3832	97	0	0	1617	86	2215	11
V1-A-142	V1	A	2	11	2	5	10	20	30	25	5	5			10	9	2	20	40	福岡県	1	1	2	1	ok	0	3814	97	0	0	1608	86	2206	11
V1-A-143	V1	A	2	10	2	5	10	25	30	20	7	3			10	9	2	46	13	東京都	1	4	5	5	ok	0	3814	97	0	0	1608	86	2206	11
V1-A-144	V1	A	1	8	2	5	10	30	30	15	5	5			9	9	2	76	14	神奈川県	2	1	2	4	ok	0	3804	97	0	0	1603	86	2201	11
V1-A-145	V1	A	1	8	2	10	15	30	25	15	3	2			9	11	1	34	26	京都府	2	7	6	1	ok	0	3800	97	0	0	1601	86	2199	11
V1-A-146	V1	A	2	10	2	5	10	25	30	20	5	5			10	9	2	28	13	東京都	1	1	6	3	ok	0	3816	97	0	0	1609	86	2207	11
V1-A-147	V1	A	1	8	2	10	15	30	25	15	3	2			8	9	2	70	1	北海道	1	8	6	4	ok	0	3818	97	0	0	1610	86	2208	11
V1-A-148	V1	A	1	8	2	10	15	30	25	15	3	2			9	9	1	76	27	大阪府	2	7	6	1	ok	0	3802	97	0	0	1602	86	2200	11
V1-A-149	V1	A	1	8	2	10	15	30	25	15	3	2			8	11	2	29	28	兵庫県	1	6	5	1	ok	0	3826	97	0	0	1614	86	2212	11
V1-A-150	V1	A	1	8	2	10	15	30	25	15	3	2			9	9	2	69	27	大阪府	2	8	2	6	ok	0	3804	97	0	0	1603	86	2201	11
V1-A-151	V1	A	1	8	2	5	10	30	30	15	5	5			9	9	2	55	1	北海道	1	8	4	5	ok	0	3822	97	0	0	1612	86	2210	11
V1-A-152	V1	A	1	8	2	5	10	30	30	15	5	5			9	9	2	63	29	奈良県	2	9	2	8	ok	0	3786	97	0	0	1594	86	2192	11
V1-A-153	V1	A	1	8	2	5	10	30	30	15	5	5			9	9	2	28	23	愛知県	1	2	6	1	ok	0	3804	97	0	0	1603	86	2201	11
V1-A-154	V1	A	1	8	2	10	15	30	20	15	5	5			8	11	2	83	11	埼玉県	1	3	1	1	ok	0	3856	97	0	0	1629	86	2227	11
V1-A-155	V1	A	1	8	2	5	15	30	25	15	5	5			9	11	2	58	26	京都府	2	8	2	5	ok	0	3802	97	0	0	1602	86	2200	11
V1-A-156	V1	A	1	8	2	10	15	30	25	15	3	2			9	9	1	53	40	福岡県	1	7	2	4	ok	0	3834	97	0	0	1618	86	2216	11
V1-A-157	V1	A	2	10	2	5	10	25	30	20	5	5			9	9	2	42	23	愛知県	2	1	6	5	ok	0	3798	97	0	0	1600	86	2198	11
V1-A-158	V1	A	1	8	2	10	15	30	25	15	3	2			9	9	1	74	11	埼玉県	2	7	2	1	ok	0	3808	97	0	0	1605	86	2203	11
V1-A-159	V1	A	1	8	2	10	15	30	25	15	3	2			9	9	2	46	28	兵庫県	1	6	2	3	ok	0	3834	97	0	0	1618	86	2216	11
V1-A-160	V1	A	1	8	2	5	10	30	30	15	5	5			9	9	1	60	13	東京都	2	7	6	4	ok	0	3808	97	0	0	1605	86	2203	11
V1-A-161	V1	A	2	10	2	5	10	25	35	15	5	5			10	9	1	38	13	東京都	1	9	7	3	ok	0	3808	97	0	0	1605	86	2203	11
V1-A-162	V1	A	1	8	2	10	15	30	20	15	5	5			8	9	2	85	27	大阪府	1	6	1	1	ok	0	3830	97	0	0	1616	86	2214	11
V1-A-163	V1	A	1	8	2	5	15	30	25	15	5	5			9	9	1	43	14	神奈川県	2	6	6	1	ok	0	3802	97	0	0	1602	86	2200	11
V1-A-164	V1	A	1	8	2	10	15	30	25	15	3	2			8	11	1	21	13	東京都	1	6	2	1	ok	0	3822	97	0	0	1612	86	2210	11
V1-A-165	V1	A	1	8	2	5	10	30	30	15	5	5			9	9	1	79	26	京都府	2	8	2	6	ok	0	3802	97	0	0	1602	86	2200	11
V1-A-166	V1	A	1	8	2	5	10	30	30	15	5	5			9	9	2	67	12	千葉県	1	8	2	5	ok	0	3824	97	0	0	1613	86	2211	11
V1-A-167	V1	A	2	10	2	5	10	25	30	20	5	5			10	9	2	43	27	大阪府	1	1	6	5	ok	0	3818	97	0	0	1610	86	2208	11
V1-A-168	V1	A	1	8	2	10	15	30	25	15	3	2			9	11	1	24	13	東京都	1	6	6	1	ok	0	3818	97	0	0	1610	86	2208	11
V1-A-169	V1	A	1	8	2	5	15	35	25	15	3	2			9	11	1	33	13	東京都	1	6	6	4	ok	0	3826	97	0	0	1614	86	2212	11
V1-A-170	V1	A	1	8	2	10	15	30	20	15	5	5			9	9	2	88	40	福岡県	2	1	2	2	ok	0	3802	97	0	0	1602	86	2200	11
V1-A-171	V1	A	1	8	2	10	15	30	20	15	5	5			8	9	2	20	9	栃木県	1	8	2	2	ok	0	3824	97	0	0	1613	86	2211	11
V1-A-172	V1	A	1	8	2	5	10	30	30	15	5	5			9	9	2	56	27	大阪府	1	1	3	3	ok	0	3826	97	0	0	1614	86	2212	11
V1-A-173	V1	A	1	8	2	10	15	30	25	15	3	2			8	9	2	74	28	兵庫県	1	6	4	4	ok	0	3834	97	0	0	1618	86	2216	11
V1-A-174	V1	A	1	8	2	5	10	30	30	15	5	5			9	9	2	65	27	大阪府	2	8	2	6	ok	0	3804	97	0	0	1603	86	2201	11
V1-A-175	V1	A	2	10	2	5	10	25	30	20	5	5			9	11	1	45	14	神奈川県	1	3	2	1	ok	0	3850	97	0	0	1626	86	2224	11
V1-A-176	V1	A	1	8	2	10	15	30	25	10	5	5			9	9	1	22	33	岡山県	1	7	4	2	ok	0	3834	97	0	0	1618	86	2216	11
V1-A-177	V1	A	1	8	2	10	15	30	25	15	3	2			8	9	1	82	7	福島県	2	1	1	2	ok	0	3806	97	0	0	1604	86	2202	11
V1-A-178	V1	A	1	8	2	5	15	30	25	15	5	5			9	9	2	63	23	愛知県	1	1	5	1	ok	0	3814	97	0	0	1608	86	2206	11
V1-A-179	V1	A	2	10	2	5	10	25	30	20	5	5			10	9	1	52	14	神奈川県	2	6	6	7	ok	0	3812	97	0	0	1607	86	2205	11
V1-A-180	V1	A	2	10	2	5	10	25	30	20	7	3			10	9	1	54	24	三重県	1	1	6	7	ok	0	3818	97	0	0	1610	86	2208	11
V1-A-181	V1	A	1	8	2	10	15	30	25	15	3	2			8	9	2	28	1	北海道	1	6	5	1	ok	0	3822	97	0	0	1612	86	2210	11
V1-A-182	V1	A	2	10	2	5	10	25	30	20	7	3			9	9	2	36	23	愛知県	1	1	7	2	ok	0	3820	97	0	0	1611	86	2209	11
V1-A-183	V1	A	2	10	2	5	10	25	30	20	5	5			9	9	2	39	17	石川県	2	8	2	4	ok	0	3802	97	0	0	1602	86	2200	11
V1-A-184	V1	A	1	8	2	5	10	30	30	15	5	5			9	9	1	47	13	東京都	2	6	2	2	ok	0	3810	97	0	0	1606	86	2204	11
V1-A-185	V1	A	1	8	2	5	15	30	25	15	5	5			9	9	2	55	28	兵庫県	1	6	4	3	ok	0	3834	97	0	0	1618	86	2216	11
V1-A-186	V1	A	1	8	2	5	15	30	25	15	5	5			9	9	2	46	1	北海道	1	1	5	8	ok	0	3814	97	0	0	1608	86	2206	11
V1-A-187	V1	A	1	8	2	5	15	30	25	15	5	5			9	9	1	78	27	大阪府	2	7	6	1	ok	0	3802	97	0	0	1602	86	2200	11
V1-A-188	V1	A	1	8	2	10	15	30	25	15	3	2			8	9	2	66	6	山形県	1	2	1	5	ok	0	3820	97	0	0	1611	86	2209	11
V1-A-189	V1	A	1	8	2	5	15	30	25	15	5	5			9	9	1	53	11	埼玉県	1	8	2	1	ok	0	3818	97	0	0	1610	86	2208	11
V1-A-190	V1	A	1	8	2	10	15	30	25	15	3	2			9	9	2	73	13	東京都	2	6	5	3	ok	0	3810	97	0	0	1606	86	2204	11
V1-A-191	V1	A	1	8	2	5	10	25	30	20	5	5			9	9	2	50	40	福岡県	2	1	5	4	ok	0	3802	97	0	0	1602	86	2200	11
V1-A-192	V1	A	1	8	2	5	15	30	25	15	5	5			9	11	2	30	13	東京都	2	1	6	2	ok	0	3796	97	0	0	1599	86	2197	11
V1-A-193	V1	A	1	8	2	10	15	30	20	15	5	5			8	9	2	91	13	東京都	1	8	1	1	ok	0	3820	97	0	0	1611	86	2209	11
V1-A-194	V1	A	1	8	2	10	15	30	25	15	3	2			8	9	2	69	1	北海道	2	7	2	1	ok	0	3804	97	0	0	1603	86	2201	11
V1-A-195	V1	A	1	8	2	10	15	30	25	15	3	2			8	9	2	84	13	東京都	1	8	2	3	ok	0	3822	97	0	0	1612	86	2210	11
V1-A-196	V1	A	1	8	2	5	10	30	30	15	5	5			9	11	2	66	13	東京都	1	2	2	2	ok	0	3814	97	0	0	1608	86	2206	11
V1-A-197	V1	A	2	10	2	5	10	25	30	20	5	5			10	9	1	35	46	鹿児島県	2	8	6	5	ok	0	3804	97	0	0	1603	86	2201	11
V1-A-198	V1	A	1	8	2	5	10	30	30	15	5	5			9	9	2	43	13	東京都	1	8	4	4	ok	0	3822	97	0	0	1612	86	2210	11
V1-A-199	V1	A	1	8	2	10	15	30	25	15	3	2			9	11	1	49	27	大阪府	2	8	6	2	ok	0	3800	97	0	0	1601	86	2199	11
V1-A-200	V1	A	1	8	2	10	15	30	25	15	3	2			9	9	2	88	14	神奈川県	1	8	4	6	ok	0	3826	97	0	0	1614	86	2212	11
V1-A-201	V1	A	1	8	2	5	10	30	30	15	5	5			9	9	2	52	13	東京都	2	1	2	2	ok	0	3800	97	0	0	1601	86	2199	11
V1-A-202	V1	A	2	11	2	5	10	20	30	20	10	5			9	9	1	20	13	東京都	1	8	2	1	ok	0	3814	97	0	0	1608	86	2206	11
V1-A-203	V1	A	2	10	2	5	10	25	30	20	5	5			10	9	1	67	12	千葉県	2	7	6	8	ok	0	3804	97	0	0	1603	86	2201	11
V1-A-204	V1	A	1	8	2	10	15	30	25	15	3	2			8	11	2	41	11	埼玉県	2	8	4	2	ok	0	3806	97	0	0	1604	86	2202	11
V1-A-205	V1	A	1	8	2	10	15	30	25	15	3	2			9	9	2	43	15	新潟県	2	2	2	2	ok	0	3796	97	0	0	1599	86	2197	11
V1-A-206	V1	A	1	8	2	5	10	30	30	15	5	5			9	9	2	41	22	静岡県	1	1	4	5	ok	0	3822	97	0	0	1612	86	2210	11
V1-A-207	V1	A	1	8	2	10	15	30	25	15	3	2			8	11	2	71	32	島根県	2	1	5	2	ok	0	3800	97	0	0	1601	86	2199	11
V1-A-208	V1	A	1	8	2	5	15	35	25	15	3	2			9	11	2	62	27	大阪府	2	1	6	4	ok	0	3798	97	0	0	1600	86	2198	11
V1-A-209	V1	A	1	8	2	10	15	30	25	15	3	2			9	9	2	27	13	東京都	1	2	4	1	ok	0	3806	97	0	0	1604	86	2202	11
V1-A-210	V1	A	2	10	2	5	10	25	30	20	5	5			10	9	1	21	13	東京都	1	7	6	2	ok	0	3828	97	0	0	1615	86	2213	11
V1-A-211	V1	A	1	8	2	10	15	30	25	15	3	2			8	11	2	85	26	京都府	1	8	1	4	ok	0	3828	97	0	0	1615	86	2213	11
V1-A-212	V1	A	1	8	2	5	15	30	25	15	7	3			9	9	1	74	27	大阪府	2	1	6	1	ok	0	3790	97	0	0	1596	86	2194	11
V1-A-213	V1	A	2	11	2	5	10	25	30	20	5	5			9	9	1	53	14	神奈川県	2	7	7	4	ok	0	3814	97	0	0	1608	86	2206	11
V1-A-214	V1	A	1	8	2	10	15	30	25	15	3	2			9	9	2	42	13	東京都	2	7	2	2	ok	0	3812	97	0	0	1607	86	2205	11
V1-A-215	V1	A	1	8	2	5	10	30	30	15	5	5			9	11	1	52	12	千葉県	2	8	2	3	ok	0	3804	97	0	0	1603	86	2201	11
V1-A-216	V1	A	1	8	2	10	15	30	25	15	3	2			9	9	1	89	13	東京都	2	8	6	1	ok	0	3790	97	0	0	1596	86	2194	11
V1-A-217	V1	A	1	8	2	10	15	25	25	15	5	5			8	11	2	84	12	千葉県	1	1	1	1	ok	0	3820	97	0	0	1611	86	2209	11
V1-A-218	V1	A	1	8	2	5	15	30	25	15	5	5			9	9	2	54	14	神奈川県	2	3	2	3	ok	0	3838	97	0	0	1620	86	2218	11
V1-A-219	V1	A	1	8	2	5	10	25	30	20	5	5			9	9	2	73	23	愛知県	2	8	2	6	ok	0	3804	97	0	0	1603	86	2201	11
V1-A-220	V1	A	1	8	2	10	15	30	25	15	3	2			8	9	2	79	27	大阪府	2	8	2	1	ok	0	3796	97	0	0	1599	86	2197	11
V1-A-221	V1	A	2	10	2	5	10	25	30	20	5	5			10	9	1	34	6	山形県	2	1	4	4	ok	0	3800	97	0	0	1601	86	2199	11
V1-A-222	V1	A	2	10	2	5	10	25	30	20	5	5			10	9	1	71	22	静岡県	2	1	1	3	ok	0	3808	97	0	0	1605	86	2203	11
V1-A-223	V1	A	1	8	2	5	10	30	30	15	5	5			9	9	2	30	13	東京都	2	7	6	3	ok	0	3808	97	0	0	1605	86	2203	11
V1-A-224	V1	A	1	8	2	5	10	30	30	15	5	5			9	9	1	39	13	東京都	1	1	6	3	ok	0	3816	97	0	0	1609	86	2207	11
V1-A-225	V1	A	1	8	2	5	10	30	30	15	5	5			9	9	2	38	15	新潟県	2	1	6	4	ok	0	3798	97	0	0	1600	86	2198	11
V1-A-226	V1	A	1	8	2	5	10	30	30	15	5	5			9	9	2	45	34	広島県	2	7	6	5	ok	0	3808	97	0	0	1605	86	2203	11
V1-A-227	V1	A	2	10	2	5	10	25	30	20	5	5			9	9	1	70	13	東京都	2	1	2	2	ok	0	3800	97	0	0	1601	86	2199	11
V1-A-228	V1	A	2	10	2	5	10	25	30	20	5	5			10	9	1	23	40	福岡県	1	8	2	1	ok	0	3816	97	0	0	1609	86	2207	11
V1-A-229	V1	A	1	8	2	5	10	25	30	20	5	5			9	9	1	65	34	広島県	2	1	2	3	ok	0	3800	97	0	0	1601	86	2199	11
V1-A-230	V1	A	2	10	2	5	10	25	30	20	5	5			10	9	1	64	7	福島県	2	4	6	5	ok	0	3790	97	0	0	1596	86	2194	11
V1-A-231	V1	A	1	8	2	10	15	30	25	15	3	2			9	11	2	31	27	大阪府	1	1	2	2	ok	0	3822	97	0	0	1612	86	2210	11
V1-A-232	V1	A	1	8	2	10	15	30	25	15	3	2			9	9	2	22	7	福島県	1	8	5	2	ok	0	3822	97	0	0	1612	86	2210	11
V1-A-233	V1	A	1	8	2	5	15	30	25	15	5	5			9	9	1	42	14	神奈川県	2	6	4	4	ok	0	3814	97	0	0	1608	86	2206	11
V1-A-234	V1	A	1	8	2	5	15	30	25	15	5	5			9	9	2	69	28	兵庫県	2	1	2	4	ok	0	3804	97	0	0	1603	86	2201	11
V1-A-235	V1	A	1	8	2	10	15	30	25	15	3	2			9	11	2	25	2	青森県	2	7	6	1	ok	0	3800	97	0	0	1601	86	2199	11
V1-A-236	V1	A	1	8	2	5	10	30	30	20	3	2			9	9	1	66	14	神奈川県	1	1	2	1	ok	0	3816	97	0	0	1609	86	2207	11
V1-A-237	V1	A	1	8	2	5	15	35	25	15	3	2			9	9	1	71	12	千葉県	1	8	6	2	ok	0	3820	97	0	0	1611	86	2209	11
V1-A-238	V1	A	1	8	2	5	15	30	25	15	5	5			9	9	2	32	26	京都府	2	8	4	4	ok	0	3802	97	0	0	1602	86	2200	11
V1-A-239	V1	A	1	8	2	5	10	30	30	15	5	5			9	9	2	57	28	兵庫県	2	7	2	5	ok	0	3816	97	0	0	1609	86	2207	11
V1-A-240	V1	A	2	10	2	5	10	25	30	20	5	5			10	9	2	20	12	千葉県	1	2	5	1	ok	0	3808	97	0	0	1605	86	2203	11
V1-A-241	V1	A	1	8	2	5	10	30	30	15	5	5			9	9	1	84	10	群馬県	2	8	1	2	ok	0	3810	97	0	0	1606	86	2204	11
V1-A-242	V1	A	1	8	2	10	15	30	20	15	5	5			8	9	2	88	22	静岡県	2	8	1	4	ok	0	3810	97	0	0	1606	86	2204	11
V1-A-243	V1	A	1	8	2	5	10	30	30	15	5	5			9	9	1	63	42	長崎県	2	1	2	3	ok	0	3802	97	0	0	1602	86	2200	11
V1-A-244	V1	A	1	8	2	10	15	30	25	15	3	2			9	9	1	82	14	神奈川県	2	1	1	1	ok	0	3802	97	0	0	1602	86	2200	11
V1-A-245	V1	A	1	8	2	5	15	35	25	15	3	2			9	9	1	76	26	京都府	1	2	6	1	ok	0	3802	97	0	0	1602	86	2200	11
V1-A-246	V1	A	1	8	2	5	15	35	25	15	3	2			9	9	2	32	28	兵庫県	2	9	6	5	ok	0	3788	95	0	0	1596	84	2192	11
V1-A-247	V1	A	1	8	2	5	10	30	30	15	5	5			9	9	2	64	15	新潟県	2	6	2	2	ok	0	3812	97	0	0	1607	86	2205	11
V1-A-248	V1	A	1	8	2	10	15	30	25	15	3	2			8	11	2	77	13	東京都	1	1	1	1	ok	0	3818	97	0	0	1610	86	2208	11
V1-A-249	V1	A	1	8	2	5	10	30	30	15	5	5			9	9	2	42	43	熊本県	1	8	4	5	ok	0	3824	97	0	0	1613	86	2211	11
V1-A-250	V1	A	2	10	2	5	10	25	30	20	5	5			10	9	1	21	9	栃木県	1	2	2	3	ok	0	3816	97	0	0	1609	86	2207	11
V1-B-001	V1	B	2	10	2	5	10	25	30	20	5	5	2	1	10	9	1	48	38	愛媛県	2	1	6	5	ok	0	3958	105	0	0	1601	86	2357	19
V1-B-002	V1	B	1	8	2	10	15	30	25	15	3	2	2	1	9	9	1	73	13	東京都	2	6	2	2	ok	0	3968	105	0	0	1606	86	2362	19
V1-B-003	V1	B	2	10	2	5	10	25	35	15	5	5	2	1	10	9	1	38	30	和歌山県	2	1	6	8	ok	0	3952	105	0	0	1598	86	2354	19
V1-B-004	V1	B	1	8	2	5	10	30	30	15	5	5	2	1	9	9	2	26	24	三重県	2	2	5	1	ok	0	3942	103	0	0	1594	84	2348	19
V1-B-005	V1	B	1	8	2	10	15	30	25	15	3	2	2	1	8	9	1	78	11	埼玉県	2	1	1	2	ok	0	3968	105	0	0	1606	86	2362	19
V1-B-006	V1	B	1	8	2	5	15	30	25	15	5	5	2	1	9	9	2	52	14	神奈川県	2	7	2	5	ok	0	3974	105	0	0	1609	86	2365	19
V1-B-007	V1	B	1	8	2	10	15	30	20	15	5	5	2	1	8	9	2	82	10	群馬県	1	2	2	1	ok	0	3966	105	0	0	1605	86	2361	19
V1-B-008	V1	B	1	8	2	10	15	30	25	15	3	2	2	1	9	11	2	39	33	岡山県	2	1	1	4	ok	0	3966	105	0	0	1605	86	2361	19
V1-B-009	V1	B	1	8	2	5	10	30	30	15	5	5	2	1	9	11	2	78	7	福島県	1	6	4	4	ok	0	3988	105	0	0	1616	86	2372	19
V1-B-010	V1	B	1	8	2	10	15	30	25	15	3	2	2	1	9	9	2	24	28	兵庫県	1	1	2	3	ok	0	3982	105	0	0	1613	86	2369	19
V1-B-011	V1	B	2	10	2	5	10	25	30	20	5	5	2	1	10	9	1	39	13	東京都	1	2	2	4	ok	0	3972	105	0	0	1608	86	2364	19
V1-B-012	V1	B	1	8	2	5	10	30	30	15	5	5	2	1	9	9	2	71	27	大阪府	1	8	2	4	ok	0	3982	105	0	0	1613	86	2369	19
V1-B-013	V1	B	1	8	2	10	15	30	25	15	3	2	2	1	9	9	2	75	1	北海道	2	8	1	2	ok	0	3966	105	0	0	1605	86	2361	19
V1-B-014	V1	B	1	8	2	10	20	30	20	10	5	5	2	1	8	11	2	60	40	福岡県	2	7	2	2	ok	0	3970	103	0	0	1608	84	2362	19
V1-B-015	V1	B	1	8	2	10	15	30	20	15	5	5	2	1	8	9	2	75	27	大阪府	2	1	1	1	ok	0	3958	105	0	0	1601	86	2357	19
V1-B-016	V1	B	2	10	2	5	10	25	30	20	5	5	2	1	10	9	2	36	12	千葉県	2	1	2	6	ok	0	3960	105	0	0	1602	86	2358	19
V1-B-017	V1	B	1	8	2	5	10	30	30	15	5	5	2	1	9	9	1	74	29	奈良県	2	8	6	5	ok	0	3958	105	0	0	1601	86	2357	19
V1-B-018	V1	B	1	8	2	5	15	35	25	15	3	2	2	1	9	9	1	75	40	福岡県	2	1	2	2	ok	0	3960	105	0	0	1602	86	2358	19
V1-B-019	V1	B	1	8	2	5	10	30	30	15	5	5	2	1	9	9	1	58	9	栃木県	1	8	6	4	ok	0	3978	105	0	0	1611	86	2367	19
V1-B-020	V1	B	1	8	2	5	15	30	25	15	5	5	2	1	8	9	2	83	13	東京都	1	1	2	1	ok	0	3970	105	0	0	1607	86	2363	19
V1-B-021	V1	B	1	8	2	5	15	30	25	15	5	5	2	1	9	9	1	88	14	神奈川県	2	8	6	4	ok	0	3960	105	0	0	1602	86	2358	19
V1-B-022	V1	B	1	8	2	5	10	30	30	15	5	5	2	1	9	9	2	69	33	岡山県	2	8	5	2	ok	0	3962	105	0	0	1603	86	2359	19
V1-B-023	V1	B	1	8	2	5	10	30	25	20	5	5	2	1	9	9	2	82	29	奈良県	2	1	2	3	ok	0	3960	105	0	0	1602	86	2358	19
V1-B-024	V1	B	1	8	2	5	15	30	25	15	5	5	2	1	9	9	2	31	27	大阪府	1	1	2	4	ok	0	3980	105	0	0	1612	86	2368	19
V1-B-025	V1	B	1	8	2	10	15	30	20	15	5	5	2	1	8	9	2	91	12	千葉県	1	6	1	1	ok	0	3988	105	0	0	1616	86	2372	19
V1-B-026	V1	B	1	8	2	5	10	30	30	15	5	5	2	1	9	11	2	58	40	福岡県	2	2	6	2	ok	0	3950	105	0	0	1597	86	2353	19
V1-B-027	V1	B	1	8	2	10	15	30	25	15	3	2	2	1	9	9	2	38	4	宮城県	1	8	5	1	ok	0	3974	105	0	0	1609	86	2365	19
V1-B-028	V1	B	1	8	2	10	15	30	25	15	3	2	2	1	9	9	2	63	27	大阪府	1	3	2	5	ok	0	4014	105	0	0	1629	86	2385	19
V1-B-029	V1	B	1	8	2	10	15	30	25	15	3	2	2	1	8	9	2	57	37	香川県	2	8	4	1	ok	0	3952	105	0	0	1598	86	2354	19
V1-B-030	V1	B	1	8	2	5	15	30	25	15	5	5	2	1	9	9	2	68	14	神奈川県	2	7	2	1	ok	0	3966	105	0	0	1605	86	2361	19
V1-B-031	V1	B	1	8	2	10	15	30	25	15	3	2	2	1	9	11	2	24	12	千葉県	1	8	4	2	ok	0	3982	105	0	0	1613	86	2369	19
V1-B-032	V1	B	2	10	2	5	10	30	30	15	5	5	2	1	10	9	1	52	14	神奈川県	2	2	6	2	ok	0	3952	105	0	0	1598	86	2354	19
V1-B-033	V1	B	1	8	2	10	15	30	25	15	3	2	2	1	9	9	2	77	13	東京都	1	8	2	2	ok	0	3980	105	0	0	1612	86	2368	19
V1-B-034	V1	B	1	8	2	5	10	30	30	15	5	5	2	1	9	9	2	53	13	東京都	2	8	4	5	ok	0	3960	105	0	0	1602	86	2358	19
V1-B-035	V1	B	1	8	2	10	15	30	25	15	3	2	2	1	9	9	2	77	14	神奈川県	2	8	2	1	ok	0	3956	105	0	0	1600	86	2356	19
V1-B-036	V1	B	2	10	2	5	10	25	35	15	5	5	2	1	10	9	2	53	26	京都府	2	4	7	6	ok	0	3950	105	0	0	1597	86	2353	19
V1-B-037	V1	B	1	8	2	10	15	30	25	15	3	2	2	1	9	11	2	36	27	大阪府	2	8	4	5	ok	0	3962	105	0	0	1603	86	2359	19
V1-B-038	V1	B	1	8	2	5	15	30	25	15	5	5	2	1	9	9	2	38	27	大阪府	2	8	6	3	ok	0	3956	103	0	0	1601	84	2355	19
V1-B-039	V1	B	2	10	2	5	10	25	30	20	5	5	2	1	10	9	1	24	13	東京都	1	8	4	3	ok	0	3980	105	0	0	1612	86	2368	19
V1-B-040	V1	B	2	10	2	5	10	30	30	15	5	5	2	1	10	9	1	50	14	神奈川県	2	3	7	5	ok	0	3994	105	0	0	1619	86	2375	19
V1-B-041	V1	B	1	8	2	5	15	30	25	15	5	5	2	1	9	9	2	63	14	神奈川県	2	6	5	6	ok	0	3972	105	0	0	1608	86	2364	19
V1-B-042	V1	B	2	10	2	5	10	25	30	20	5	5	2	1	10	9	1	86	15	新潟県	2	1	2	6	ok	0	3960	105	0	0	1602	86	2358	19
V1-B-043	V1	B	1	8	2	5	15	30	25	15	5	5	2	1	9	9	2	40	40	福岡県	2	8	2	6	ok	0	3962	105	0	0	1603	86	2359	19
V1-B-044	V1	B	1	8	2	5	10	30	30	15	5	5	2	1	9	9	2	68	12	千葉県	2	1	2	7	ok	0	3962	105	0	0	1603	86	2359	19
V1-B-045	V1	B	1	8	2	5	15	30	25	15	7	3	2	1	9	9	1	51	1	北海道	2	7	6	6	ok	0	3966	105	0	0	1605	86	2361	19
V1-B-046	V1	B	1	8	2	5	10	30	30	15	5	5	2	1	9	11	1	36	14	神奈川県	2	8	6	1	ok	0	3952	105	0	0	1598	86	2354	19
V1-B-047	V1	B	2	10	2	5	10	25	30	20	5	5	2	1	10	9	1	48	7	福島県	2	1	1	5	ok	0	3964	105	0	0	1604	86	2360	19
V1-B-048	V1	B	1	8	2	10	15	30	25	15	3	2	2	1	9	9	2	74	26	京都府	2	8	2	6	ok	0	3960	105	0	0	1602	86	2358	19
V1-B-049	V1	B	2	11	2	5	10	25	30	20	5	5	2	1	10	9	1	55	13	東京都	2	8	6	2	ok	0	3956	105	0	0	1600	86	2356	19
V1-B-050	V1	B	1	8	2	5	10	25	30	20	5	5	2	1	9	9	2	27	23	愛知県	1	8	4	3	ok	0	3982	105	0	0	1613	86	2369	19
V1-B-051	V1	B	1	8	2	10	15	30	25	15	3	2	2	1	8	11	2	74	14	神奈川県	2	1	2	2	ok	0	3962	105	0	0	1603	86	2359	19
V1-B-052	V1	B	1	8	2	10	15	30	25	15	3	2	2	1	8	11	1	70	9	栃木県	1	1	1	1	ok	0	3978	105	0	0	1611	86	2367	19
V1-B-053	V1	B	2	10	2	5	10	25	30	20	5	5	2	1	10	9	1	26	27	大阪府	1	8	7	3	ok	0	3980	105	0	0	1612	86	2368	19
V1-B-054	V1	B	2	10	2	5	10	25	30	20	5	5	2	1	10	9	2	28	21	岐阜県	1	3	6	1	ok	0	4004	105	0	0	1624	86	2380	19
V1-B-055	V1	B	2	10	2	5	10	25	30	20	5	5	2	1	10	9	2	40	23	愛知県	1	1	2	5	ok	0	3980	105	0	0	1612	86	2368	19
V1-B-056	V1	B	2	10	2	5	10	25	30	20	5	5	2	1	10	9	1	60	23	愛知県	2	3	6	6	ok	0	3990	105	0	0	1617	86	2373	19
V1-B-057	V1	B	1	8	2	10	15	30	25	10	5	5	2	1	8	11	1	47	1	北海道	2	6	1	5	ok	0	3974	105	0	0	1609	86	2365	19
V1-B-058	V1	B	1	8	2	10	15	30	25	15	3	2	2	1	8	9	2	80	7	福島県	2	6	1	4	ok	0	3974	105	0	0	1609	86	2365	19
V1-B-059	V1	B	2	10	2	5	10	25	30	20	5	5	2	1	10	9	1	27	24	三重県	2	1	2	6	ok	0	3958	105	0	0	1601	86	2357	19
V1-B-060	V1	B	2	10	2	5	10	25	30	20	5	5	2	1	10	9	1	30	28	兵庫県	2	7	2	5	ok	0	3974	105	0	0	1609	86	2365	19
V1-B-061	V1	B	2	10	2	5	10	25	30	20	5	5	2	1	10	9	1	85	40	福岡県	2	1	6	2	ok	0	3956	105	0	0	1600	86	2356	19
V1-B-062	V1	B	2	11	2	5	10	25	30	20	5	5	2	1	10	9	2	38	13	東京都	2	8	6	2	ok	0	3956	105	0	0	1600	86	2356	19
V1-B-063	V1	B	2	10	2	5	10	25	30	20	5	5	2	1	10	9	1	23	26	京都府	1	8	2	2	ok	0	3980	105	0	0	1612	86	2368	19
V1-B-064	V1	B	1	8	2	10	15	30	25	15	3	2	2	1	9	11	2	34	22	静岡県	2	8	6	4	ok	0	3958	105	0	0	1601	86	2357	19
V1-B-065	V1	B	2	10	2	5	10	25	30	20	5	5	2	1	10	9	1	31	43	熊本県	2	2	4	5	ok	0	3954	105	0	0	1599	86	2355	19
V1-B-066	V1	B	1	8	2	10	15	30	20	15	5	5	2	1	8	9	2	93	17	石川県	1	7	1	2	ok	0	3996	105	0	0	1620	86	2376	19
V1-B-067	V1	B	1	8	2	5	10	30	30	15	5	5	2	1	9	9	1	91	13	東京都	2	1	2	3	ok	0	3958	105	0	0	1601	86	2357	19
V1-B-068	V1	B	1	8	2	10	15	30	25	15	3	2	2	1	9	9	2	51	3	岩手県	2	1	4	5	ok	0	3960	105	0	0	1602	86	2358	19
V1-B-069	V1	B	1	8	2	5	10	30	30	15	5	5	2	1	9	9	2	50	11	埼玉県	2	8	6	6	ok	0	3960	105	0	0	1602	86	2358	19
V1-B-070	V1	B	1	8	2	10	15	30	25	15	3	2	2	1	9	9	2	21	28	兵庫県	2	8	2	3	ok	0	3964	105	0	0	1604	86	2360	19
V1-B-071	V1	B	1	8	2	5	15	35	25	15	3	2	2	1	9	9	2	28	35	山口県	2	6	6	1	ok	0	3956	105	0	0	1600	86	2356	19
V1-B-072	V1	B	1	8	2	5	10	30	30	15	5	5	2	1	9	9	1	63	12	千葉県	2	1	2	5	ok	0	3960	105	0	0	1602	86	2358	19
V1-B-073	V1	B	1	8	2	10	15	30	25	15	3	2	2	1	9	11	1	44	27	大阪府	2	3	2	1	ok	0	3986	105	0	0	1615	86	2371	19
V1-B-074	V1	B	1	8	2	5	15	30	25	15	5	5	2	1	9	9	2	49	25	滋賀県	2	8	4	3	ok	0	3964	105	0	0	1604	86	2360	19
V1-B-075	V1	B	1	8	2	10	15	30	25	15	3	2	2	1	9	9	2	78	19	山梨県	2	7	2	1	ok	0	3964	105	0	0	1604	86	2360	19
V1-B-076	V1	B	1	8	2	10	15	30	25	15	3	2	2	1	9	9	1	74	12	千葉県	2	1	1	1	ok	0	3958	105	0	0	1601	86	2357	19
V1-B-077	V1	B	2	10	2	5	10	25	30	20	5	5	2	1	10	9	1	57	12	千葉県	2	1	2	5	ok	0	3960	105	0	0	1602	86	2358	19
V1-B-078	V1	B	1	8	2	5	15	35	25	15	3	2	2	1	9	9	2	38	26	京都府	2	1	6	2	ok	0	3954	105	0	0	1599	86	2355	19
V1-B-079	V1	B	1	8	2	10	15	30	25	15	3	2	2	1	9	9	1	28	13	東京都	2	7	7	1	ok	0	3960	105	0	0	1602	86	2358	19
V1-B-080	V1	B	1	8	2	5	10	30	30	15	5	5	2	1	9	9	1	48	12	千葉県	2	7	2	5	ok	0	3970	103	0	0	1608	84	2362	19
V1-B-081	V1	B	1	8	2	10	15	30	25	15	3	2	2	1	9	9	1	84	28	兵庫県	2	8	6	3	ok	0	3960	105	0	0	1602	86	2358	19
V1-B-082	V1	B	1	8	2	10	15	30	25	10	5	5	2	1	9	9	2	39	8	茨城県	2	8	2	1	ok	0	3952	103	0	0	1599	84	2353	19
V1-B-083	V1	B	1	8	2	10	15	30	25	15	3	2	2	1	8	11	1	82	9	栃木県	2	6	1	1	ok	0	3968	105	0	0	1606	86	2362	19
V1-B-084	V1	B	2	10	2	5	10	25	30	20	5	5	2	1	10	9	1	65	5	秋田県	2	1	1	7	ok	0	3968	105	0	0	1606	86	2362	19
V1-B-085	V1	B	1	8	2	5	10	30	25	20	5	5	2	1	9	9	2	84	28	兵庫県	2	1	2	1	ok	0	3954	105	0	0	1599	86	2355	19
V1-B-086	V1	B	2	10	2	5	10	25	30	20	5	5	2	1	10	9	1	50	11	埼玉県	2	2	4	3	ok	0	3956	105	0	0	1600	86	2356	19
V1-B-087	V1	B	1	8	2	10	15	30	25	15	3	2	2	1	8	9	2	79	14	神奈川県	2	8	2	1	ok	0	3956	105	0	0	1600	86	2356	19
V1-B-088	V1	B	1	8	2	5	10	30	30	15	5	5	2	1	9	9	2	65	16	富山県	2	8	6	4	ok	0	3956	105	0	0	1600	86	2356	19
V1-B-089	V1	B	1	8	2	5	10	30	30	15	5	5	2	1	9	9	1	59	28	兵庫県	2	8	2	4	ok	0	3964	105	0	0	1604	86	2360	19
V1-B-090	V1	B	2	10	2	5	10	25	35	15	5	5	2	1	10	9	1	56	12	千葉県	1	1	6	5	ok	0	3976	105	0	0	1610	86	2366	19
V1-B-091	V1	B	1	8	2	5	10	25	30	20	5	5	2	1	9	9	2	41	7	福島県	2	6	2	1	ok	0	3960	105	0	0	1602	86	2358	19
V1-B-092	V1	B	2	10	2	5	10	30	30	15	5	5	2	1	10	9	1	44	23	愛知県	2	3	6	4	ok	0	3990	105	0	0	1617	86	2373	19
V1-B-093	V1	B	1	8	2	5	10	30	30	15	5	5	2	1	9	11	1	81	13	東京都	1	1	2	1	ok	0	3970	105	0	0	1607	86	2363	19
V1-B-094	V1	B	2	10	2	5	10	25	30	20	5	5	2	1	10	9	1	62	11	埼玉県	1	7	6	5	ok	0	3990	105	0	0	1617	86	2373	19
V1-B-095	V1	B	1	8	2	5	10	30	30	15	5	5	2	1	9	9	1	59	7	福島県	2	1	2	2	ok	0	3958	105	0	0	1601	86	2357	19
V1-B-096	V1	B	1	8	2	5	15	30	25	15	5	5	2	1	9	11	2	42	28	兵庫県	2	3	1	3	ok	0	4002	105	0	0	1623	86	2379	19
V1-B-097	V1	B	1	8	2	5	15	30	25	15	5	5	2	1	9	11	2	64	43	熊本県	2	8	2	2	ok	0	3962	105	0	0	1603	86	2359	19
V1-B-098	V1	B	1	8	2	10	15	30	25	15	3	2	2	1	9	9	1	70	23	愛知県	2	2	1	2	ok	0	3960	105	0	0	1602	86	2358	19
V1-B-099	V1	B	1	8	2	10	15	30	25	15	3	2	2	1	9	11	2	43	28	兵庫県	2	8	5	4	ok	0	3962	103	0	0	1604	84	2358	19
V1-B-100	V1	B	1	8	2	5	10	30	30	15	5	5	2	1	9	9	1	43	27	大阪府	1	8	2	3	ok	0	3982	105	0	0	1613	86	2369	19
V1-B-101	V1	B	1	8	2	10	15	30	25	15	3	2	2	1	8	9	2	84	13	東京都	1	7	2	1	ok	0	3982	105	0	0	1613	86	2369	19
V1-B-102	V1	B	2	10	2	5	10	25	30	20	5	5	2	1	10	9	1	52	40	福岡県	2	7	6	5	ok	0	3968	105	0	0	1606	86	2362	19
V1-B-103	V1	B	1	8	2	10	15	30	25	15	3	2	2	1	9	9	1	29	27	大阪府	2	6	6	2	ok	0	3966	105	0	0	1605	86	2361	19
V1-B-104	V1	B	2	10	2	5	10	25	30	20	5	5	2	1	10	9	1	37	40	福岡県	1	8	6	3	ok	0	3978	105	0	0	1611	86	2367	19
V1-B-105	V1	B	1	8	2	5	10	30	30	15	5	5	2	1	9	9	2	40	13	東京都	2	7	6	6	ok	0	3966	105	0	0	1605	86	2361	19
V1-B-106	V1	B	1	8	2	5	15	35	25	15	3	2	2	1	9	11	1	60	40	福岡県	2	2	6	2	ok	0	3950	105	0	0	1597	86	2353	19
V1-B-107	V1	B	1	8	2	5	15	30	25	15	5	5	2	1	9	9	2	77	14	神奈川県	2	1	2	2	ok	0	3962	105	0	0	1603	86	2359	19
V1-B-108	V1	B	2	10	2	5	10	25	30	20	7	3	2	1	10	9	1	44	27	大阪府	2	1	6	5	ok	0	3956	105	0	0	1600	86	2356	19
V1-B-109	V1	B	2	10	2	5	10	25	30	20	5	5	2	1	10	9	1	63	11	埼玉県	1	4	1	6	ok	0	3982	105	0	0	1613	86	2369	19
V1-B-110	V1	B	1	8	2	5	10	30	30	15	5	5	2	1	9	9	1	46	46	鹿児島県	2	1	2	4	ok	0	3964	105	0	0	1604	86	2360	19
V1-B-111	V1	B	1	8	2	10	15	30	25	15	3	2	2	1	9	11	1	40	24	三重県	2	7	6	4	ok	0	3966	105	0	0	1605	86	2361	19
V1-B-112	V1	B	1	8	2	5	10	30	30	15	5	5	2	1	9	9	1	85	8	茨城県	2	2	6	3	ok	0	3950	105	0	0	1597	86	2353	19
V1-B-113	V1	B	1	8	2	5	15	35	25	15	3	2	2	1	9	9	1	55	33	岡山県	2	1	2	4	ok	0	3960	105	0	0	1602	86	2358	19
V1-B-114	V1	B	1	8	2	10	15	30	25	15	3	2	2	1	9	9	2	73	27	大阪府	2	1	1	4	ok	0	3966	105	0	0	1605	86	2361	19
V1-B-115	V1	B	1	8	2	10	15	30	25	15	3	2	2	1	9	9	2	41	27	大阪府	2	2	4	2	ok	0	3954	105	0	0	1599	86	2355	19
V1-B-116	V1	B	1	8	2	10	15	30	25	15	3	2	2	1	9	9	1	64	36	徳島県	1	6	6	1	ok	0	3978	105	0	0	1611	86	2367	19
V1-B-117	V1	B	1	8	2	10	15	30	25	15	3	2	2	1	8	9	2	91	40	福岡県	1	7	1	1	ok	0	3990	105	0	0	1617	86	2373	19
V1-B-118	V1	B	1	8	2	10	15	30	25	15	3	2	2	1	9	9	2	29	13	東京都	1	9	6	2	ok	0	3964	105	0	0	1604	86	2360	19
V1-B-119	V1	B	1	8	2	10	15	25	25	15	5	5	2	1	8	9	2	91	37	香川県	1	2	2	4	ok	0	3972	105	0	0	1608	86	2364	19
V1-B-120	V1	B	1	8	2	5	10	30	30	15	5	5	2	1	9	11	2	42	36	徳島県	2	1	2	1	ok	0	3952	105	0	0	1598	86	2354	19
V1-B-121	V1	B	1	8	2	10	15	30	25	15	3	2	2	1	9	9	1	91	2	青森県	1	6	2	3	ok	0	3988	105	0	0	1616	86	2372	19
V1-B-122	V1	B	1	8	2	5	10	30	30	15	5	5	2	1	9	9	1	79	4	宮城県	2	1	2	1	ok	0	3952	105	0	0	1598	86	2354	19
V1-B-123	V1	B	1	8	2	5	10	30	30	15	5	5	2	1	9	9	2	62	43	熊本県	2	1	5	3	ok	0	3960	105	0	0	1602	86	2358	19
V1-B-124	V1	B	1	8	2	5	15	30	25	15	5	5	2	1	9	9	2	41	13	東京都	2	6	6	5	ok	0	3964	105	0	0	1604	86	2360	19
V1-B-125	V1	B	2	10	2	5	10	25	30	20	5	5	2	1	10	9	2	26	13	東京都	1	1	6	1	ok	0	3966	105	0	0	1605	86	2361	19
V1-B-126	V1	B	1	8	2	5	10	30	30	15	5	5	2	1	9	9	2	56	28	兵庫県	2	4	6	6	ok	0	3952	105	0	0	1598	86	2354	19
V1-B-127	V1	B	1	8	2	10	15	30	25	15	3	2	2	1	9	9	2	48	28	兵庫県	2	2	4	2	ok	0	3956	105	0	0	1600	86	2356	19
V1-B-128	V1	B	2	10	2	5	10	25	30	20	5	5	2	1	10	11	1	50	14	神奈川県	2	8	2	3	ok	0	3964	105	0	0	1604	86	2360	19
V1-B-129	V1	B	1	8	2	5	15	35	25	15	3	2	2	1	9	9	1	69	33	岡山県	2	7	2	7	ok	0	3974	105	0	0	1609	86	2365	19
V1-B-130	V1	B	1	8	2	10	15	30	25	15	3	2	2	1	9	9	2	74	23	愛知県	2	6	2	4	ok	0	3970	105	0	0	1607	86	2363	19
V1-B-131	V1	B	1	8	2	10	15	30	25	15	3	2	2	1	9	11	2	42	27	大阪府	1	1	5	1	ok	0	3972	105	0	0	1608	86	2364	19
V1-B-132	V1	B	1	8	2	10	15	30	25	15	3	2	2	1	9	9	2	32	13	東京都	2	7	5	1	ok	0	3962	105	0	0	1603	86	2359	19
V1-B-133	V1	B	2	10	2	5	10	25	30	20	5	5	2	1	10	9	2	23	38	愛媛県	1	1	4	1	ok	0	3974	105	0	0	1609	86	2365	19
V1-B-134	V1	B	1	8	2	5	10	30	30	15	5	5	2	1	9	9	2	59	1	北海道	2	1	2	8	ok	0	3952	105	0	0	1598	86	2354	19
V1-B-135	V1	B	1	8	2	5	10	30	30	15	5	5	2	1	9	9	1	77	40	福岡県	2	1	2	2	ok	0	3960	105	0	0	1602	86	2358	19
V1-B-136	V1	B	1	8	2	10	15	30	25	15	3	2	2	1	9	9	2	66	10	群馬県	2	2	2	2	ok	0	3954	105	0	0	1599	86	2355	19
V1-B-137	V1	B	1	8	2	5	15	30	25	15	5	5	2	1	9	9	2	55	22	静岡県	2	1	2	5	ok	0	3960	105	0	0	1602	86	2358	19
V1-B-138	V1	B	1	8	2	10	15	30	25	15	3	2	2	1	9	11	1	37	40	福岡県	2	8	4	1	ok	0	3954	105	0	0	1599	86	2355	19
V1-B-139	V1	B	2	10	2	5	10	25	30	20	5	5	2	1	10	9	1	31	27	大阪府	1	1	4	3	ok	0	3980	105	0	0	1612	86	2368	19
V1-B-140	V1	B	1	8	2	10	15	30	25	15	3	2	2	1	8	9	2	89	29	奈良県	1	6	2	1	ok	0	3982	105	0	0	1613	86	2369	19
V1-B-141	V1	B	2	10	2	5	10	25	30	20	5	5	2	1	10	9	1	20	4	宮城県	1	1	2	2	ok	0	3980	105	0	0	1612	86	2368	19
V1-B-142	V1	B	1	8	2	10	15	30	25	15	3	2	2	1	9	9	2	83	11	埼玉県	2	8	6	3	ok	0	3960	105	0	0	1602	86	2358	19
V1-B-143	V1	B	1	8	2	5	10	30	30	15	5	5	2	1	9	11	1	32	27	大阪府	1	6	2	5	ok	0	3990	105	0	0	1617	86	2373	19
V1-B-144	V1	B	1	8	2	5	15	30	25	15	5	5	2	1	9	9	2	50	12	千葉県	2	8	4	3	ok	0	3962	105	0	0	1603	86	2359	19
V1-B-145	V1	B	1	8	2	5	10	30	30	15	5	5	2	1	9	9	2	76	17	石川県	2	8	2	5	ok	0	3960	105	0	0	1602	86	2358	19
V1-B-146	V1	B	2	10	2	5	10	25	30	20	5	5	2	1	10	9	1	30	16	富山県	2	1	1	4	ok	0	3964	105	0	0	1604	86	2360	19
V1-B-147	V1	B	1	8	2	5	15	30	25	15	5	5	2	1	9	11	2	55	15	新潟県	2	8	5	3	ok	0	3960	103	0	0	1603	84	2357	19
V1-B-148	V1	B	1	8	2	10	15	30	25	15	3	2	2	1	9	9	2	44	38	愛媛県	1	1	4	2	ok	0	3982	105	0	0	1613	86	2369	19
V1-B-149	V1	B	1	8	2	10	15	30	25	15	3	2	2	1	9	9	2	29	12	千葉県	1	8	6	1	ok	0	3970	105	0	0	1607	86	2363	19
V1-B-150	V1	B	1	8	2	5	10	30	30	15	5	5	2	1	9	9	2	30	13	東京都	1	8	5	3	ok	0	3980	105	0	0	1612	86	2368	19
V1-B-151	V1	B	1	8	2	10	15	30	25	15	3	2	2	1	9	9	2	30	9	栃木県	2	1	5	3	ok	0	3960	105	0	0	1602	86	2358	19
V1-B-152	V1	B	1	8	2	10	15	30	25	15	3	2	2	1	9	9	1	60	1	北海道	2	1	2	1	ok	0	3950	105	0	0	1597	86	2353	19
V1-B-153	V1	B	2	10	2	5	10	25	30	20	5	5	2	1	10	9	1	21	23	愛知県	1	7	6	1	ok	0	3980	105	0	0	1612	86	2368	19
V1-B-154	V1	B	1	8	2	5	10	30	30	15	5	5	2	1	9	9	1	56	27	大阪府	2	8	2	2	ok	0	3962	105	0	0	1603	86	2359	19
V1-B-155	V1	B	2	10	2	5	10	20	30	25	5	5	2	1	10	9	1	23	15	新潟県	1	6	1	4	ok	0	3996	105	0	0	1620	86	2376	19
V1-B-156	V1	B	2	10	2	5	10	25	30	20	5	5	2	1	10	9	1	27	14	神奈川県	1	6	6	2	ok	0	3988	105	0	0	1616	86	2372	19
V1-B-157	V1	B	1	8	2	10	15	30	25	15	3	2	2	1	9	9	2	71	23	愛知県	2	1	1	4	ok	0	3966	105	0	0	1605	86	2361	19
V1-B-158	V1	B	1	8	2	5	15	35	25	15	3	2	2	1	9	9	1	62	13	東京都	2	6	6	3	ok	0	3964	105	0	0	1604	86	2360	19
V1-B-159	V1	B	1	8	2	5	10	30	30	15	5	5	2	1	9	9	2	21	13	東京都	1	8	6	1	ok	0	3968	105	0	0	1606	86	2362	19
V1-B-160	V1	B	1	8	2	5	10	25	30	20	5	5	2	1	9	9	1	87	27	大阪府	1	4	6	1	ok	0	3962	105	0	0	1603	86	2359	19
V1-B-161	V1	B	1	8	2	10	15	30	20	15	5	5	2	1	8	9	1	83	27	大阪府	2	6	6	1	ok	0	3958	105	0	0	1601	86	2357	19
V1-B-162	V1	B	1	8	2	5	15	35	25	15	3	2	2	1	9	11	1	54	46	鹿児島県	2	1	4	1	ok	0	3956	105	0	0	1600	86	2356	19
V1-B-163	V1	B	1	8	2	10	15	30	25	15	3	2	2	1	9	9	2	76	13	東京都	1	6	6	2	ok	0	3984	105	0	0	1614	86	2370	19
V1-B-164	V1	B	2	10	2	5	10	25	30	20	5	5	2	1	10	9	1	59	14	神奈川県	1	6	6	6	ok	0	3988	105	0	0	1616	86	2372	19
V1-B-165	V1	B	1	8	2	10	15	30	20	15	5	5	2	1	8	11	2	23	47	沖縄県	1	7	4	3	ok	0	3992	103	0	0	1619	84	2373	19
V1-B-166	V1	B	1	8	2	10	15	30	20	15	5	5	2	1	9	9	2	70	11	埼玉県	1	7	2	1	ok	0	3986	105	0	0	1615	86	2371	19
V1-B-167	V1	B	2	10	2	5	10	25	30	20	5	5	2	1	10	9	1	50	1	北海道	2	8	5	6	ok	0	3960	105	0	0	1602	86	2358	19
V1-B-168	V1	B	2	10	2	5	10	25	30	20	5	5	2	1	10	9	1	30	7	福島県	1	8	2	4	ok	0	3980	105	0	0	1612	86	2368	19
V1-B-169	V1	B	2	10	2	5	10	25	30	20	5	5	2	1	10	9	1	32	34	広島県	2	1	6	4	ok	0	3954	105	0	0	1599	86	2355	19
V1-B-170	V1	B	1	8	2	5	15	30	25	15	5	5	2	1	8	9	2	75	14	神奈川県	2	8	1	4	ok	0	3970	105	0	0	1607	86	2363	19
V1-B-171	V1	B	1	8	2	5	10	30	30	15	5	5	2	1	9	9	2	47	13	東京都	2	1	5	5	ok	0	3958	105	0	0	1601	86	2357	19
V1-B-172	V1	B	1	8	2	10	15	30	25	15	3	2	2	1	8	9	2	76	27	大阪府	1	6	2	3	ok	0	3990	105	0	0	1617	86	2373	19
V1-B-173	V1	B	1	8	2	10	15	30	25	15	3	2	2	1	9	9	2	81	1	北海道	2	2	2	3	ok	0	3952	105	0	0	1598	86	2354	19
V1-B-174	V1	B	1	8	2	5	10	30	30	15	5	5	2	1	9	9	2	50	14	神奈川県	2	7	2	2	ok	0	3974	105	0	0	1609	86	2365	19
V1-B-175	V1	B	2	10	2	5	10	25	30	20	5	5	2	1	10	9	1	47	14	神奈川県	2	1	2	5	ok	0	3962	105	0	0	1603	86	2359	19
V1-B-176	V1	B	1	8	2	5	15	35	25	15	3	2	2	1	9	9	1	48	27	大阪府	2	1	2	1	ok	0	3952	105	0	0	1598	86	2354	19
V1-B-177	V1	B	1	8	2	10	15	30	20	15	5	5	2	1	8	9	2	64	1	北海道	2	6	2	1	ok	0	3958	103	0	0	1602	84	2356	19
V1-B-178	V1	B	2	10	2	5	10	25	30	20	5	5	2	1	10	9	1	35	8	茨城県	1	8	2	3	ok	0	3982	105	0	0	1613	86	2369	19
V1-B-179	V1	B	1	8	2	10	15	30	25	15	3	2	2	1	9	9	2	51	28	兵庫県	2	9	2	4	ok	0	3952	105	0	0	1598	86	2354	19
V1-B-180	V1	B	1	8	2	10	15	25	25	15	5	5	2	1	8	9	2	91	1	北海道	1	6	2	1	ok	0	3980	105	0	0	1612	86	2368	19
V1-B-181	V1	B	2	10	2	5	10	25	30	20	5	5	2	1	10	9	1	53	35	山口県	2	7	2	6	ok	0	3970	105	0	0	1607	86	2363	19
V1-B-182	V1	B	1	8	2	10	15	30	25	15	3	2	2	1	9	11	2	34	9	栃木県	2	1	2	4	ok	0	3960	105	0	0	1602	86	2358	19
V1-B-183	V1	B	2	10	2	5	10	25	30	20	5	5	2	1	10	9	1	22	25	滋賀県	1	7	2	3	ok	0	3994	105	0	0	1619	86	2375	19
V1-B-184	V1	B	2	10	2	5	10	25	30	20	5	5	2	1	10	9	1	40	4	宮城県	2	8	2	7	ok	0	3964	105	0	0	1604	86	2360	19
V1-B-185	V1	B	2	10	2	5	10	25	30	20	5	5	2	1	10	9	1	30	13	東京都	1	4	4	1	ok	0	3964	105	0	0	1604	86	2360	19
V1-B-186	V1	B	1	8	2	5	15	30	25	15	5	5	2	1	9	9	2	76	40	福岡県	1	1	6	2	ok	0	3976	105	0	0	1610	86	2366	19
V1-B-187	V1	B	1	8	2	10	15	30	25	15	3	2	2	1	9	9	2	79	6	山形県	2	8	2	4	ok	0	3960	105	0	0	1602	86	2358	19
V1-B-188	V1	B	2	10	2	5	10	25	35	15	5	5	2	1	10	9	1	49	13	東京都	2	1	6	7	ok	0	3956	105	0	0	1600	86	2356	19
V1-B-189	V1	B	1	8	2	5	10	30	30	15	5	5	2	1	9	11	2	55	13	東京都	2	1	5	5	ok	0	3958	105	0	0	1601	86	2357	19
V1-B-190	V1	B	1	8	2	5	15	30	25	15	5	5	2	1	9	9	2	59	13	東京都	2	1	2	1	ok	0	3950	105	0	0	1597	86	2353	19
V1-B-191	V1	B	1	8	2	5	10	30	30	15	5	5	2	1	9	9	1	72	34	広島県	2	3	4	5	ok	0	3992	105	0	0	1618	86	2374	19
V1-B-192	V1	B	1	8	2	10	15	30	20	15	5	5	2	1	9	9	2	86	13	東京都	1	2	2	3	ok	0	3972	105	0	0	1608	86	2364	19
V1-B-193	V1	B	1	8	2	5	10	25	30	20	5	5	2	1	9	11	1	38	13	東京都	2	7	2	2	ok	0	3970	105	0	0	1607	86	2363	19
V1-B-194	V1	B	1	8	2	10	15	30	25	15	3	2	2	1	9	9	2	83	4	宮城県	1	8	2	1	ok	0	3974	105	0	0	1609	86	2365	19
V1-B-195	V1	B	1	8	2	5	10	30	30	15	5	5	2	1	9	11	1	48	28	兵庫県	2	6	6	4	ok	0	3968	105	0	0	1606	86	2362	19
V1-B-196	V1	B	1	8	2	5	10	30	30	15	5	5	2	1	9	9	2	61	13	東京都	2	6	6	3	ok	0	3964	105	0	0	1604	86	2360	19
V1-B-197	V1	B	1	8	2	10	15	30	25	15	3	2	2	1	9	9	2	51	12	千葉県	2	8	2	4	ok	0	3962	105	0	0	1603	86	2359	19
V1-B-198	V1	B	1	8	2	5	10	30	30	15	5	5	2	1	9	9	1	27	27	大阪府	1	8	6	1	ok	0	3970	105	0	0	1607	86	2363	19
V1-B-199	V1	B	2	10	2	5	10	25	30	20	5	5	2	1	10	11	2	27	28	兵庫県	1	1	2	3	ok	0	3982	105	0	0	1613	86	2369	19
V1-B-200	V1	B	1	8	2	10	15	30	25	10	5	5	2	1	9	9	2	68	9	栃木県	2	1	2	3	ok	0	3960	105	0	0	1602	86	2358	19
V1-B-201	V1	B	2	10	2	5	10	25	30	20	5	5	2	1	10	9	1	22	11	埼玉県	1	1	2	3	ok	0	3982	105	0	0	1613	86	2369	19
V1-B-202	V1	B	1	8	2	10	15	30	20	15	5	5	2	1	8	9	2	88	14	神奈川県	1	6	2	3	ok	0	3992	105	0	0	1618	86	2374	19
V1-B-203	V1	B	2	10	2	5	10	25	30	20	5	5	2	1	10	9	1	51	23	愛知県	1	7	2	6	ok	0	3992	105	0	0	1618	86	2374	19
V1-B-204	V1	B	1	8	2	10	15	30	20	15	5	5	2	1	9	9	2	50	26	京都府	1	6	2	1	ok	0	3980	105	0	0	1612	86	2368	19
V1-B-205	V1	B	1	8	2	5	15	35	25	15	3	2	2	1	9	9	2	58	13	東京都	1	6	6	5	ok	0	3984	105	0	0	1614	86	2370	19
V1-B-206	V1	B	1	8	2	10	15	30	25	15	3	2	2	1	9	9	2	71	40	福岡県	1	8	1	5	ok	0	3988	105	0	0	1616	86	2372	19
V1-B-207	V1	B	1	8	2	5	10	30	30	15	5	5	2	1	9	11	1	40	26	京都府	2	1	2	5	ok	0	3958	105	0	0	1601	86	2357	19
V1-B-208	V1	B	2	10	2	5	10	25	30	20	5	5	2	1	10	9	2	30	13	東京都	2	1	2	4	ok	0	3958	105	0	0	1601	86	2357	19
V1-B-209	V1	B	1	8	2	5	15	30	25	15	5	5	2	1	9	9	1	79	11	埼玉県	2	1	2	1	ok	0	3954	105	0	0	1599	86	2355	19
V1-B-210	V1	B	1	8	2	5	10	30	30	15	5	5	2	1	9	9	1	52	28	兵庫県	1	8	6	2	ok	0	3980	105	0	0	1612	86	2368	19
V1-B-211	V1	B	1	8	2	5	15	30	25	15	5	5	2	1	9	11	2	42	15	新潟県	2	7	2	3	ok	0	3972	105	0	0	1608	86	2364	19
V1-B-212	V1	B	1	8	2	10	15	30	25	15	3	2	2	1	8	9	2	68	1	北海道	2	8	1	1	ok	0	3958	105	0	0	1601	86	2357	19
V1-B-213	V1	B	1	8	2	10	15	30	25	15	3	2	2	1	9	11	2	63	29	奈良県	2	8	2	1	ok	0	3954	105	0	0	1599	86	2355	19
V1-B-214	V1	B	2	11	2	5	10	20	30	25	5	5	2	1	10	9	1	93	14	神奈川県	1	8	6	2	ok	0	3980	105	0	0	1612	86	2368	19
V1-B-215	V1	B	1	8	2	5	15	35	25	15	3	2	2	1	9	9	2	73	26	京都府	2	2	2	6	ok	0	3952	105	0	0	1598	86	2354	19
V1-B-216	V1	B	1	8	2	10	15	30	25	15	3	2	2	1	8	11	1	49	14	神奈川県	1	6	2	3	ok	0	3992	105	0	0	1618	86	2374	19
V1-B-217	V1	B	2	10	2	5	10	25	30	20	5	5	2	1	10	9	2	34	22	静岡県	2	4	4	4	ok	0	3954	105	0	0	1599	86	2355	19
V1-B-218	V1	B	2	10	2	5	10	25	30	20	5	5	2	1	10	9	1	30	28	兵庫県	1	3	2	5	ok	0	4016	105	0	0	1630	86	2386	19
V1-B-219	V1	B	1	8	2	5	15	30	25	15	5	5	2	1	9	9	2	47	27	大阪府	2	7	5	5	ok	0	3972	105	0	0	1608	86	2364	19
V1-B-220	V1	B	2	10	2	5	10	25	30	20	5	5	2	1	10	9	1	70	11	埼玉県	2	7	2	3	ok	0	3974	105	0	0	1609	86	2365	19
V1-B-221	V1	B	1	8	2	10	15	30	25	15	3	2	2	1	9	9	1	51	13	東京都	1	1	2	2	ok	0	3978	105	0	0	1611	86	2367	19
V1-B-222	V1	B	1	8	2	10	15	30	25	15	3	2	2	1	9	9	1	68	13	東京都	2	1	4	1	ok	0	3950	105	0	0	1597	86	2353	19
V1-B-223	V1	B	2	10	2	5	10	25	30	20	5	5	2	1	10	9	1	35	27	大阪府	2	8	4	3	ok	0	3962	105	0	0	1603	86	2359	19
V1-B-224	V1	B	1	8	2	5	10	30	30	15	5	5	2	1	9	11	1	60	27	大阪府	2	1	7	1	ok	0	3950	105	0	0	1597	86	2353	19
V1-B-225	V1	B	1	8	2	5	10	30	30	15	5	5	2	1	9	11	1	62	13	東京都	1	8	6	6	ok	0	3976	105	0	0	1610	86	2366	19
V1-B-226	V1	B	1	8	2	5	10	30	30	15	5	5	2	1	9	9	2	60	43	熊本県	1	7	2	6	ok	0	3992	105	0	0	1618	86	2374	19
V1-B-227	V1	B	1	8	2	10	15	30	25	15	3	2	2	1	9	9	1	34	12	千葉県	2	7	2	3	ok	0	3972	105	0	0	1608	86	2364	19
V1-B-228	V1	B	1	8	2	5	10	30	30	15	5	5	2	1	9	9	1	73	27	大阪府	2	8	1	3	ok	0	3968	105	0	0	1606	86	2362	19
V1-B-229	V1	B	2	10	2	5	10	25	30	20	5	5	2	1	10	9	1	20	8	茨城県	1	8	2	4	ok	0	3982	105	0	0	1613	86	2369	19
V1-B-230	V1	B	1	8	2	5	10	30	30	15	5	5	2	1	9	9	1	38	40	福岡県	2	1	2	3	ok	0	3960	105	0	0	1602	86	2358	19
V1-B-231	V1	B	1	8	2	5	10	30	30	15	5	5	2	1	9	9	1	52	27	大阪府	2	1	2	4	ok	0	3960	105	0	0	1602	86	2358	19
V1-B-232	V1	B	1	8	2	5	10	30	30	20	3	2	2	1	9	11	1	65	26	京都府	2	1	7	1	ok	0	3948	105	0	0	1596	86	2352	19
V1-B-233	V1	B	1	8	2	10	15	30	25	15	3	2	2	1	8	11	2	70	13	東京都	2	1	1	1	ok	0	3956	105	0	0	1600	86	2356	19
V1-B-234	V1	B	1	8	2	5	10	30	30	15	5	5	2	1	9	9	1	74	13	東京都	2	1	6	1	ok	0	3946	105	0	0	1595	86	2351	19
V1-B-235	V1	B	1	8	2	10	15	30	25	10	5	5	2	1	8	9	2	70	1	北海道	2	7	2	1	ok	0	3962	105	0	0	1603	86	2359	19
V1-B-236	V1	B	1	8	2	10	15	30	25	15	3	2	2	1	9	11	1	47	23	愛知県	1	6	4	3	ok	0	3990	105	0	0	1617	86	2373	19
V1-B-237	V1	B	1	8	2	5	15	30	25	15	5	5	2	1	9	9	2	74	13	東京都	1	1	2	7	ok	0	3980	105	0	0	1612	86	2368	19
V1-B-238	V1	B	1	8	2	10	15	30	25	15	3	2	2	1	9	9	1	75	23	愛知県	2	7	2	3	ok	0	3972	105	0	0	1608	86	2364	19
V1-B-239	V1	B	2	10	2	5	10	25	30	20	5	5	2	1	10	9	1	32	11	埼玉県	1	2	1	6	ok	0	3982	105	0	0	1613	86	2369	19
V1-B-240	V1	B	1	8	2	5	15	30	25	15	7	3	2	1	9	11	2	39	13	東京都	2	1	5	3	ok	0	3958	105	0	0	1601	86	2357	19
V1-B-241	V1	B	1	8	2	5	10	30	30	15	5	5	2	1	9	9	1	74	23	愛知県	1	8	6	2	ok	0	3978	105	0	0	1611	86	2367	19
V1-B-242	V1	B	1	8	2	5	15	30	25	15	5	5	2	1	9	9	2	59	24	三重県	2	1	4	1	ok	0	3950	105	0	0	1597	86	2353	19
V1-B-243	V1	B	2	10	2	5	10	25	30	20	5	5	2	1	10	11	1	26	11	埼玉県	1	1	6	2	ok	0	3978	105	0	0	1611	86	2367	19
V1-B-244	V1	B	2	10	2	5	10	25	30	20	5	5	2	1	10	9	1	32	13	東京都	2	7	6	8	ok	0	3960	105	0	0	1602	86	2358	19
V1-B-245	V1	B	1	8	2	10	15	30	25	15	3	2	2	1	8	9	1	81	12	千葉県	2	6	1	1	ok	0	3968	105	0	0	1606	86	2362	19
V1-B-246	V1	B	1	8	2	5	10	30	30	15	5	5	2	1	9	9	1	59	40	福岡県	2	6	6	5	ok	0	3966	105	0	0	1605	86	2361	19
V1-B-247	V1	B	1	8	2	5	15	30	25	15	5	5	2	1	9	9	2	60	11	埼玉県	2	8	2	5	ok	0	3964	105	0	0	1604	86	2360	19
V1-B-248	V1	B	1	8	2	5	15	35	25	15	3	2	2	1	9	9	1	38	27	大阪府	2	3	2	2	ok	0	3994	105	0	0	1619	86	2375	19
V1-B-249	V1	B	1	8	2	10	15	30	25	15	3	2	2	1	9	9	1	64	13	東京都	2	7	2	2	ok	0	3970	105	0	0	1607	86	2363	19
V1-B-250	V1	B	1	8	2	10	15	30	20	15	5	5	2	1	8	9	2	84	13	東京都	2	8	2	1	ok	0	3952	105	0	0	1598	86	2354	19
V1-C-001	V1	C	1	8	2	5	15	30	30	15	3	2	2	1	9	11	2	44	12	千葉県	2	1	2	6	ok	0	3972	105	0	0	1602	86	2370	19
V1-C-002	V1	C	1	8	2	5	15	35	25	15	3	2	2	1	9	9	2	32	27	大阪府	1	7	6	6	ok	0	4000	105	0	0	1616	86	2384	19
V1-C-003	V1	C	1	8	2	5	15	35	25	15	3	2	2	1	9	9	2	52	10	群馬県	2	8	6	6	ok	0	3970	105	0	0	1601	86	2369	19
V1-C-004	V1	C	1	8	2	5	10	30	30	15	5	5	2	1	9	9	2	67	27	大阪府	2	4	2	6	ok	0	3966	105	0	0	1599	86	2367	19
V1-C-005	V1	C	1	8	2	5	10	30	30	15	5	5	2	1	9	11	2	61	42	長崎県	2	7	2	7	ok	0	3986	105	0	0	1609	86	2377	19
V1-C-006	V1	C	1	8	2	5	10	30	30	15	5	5	2	1	9	9	2	74	13	東京都	1	1	2	3	ok	0	3990	105	0	0	1611	86	2379	19
V1-C-007	V1	C	1	8	2	10	15	30	25	15	3	2	2	1	8	11	2	81	27	大阪府	1	2	2	1	ok	0	3976	103	0	0	1605	84	2371	19
V1-C-008	V1	C	1	8	2	5	15	35	25	15	3	2	2	1	9	9	2	34	11	埼玉県	2	1	6	5	ok	0	3970	105	0	0	1601	86	2369	19
V1-C-009	V1	C	1	8	2	5	10	30	30	15	5	5	2	1	9	9	2	51	11	埼玉県	1	4	2	1	ok	0	3980	105	0	0	1606	86	2374	19
V1-C-010	V1	C	2	10	2	5	10	25	30	20	5	5	2	1	9	9	2	40	12	千葉県	2	6	6	6	ok	0	3978	105	0	0	1605	86	2373	19
V1-C-011	V1	C	1	8	2	5	10	30	30	15	5	5	2	1	9	9	1	24	27	大阪府	1	8	4	1	ok	0	3986	105	0	0	1609	86	2377	19
V1-C-012	V1	C	2	10	2	5	10	25	30	20	5	5	2	1	10	9	1	25	28	兵庫県	1	3	6	2	ok	0	4024	105	0	0	1628	86	2396	19
V1-C-013	V1	C	1	8	2	5	10	25	30	20	5	5	2	1	9	9	2	87	23	愛知県	1	6	2	2	ok	0	4002	105	0	0	1617	86	2385	19
V1-C-014	V1	C	1	8	2	5	15	35	25	15	3	2	2	1	9	9	1	60	5	秋田県	1	8	1	6	ok	0	4000	105	0	0	1616	86	2384	19
V1-C-015	V1	C	1	8	2	10	15	30	25	15	3	2	2	1	9	9	2	60	28	兵庫県	1	6	6	6	ok	0	4000	105	0	0	1616	86	2384	19
V1-C-016	V1	C	1	8	2	10	15	30	25	15	3	2	2	1	9	11	2	41	13	東京都	1	6	2	4	ok	0	4000	105	0	0	1616	86	2384	19
V1-C-017	V1	C	1	8	2	5	15	30	25	15	5	5	2	1	9	9	2	44	34	広島県	2	8	4	1	ok	0	3964	105	0	0	1598	86	2366	19
V1-C-018	V1	C	1	8	2	5	10	30	30	15	5	5	2	1	9	9	1	58	4	宮城県	1	7	2	6	ok	0	4002	103	0	0	1618	84	2384	19
V1-C-019	V1	C	1	8	2	10	15	30	25	15	3	2	2	1	9	9	1	42	1	北海道	1	7	4	2	ok	0	4002	105	0	0	1617	86	2385	19
V1-C-020	V1	C	1	8	2	10	15	30	25	15	3	2	2	1	9	9	2	51	12	千葉県	1	8	4	3	ok	0	3994	105	0	0	1613	86	2381	19
V1-C-021	V1	C	1	8	2	5	10	25	30	20	5	5	2	1	9	11	1	84	13	東京都	2	7	6	3	ok	0	3978	105	0	0	1605	86	2373	19
V1-C-022	V1	C	1	8	2	10	15	30	25	15	3	2	2	1	9	11	1	21	14	神奈川県	1	6	2	3	ok	0	4004	105	0	0	1618	86	2386	19
V1-C-023	V1	C	1	8	2	5	10	30	30	15	5	5	2	1	9	9	2	59	22	静岡県	2	6	2	5	ok	0	3982	105	0	0	1607	86	2375	19
V1-C-024	V1	C	1	8	2	5	10	25	30	20	5	5	2	1	9	9	1	92	14	神奈川県	1	8	2	2	ok	0	3994	103	0	0	1614	84	2380	19
V1-C-025	V1	C	2	11	2	5	10	25	30	20	5	5	2	1	10	9	1	57	27	大阪府	2	1	2	4	ok	0	3972	105	0	0	1602	86	2370	19
V1-C-026	V1	C	1	8	2	10	15	30	25	15	3	2	2	1	9	11	2	60	28	兵庫県	2	1	5	2	ok	0	3974	105	0	0	1603	86	2371	19
V1-C-027	V1	C	1	8	2	5	15	30	25	15	5	5	2	1	9	9	2	63	45	宮崎県	2	8	2	2	ok	0	3976	105	0	0	1604	86	2372	19
V1-C-028	V1	C	1	8	2	10	15	30	25	15	3	2	2	1	9	9	2	65	7	福島県	2	1	1	4	ok	0	3976	105	0	0	1604	86	2372	19
V1-C-029	V1	C	2	10	2	5	10	25	30	20	5	5	2	1	10	9	2	24	14	神奈川県	1	1	6	2	ok	0	3990	105	0	0	1611	86	2379	19
V1-C-030	V1	C	2	10	2	5	10	25	30	20	5	5	2	1	10	9	1	49	28	兵庫県	2	7	6	5	ok	0	3982	105	0	0	1607	86	2375	19
V1-C-031	V1	C	2	10	2	5	10	25	30	20	5	5	2	1	10	9	1	21	23	愛知県	1	8	1	5	ok	0	4000	105	0	0	1616	86	2384	19
V1-C-032	V1	C	2	10	2	5	10	25	30	20	5	5	2	1	10	9	1	64	31	鳥取県	1	1	2	4	ok	0	3994	105	0	0	1613	86	2381	19
V1-C-033	V1	C	1	8	2	10	15	30	20	15	5	5	2	1	8	9	2	82	11	埼玉県	2	7	1	1	ok	0	3984	105	0	0	1608	86	2376	19
V1-C-034	V1	C	2	11	2	5	10	25	30	20	5	5	2	1	10	9	1	68	13	東京都	2	1	6	1	ok	0	3958	105	0	0	1595	86	2363	19
V1-C-035	V1	C	1	8	2	5	10	30	30	15	5	5	2	1	9	9	2	69	20	長野県	2	7	2	6	ok	0	3982	105	0	0	1607	86	2375	19
V1-C-036	V1	C	2	10	2	5	10	25	30	20	7	3	2	1	10	9	1	47	14	神奈川県	2	2	6	7	ok	0	3966	105	0	0	1599	86	2367	19
V1-C-037	V1	C	1	8	2	10	15	30	25	15	3	2	2	1	9	9	2	42	23	愛知県	2	8	4	2	ok	0	3974	105	0	0	1603	86	2371	19
V1-C-038	V1	C	2	10	2	5	10	25	30	20	7	3	2	1	10	9	2	38	13	東京都	1	1	6	6	ok	0	3986	105	0	0	1609	86	2377	19
V1-C-039	V1	C	2	10	2	5	10	25	30	20	5	5	2	1	10	9	2	40	23	愛知県	2	7	5	8	ok	0	3978	105	0	0	1605	86	2373	19
V1-C-040	V1	C	1	8	2	10	15	25	25	15	5	5	2	1	9	9	1	83	13	東京都	2	1	1	2	ok	0	3976	105	0	0	1604	86	2372	19
V1-C-041	V1	C	1	8	2	10	15	30	20	15	5	5	2	1	9	11	2	91	3	岩手県	1	8	1	1	ok	0	3992	105	0	0	1612	86	2380	19
V1-C-042	V1	C	1	8	2	5	15	30	25	15	5	5	2	1	9	9	2	44	4	宮城県	2	7	2	5	ok	0	3984	105	0	0	1608	86	2376	19
V1-C-043	V1	C	1	8	2	10	15	30	25	15	3	2	2	1	9	9	1	33	1	北海道	2	6	6	7	ok	0	3978	105	0	0	1605	86	2373	19
V1-C-044	V1	C	2	10	2	5	10	25	30	20	5	5	2	1	10	9	1	24	12	千葉県	1	8	2	1	ok	0	3986	105	0	0	1609	86	2377	19
V1-C-045	V1	C	1	8	2	5	10	30	30	15	5	5	2	1	9	9	1	75	11	埼玉県	2	1	2	1	ok	0	3966	105	0	0	1599	86	2367	19
V1-C-046	V1	C	1	8	2	5	15	30	25	15	5	5	2	1	9	11	2	75	4	宮城県	2	1	2	1	ok	0	3964	105	0	0	1598	86	2366	19
V1-C-047	V1	C	1	8	2	10	15	30	25	15	3	2	2	1	8	11	1	81	10	群馬県	1	2	2	2	ok	0	3986	105	0	0	1609	86	2377	19
V1-C-048	V1	C	1	8	2	10	15	30	20	15	5	5	2	1	9	9	2	82	47	沖縄県	2	6	2	2	ok	0	3984	105	0	0	1608	86	2376	19
V1-C-049	V1	C	2	10	2	5	10	25	30	20	5	5	2	1	10	9	1	46	34	広島県	2	8	2	5	ok	0	3972	105	0	0	1602	86	2370	19
V1-C-050	V1	C	2	10	2	5	10	25	30	20	5	5	2	1	10	9	2	39	22	静岡県	2	1	6	3	ok	0	3968	105	0	0	1600	86	2368	19
V1-C-051	V1	C	1	8	2	5	15	30	25	15	5	5	2	1	9	9	2	58	28	兵庫県	2	8	4	6	ok	0	3976	105	0	0	1604	86	2372	19
V1-C-052	V1	C	1	8	2	5	15	35	25	15	3	2	2	1	9	11	2	53	27	大阪府	2	8	4	4	ok	0	3974	105	0	0	1603	86	2371	19
V1-C-053	V1	C	1	8	2	5	10	30	30	15	5	5	2	1	9	9	2	43	13	東京都	1	1	2	1	ok	0	3982	105	0	0	1607	86	2375	19
V1-C-054	V1	C	1	8	2	5	15	35	25	15	3	2	2	1	9	9	1	61	28	兵庫県	2	1	6	3	ok	0	3970	105	0	0	1601	86	2369	19
V1-C-055	V1	C	2	10	2	5	10	25	30	20	5	5	2	1	10	9	1	69	20	長野県	2	1	6	5	ok	0	3966	105	0	0	1599	86	2367	19
V1-C-056	V1	C	2	10	2	5	10	25	30	20	7	3	2	1	10	9	1	25	13	東京都	1	1	6	3	ok	0	3986	105	0	0	1609	86	2377	19
V1-C-057	V1	C	2	10	2	5	10	25	30	20	5	5	2	1	10	9	1	55	12	千葉県	1	1	2	6	ok	0	3992	105	0	0	1612	86	2380	19
V1-C-058	V1	C	1	8	2	5	15	30	25	15	5	5	2	1	9	9	2	54	31	鳥取県	2	1	2	5	ok	0	3974	105	0	0	1603	86	2371	19
V1-C-059	V1	C	1	8	2	5	15	30	25	15	5	5	2	1	9	9	2	35	15	新潟県	1	4	5	3	ok	0	3986	105	0	0	1609	86	2377	19
V1-C-060	V1	C	1	8	2	5	10	30	25	20	5	5	2	1	9	9	1	88	42	長崎県	2	1	1	1	ok	0	3970	105	0	0	1601	86	2369	19
V1-C-061	V1	C	1	8	2	5	15	30	25	15	5	5	2	1	9	9	2	48	27	大阪府	1	1	1	4	ok	0	3998	105	0	0	1615	86	2383	19
V1-C-062	V1	C	1	8	2	10	15	30	20	15	5	5	2	1	9	9	2	79	14	神奈川県	2	6	2	1	ok	0	3976	105	0	0	1604	86	2372	19
V1-C-063	V1	C	1	8	2	10	15	30	20	15	5	5	2	1	9	9	1	52	23	愛知県	1	7	1	3	ok	0	4010	105	0	0	1621	86	2389	19
V1-C-064	V1	C	1	8	2	10	15	30	25	15	3	2	2	1	9	9	2	46	2	青森県	2	1	2	5	ok	0	3970	105	0	0	1601	86	2369	19
V1-C-065	V1	C	2	10	2	5	10	25	30	20	7	3	2	1	10	9	1	55	14	神奈川県	1	8	6	5	ok	0	3992	105	0	0	1612	86	2380	19
V1-C-066	V1	C	1	8	2	10	15	30	25	15	3	2	2	1	9	9	1	73	34	広島県	2	8	1	8	ok	0	3972	105	0	0	1602	86	2370	19
V1-C-067	V1	C	1	8	2	5	15	35	25	15	3	2	2	1	9	11	1	50	27	大阪府	2	2	6	3	ok	0	3962	105	0	0	1597	86	2365	19
V1-C-068	V1	C	1	8	2	5	10	30	30	15	5	5	2	1	9	9	2	41	1	北海道	2	1	2	4	ok	0	3970	105	0	0	1601	86	2369	19
V1-C-069	V1	C	2	10	2	5	10	25	30	20	7	3	2	1	10	9	2	26	13	東京都	1	8	5	3	ok	0	3992	105	0	0	1612	86	2380	19
V1-C-070	V1	C	1	8	2	5	10	30	30	15	5	5	2	1	9	9	2	36	23	愛知県	2	8	7	2	ok	0	3972	105	0	0	1602	86	2370	19
V1-C-071	V1	C	1	8	2	10	15	30	25	15	3	2	2	1	9	9	2	80	11	埼玉県	2	1	1	1	ok	0	3972	105	0	0	1602	86	2370	19
V1-C-072	V1	C	1	8	2	10	15	30	25	10	5	5	2	1	9	9	2	27	11	埼玉県	1	7	5	2	ok	0	4006	105	0	0	1619	86	2387	19
V1-C-073	V1	C	2	10	2	5	10	25	30	20	5	5	2	1	10	9	1	24	26	京都府	1	1	6	4	ok	0	3986	105	0	0	1609	86	2377	19
V1-C-074	V1	C	2	10	2	5	10	25	30	20	5	5	2	1	10	9	2	24	4	宮城県	1	1	6	4	ok	0	3988	105	0	0	1610	86	2378	19
V1-C-075	V1	C	1	8	2	10	15	30	25	15	3	2	2	1	9	9	2	49	28	兵庫県	2	7	5	1	ok	0	3978	105	0	0	1605	86	2373	19
V1-C-076	V1	C	2	10	2	5	10	30	30	15	5	5	2	1	10	9	1	50	15	新潟県	1	1	6	5	ok	0	3988	105	0	0	1610	86	2378	19
V1-C-077	V1	C	1	8	2	10	15	30	20	15	5	5	2	1	8	11	1	87	1	北海道	1	1	1	2	ok	0	3996	105	0	0	1614	86	2382	19
V1-C-078	V1	C	1	8	2	10	15	30	25	15	3	2	2	1	9	9	1	58	27	大阪府	1	2	2	1	ok	0	3976	103	0	0	1605	84	2371	19
V1-C-079	V1	C	2	10	2	5	10	25	30	20	5	5	2	1	10	9	1	32	43	熊本県	2	1	6	2	ok	0	3968	105	0	0	1600	86	2368	19
V1-C-080	V1	C	1	8	2	10	15	30	25	15	3	2	2	1	9	9	2	72	14	神奈川県	2	6	5	5	ok	0	3984	105	0	0	1608	86	2376	19
V1-C-081	V1	C	1	8	2	10	15	30	25	15	3	2	2	1	9	9	2	79	26	京都府	1	1	2	3	ok	0	3990	105	0	0	1611	86	2379	19
V1-C-082	V1	C	2	10	2	5	10	25	30	20	5	5	2	1	10	9	1	49	27	大阪府	2	1	2	6	ok	0	3972	105	0	0	1602	86	2370	19
V1-C-083	V1	C	1	8	2	10	15	30	25	15	3	2	2	1	9	9	2	56	28	兵庫県	1	3	2	2	ok	0	4028	105	0	0	1630	86	2398	19
V1-C-084	V1	C	2	10	2	5	10	25	30	20	5	5	2	1	10	9	1	38	14	神奈川県	1	1	6	2	ok	0	3990	105	0	0	1611	86	2379	19
V1-C-085	V1	C	1	8	2	5	15	30	25	15	5	5	2	1	9	9	2	59	9	栃木県	2	8	2	5	ok	0	3974	105	0	0	1603	86	2371	19
V1-C-086	V1	C	1	8	2	10	15	30	25	15	3	2	2	1	9	9	1	83	27	大阪府	1	1	1	1	ok	0	3990	105	0	0	1611	86	2379	19
V1-C-087	V1	C	2	10	2	5	10	25	30	20	5	5	2	1	9	9	1	67	12	千葉県	1	1	6	2	ok	0	3988	105	0	0	1610	86	2378	19
V1-C-088	V1	C	1	8	2	5	10	30	30	15	5	5	2	1	9	9	1	71	44	大分県	2	1	6	1	ok	0	3958	105	0	0	1595	86	2363	19
V1-C-089	V1	C	1	8	2	5	15	30	25	15	5	5	2	1	9	9	2	49	27	大阪府	2	3	4	4	ok	0	4006	105	0	0	1619	86	2387	19
V1-C-090	V1	C	1	8	2	5	10	30	30	15	5	5	2	1	9	9	1	72	27	大阪府	2	1	6	2	ok	0	3968	105	0	0	1600	86	2368	19
V1-C-091	V1	C	1	8	2	10	15	30	25	15	3	2	2	1	9	9	2	76	23	愛知県	1	6	1	5	ok	0	4008	105	0	0	1620	86	2388	19
V1-C-092	V1	C	1	8	2	5	10	30	30	15	5	5	2	1	9	11	2	69	40	福岡県	1	4	2	6	ok	0	3986	105	0	0	1609	86	2377	19
V1-C-093	V1	C	1	8	2	10	15	30	25	10	5	5	2	1	9	9	2	52	12	千葉県	2	7	2	6	ok	0	3984	105	0	0	1608	86	2376	19
V1-C-094	V1	C	1	8	2	10	15	30	25	15	3	2	2	1	9	9	2	27	22	静岡県	2	2	4	2	ok	0	3966	105	0	0	1599	86	2367	19
V1-C-095	V1	C	2	10	2	5	10	25	30	20	5	5	2	1	10	9	1	35	22	静岡県	2	1	2	4	ok	0	3972	105	0	0	1602	86	2370	19
V1-C-096	V1	C	1	8	2	5	10	30	30	15	5	5	2	1	9	9	1	59	27	大阪府	2	7	4	5	ok	0	3984	105	0	0	1608	86	2376	19
V1-C-097	V1	C	1	8	2	10	15	30	25	15	3	2	2	1	9	9	2	43	27	大阪府	1	2	5	2	ok	0	3986	105	0	0	1609	86	2377	19
V1-C-098	V1	C	1	8	2	10	15	30	25	15	3	2	2	1	9	11	2	46	26	京都府	2	1	2	6	ok	0	3968	103	0	0	1601	84	2367	19
V1-C-099	V1	C	1	8	2	10	15	30	25	15	3	2	2	1	9	11	1	59	11	埼玉県	2	6	4	1	ok	0	3976	105	0	0	1604	86	2372	19
V1-C-100	V1	C	2	10	2	5	10	25	30	20	5	5	2	1	10	9	1	68	7	福島県	2	1	6	6	ok	0	3966	105	0	0	1599	86	2367	19
V1-C-101	V1	C	1	8	2	10	15	30	25	15	3	2	2	1	8	11	1	52	11	埼玉県	2	2	1	4	ok	0	3974	105	0	0	1603	86	2371	19
V1-C-102	V1	C	1	8	2	5	15	30	25	15	5	5	2	1	9	11	1	52	12	千葉県	2	1	2	1	ok	0	3964	105	0	0	1598	86	2366	19
V1-C-103	V1	C	1	8	2	5	10	30	30	15	5	5	2	1	9	9	1	32	1	北海道	2	7	2	3	ok	0	3982	105	0	0	1607	86	2375	19
V1-C-104	V1	C	2	10	2	5	10	25	30	20	5	5	2	1	10	9	1	29	27	大阪府	1	2	6	2	ok	0	3982	105	0	0	1607	86	2375	19
V1-C-105	V1	C	2	10	2	5	10	25	30	20	5	5	2	1	10	9	1	44	8	茨城県	1	8	2	5	ok	0	3994	105	0	0	1613	86	2381	19
V1-C-106	V1	C	1	8	2	10	15	30	25	15	3	2	2	1	9	9	1	89	12	千葉県	2	7	2	1	ok	0	3976	105	0	0	1604	86	2372	19
V1-C-107	V1	C	1	8	2	10	15	30	25	15	3	2	2	1	9	9	1	74	33	岡山県	1	1	1	1	ok	0	3988	103	0	0	1611	84	2377	19
V1-C-108	V1	C	1	8	2	5	15	35	25	15	3	2	2	1	9	9	2	45	26	京都府	2	6	2	5	ok	0	3980	105	0	0	1606	86	2374	19
V1-C-109	V1	C	1	8	2	10	15	30	25	15	3	2	2	1	9	9	2	77	26	京都府	2	6	2	3	ok	0	3980	105	0	0	1606	86	2374	19
V1-C-110	V1	C	1	8	2	10	15	30	25	15	3	2	2	1	9	9	2	80	26	京都府	1	6	6	2	ok	0	3996	105	0	0	1614	86	2382	19
V1-C-111	V1	C	1	8	2	10	15	30	25	15	3	2	2	1	9	9	2	52	13	東京都	2	7	4	4	ok	0	3982	105	0	0	1607	86	2375	19
V1-C-112	V1	C	1	8	2	5	10	25	30	20	5	5	2	1	9	9	2	68	42	長崎県	2	8	2	3	ok	0	3974	105	0	0	1603	86	2371	19
V1-C-113	V1	C	1	8	2	10	15	30	25	15	3	2	2	1	9	9	1	73	22	静岡県	2	6	6	2	ok	0	3978	105	0	0	1605	86	2373	19
V1-C-114	V1	C	2	10	2	5	10	25	30	20	5	5	2	1	10	9	1	20	33	岡山県	1	8	2	3	ok	0	3994	105	0	0	1613	86	2381	19
V1-C-115	V1	C	2	10	2	5	10	25	30	20	5	5	2	1	10	9	1	43	5	秋田県	2	1	2	7	ok	0	3974	105	0	0	1603	86	2371	19
V1-C-116	V1	C	1	8	2	10	15	30	25	15	3	2	2	1	9	9	2	59	14	神奈川県	1	7	5	1	ok	0	3998	105	0	0	1615	86	2383	19
V1-C-117	V1	C	1	8	2	10	15	30	25	15	3	2	2	1	9	9	2	58	8	茨城県	2	1	5	3	ok	0	3972	105	0	0	1602	86	2370	19
V1-C-118	V1	C	2	10	2	5	10	25	30	20	5	5	2	1	10	9	1	23	14	神奈川県	1	1	6	4	ok	0	3990	105	0	0	1611	86	2379	19
V1-C-119	V1	C	2	10	2	5	10	25	35	20	3	2	2	1	10	9	1	60	14	神奈川県	2	1	6	6	ok	0	3970	105	0	0	1601	86	2369	19
V1-C-120	V1	C	1	8	2	5	10	30	30	15	5	5	2	1	9	9	2	49	29	奈良県	2	2	5	8	ok	0	3960	105	0	0	1596	86	2364	19
V1-C-121	V1	C	1	8	2	10	15	30	20	15	5	5	2	1	9	9	2	87	18	福井県	1	8	2	1	ok	0	3984	105	0	0	1608	86	2376	19
V1-C-122	V1	C	1	8	2	5	15	35	25	15	3	2	2	1	9	9	2	48	13	東京都	2	8	2	7	ok	0	3974	105	0	0	1603	86	2371	19
V1-C-123	V1	C	1	8	2	10	15	30	25	15	3	2	2	1	9	11	2	61	45	宮崎県	2	8	2	3	ok	0	3976	105	0	0	1604	86	2372	19
V1-C-124	V1	C	1	8	2	5	15	30	30	15	3	2	2	1	9	9	1	67	22	静岡県	2	7	6	3	ok	0	3980	105	0	0	1606	86	2374	19
V1-C-125	V1	C	1	8	2	5	10	30	30	15	5	5	2	1	9	11	2	33	13	東京都	1	7	6	4	ok	0	3998	105	0	0	1615	86	2383	19
V1-C-126	V1	C	1	8	2	5	15	35	25	15	3	2	2	1	9	9	2	61	27	大阪府	1	8	2	3	ok	0	3994	105	0	0	1613	86	2381	19
V1-C-127	V1	C	2	10	2	5	10	25	30	20	5	5	2	1	9	9	1	63	14	神奈川県	2	1	4	3	ok	0	3974	105	0	0	1603	86	2371	19
V1-C-128	V1	C	2	10	2	5	10	25	30	20	5	5	2	1	10	9	1	22	13	東京都	1	1	6	1	ok	0	3978	105	0	0	1605	86	2373	19
V1-C-129	V1	C	1	8	2	10	15	30	25	15	3	2	2	1	9	9	1	78	13	東京都	2	6	4	2	ok	0	3980	105	0	0	1606	86	2374	19
V1-C-130	V1	C	2	10	2	5	10	25	30	20	5	5	2	1	9	9	1	63	13	東京都	1	3	6	1	ok	0	4012	105	0	0	1622	86	2390	19
V1-C-131	V1	C	2	10	2	5	10	25	30	20	5	5	2	1	10	9	1	24	15	新潟県	1	3	2	1	ok	0	4018	105	0	0	1625	86	2393	19
V1-C-132	V1	C	1	8	2	10	15	30	25	15	3	2	2	1	9	9	2	64	26	京都府	2	8	6	5	ok	0	3968	105	0	0	1600	86	2368	19
V1-C-133	V1	C	1	8	2	5	15	35	25	15	3	2	2	1	8	11	1	46	13	東京都	2	8	6	1	ok	0	3960	105	0	0	1596	86	2364	19
V1-C-134	V1	C	1	8	2	5	15	30	25	15	5	5	2	1	9	9	2	59	12	千葉県	2	8	5	4	ok	0	3974	105	0	0	1603	86	2371	19
V1-C-135	V1	C	2	10	2	5	10	25	30	20	5	5	2	1	10	9	2	32	30	和歌山県	1	3	5	7	ok	0	4030	105	0	0	1631	86	2399	19
V1-C-136	V1	C	1	8	2	10	15	30	25	15	3	2	2	1	9	9	2	73	23	愛知県	2	8	2	2	ok	0	3974	105	0	0	1603	86	2371	19
V1-C-137	V1	C	1	8	2	5	10	30	30	20	3	2	2	1	9	9	1	56	27	大阪府	2	7	2	6	ok	0	3984	105	0	0	1608	86	2376	19
V1-C-138	V1	C	2	10	2	5	10	25	30	20	5	5	2	1	10	9	1	68	13	東京都	1	1	4	2	ok	0	3990	105	0	0	1611	86	2379	19
V1-C-139	V1	C	1	8	2	5	10	30	30	15	5	5	2	1	9	11	2	43	11	埼玉県	2	1	4	4	ok	0	3974	105	0	0	1603	86	2371	19
V1-C-140	V1	C	2	10	2	5	10	25	30	20	5	5	2	1	10	11	2	50	13	東京都	2	1	6	6	ok	0	3966	105	0	0	1599	86	2367	19
V1-C-141	V1	C	1	8	2	10	15	30	25	15	3	2	2	1	9	9	2	78	12	千葉県	2	8	6	1	ok	0	3962	105	0	0	1597	86	2365	19
V1-C-142	V1	C	2	11	2	5	10	25	30	20	7	3	2	1	10	11	1	23	13	東京都	1	9	6	4	ok	0	3976	105	0	0	1604	86	2372	19
V1-C-143	V1	C	1	8	2	5	10	30	30	15	5	5	2	1	9	9	2	71	13	東京都	1	2	2	2	ok	0	3984	105	0	0	1608	86	2376	19
V1-C-144	V1	C	1	8	2	10	15	30	25	15	3	2	2	1	9	9	2	24	11	埼玉県	1	8	6	1	ok	0	3984	105	0	0	1608	86	2376	19
V1-C-145	V1	C	1	8	2	5	15	35	25	15	3	2	2	1	9	9	2	61	11	埼玉県	2	8	2	2	ok	0	3976	105	0	0	1604	86	2372	19
V1-C-146	V1	C	2	10	2	5	10	25	30	20	5	5	2	1	10	9	1	60	26	京都府	2	3	7	5	ok	0	4002	105	0	0	1617	86	2385	19
V1-C-147	V1	C	2	10	2	5	10	25	30	20	5	5	2	1	10	9	2	21	14	神奈川県	1	7	4	6	ok	0	4006	105	0	0	1619	86	2387	19
V1-C-148	V1	C	1	8	2	5	15	35	25	15	3	2	2	1	9	9	1	31	22	静岡県	2	8	6	1	ok	0	3962	105	0	0	1597	86	2365	19
V1-C-149	V1	C	2	10	2	5	10	25	30	20	5	5	2	1	10	9	2	20	15	新潟県	1	1	4	1	ok	0	3984	105	0	0	1608	86	2376	19
V1-C-150	V1	C	2	10	2	5	10	25	30	20	5	5	2	1	10	9	1	29	13	東京都	2	3	6	3	ok	0	4000	105	0	0	1616	86	2384	19
V1-C-151	V1	C	1	8	2	10	15	30	25	15	3	2	2	1	8	9	2	74	12	千葉県	2	6	1	2	ok	0	3988	105	0	0	1610	86	2378	19
V1-C-152	V1	C	2	10	2	5	10	25	30	20	5	5	2	1	10	9	1	40	10	群馬県	2	7	2	7	ok	0	3986	105	0	0	1609	86	2377	19
V1-C-153	V1	C	1	8	2	10	15	30	25	15	3	2	2	1	9	9	2	70	14	神奈川県	2	8	2	1	ok	0	3968	105	0	0	1600	86	2368	19
V1-C-154	V1	C	1	8	2	5	10	30	30	20	3	2	2	1	9	9	1	42	13	東京都	1	6	6	3	ok	0	3996	105	0	0	1614	86	2382	19
V1-C-155	V1	C	2	10	2	5	10	25	30	20	5	5	2	1	10	9	1	35	28	兵庫県	2	1	6	4	ok	0	3970	105	0	0	1601	86	2369	19
V1-C-156	V1	C	1	8	2	10	15	30	25	15	3	2	2	1	9	9	2	75	14	神奈川県	1	1	2	4	ok	0	3994	105	0	0	1613	86	2381	19
V1-C-157	V1	C	2	10	2	5	10	20	30	25	5	5	2	1	10	9	1	39	34	広島県	2	8	2	2	ok	0	3972	105	0	0	1602	86	2370	19
V1-C-158	V1	C	1	8	2	10	15	30	25	10	5	5	2	1	9	9	2	22	27	大阪府	1	3	1	3	ok	0	4032	105	0	0	1632	86	2400	19
V1-C-159	V1	C	1	8	2	10	15	30	25	15	3	2	2	1	9	9	2	57	12	千葉県	2	8	2	5	ok	0	3974	105	0	0	1603	86	2371	19
V1-C-160	V1	C	1	8	2	5	10	30	30	15	5	5	2	1	9	9	2	65	12	千葉県	2	9	6	3	ok	0	3958	105	0	0	1595	86	2363	19
V1-C-161	V1	C	1	8	2	5	15	35	25	15	3	2	2	1	9	9	1	57	28	兵庫県	2	8	2	7	ok	0	3978	105	0	0	1605	86	2373	19
V1-C-162	V1	C	1	8	2	10	15	30	25	15	3	2	2	1	9	11	1	51	13	東京都	1	1	2	5	ok	0	3990	105	0	0	1611	86	2379	19
V1-C-163	V1	C	2	10	2	5	10	25	30	20	5	5	2	1	10	9	1	41	40	福岡県	1	3	2	5	ok	0	4026	105	0	0	1629	86	2397	19
V1-C-164	V1	C	1	8	2	10	15	30	20	15	5	5	2	1	9	9	2	87	47	沖縄県	1	1	6	1	ok	0	3982	105	0	0	1607	86	2375	19
V1-C-165	V1	C	1	8	2	5	15	30	25	15	5	5	2	1	9	9	2	47	12	千葉県	1	1	4	2	ok	0	3992	105	0	0	1612	86	2380	19
V1-C-166	V1	C	1	8	2	5	10	30	30	15	5	5	2	1	9	9	1	67	11	埼玉県	2	8	2	2	ok	0	3976	105	0	0	1604	86	2372	19
V1-C-167	V1	C	1	8	2	5	15	30	25	15	5	5	2	1	9	11	1	45	13	東京都	2	8	6	4	ok	0	3968	105	0	0	1600	86	2368	19
V1-C-168	V1	C	1	8	2	10	15	30	25	15	3	2	2	1	8	11	1	61	11	埼玉県	1	6	6	1	ok	0	3990	103	0	0	1612	84	2378	19
V1-C-169	V1	C	2	10	2	5	10	25	35	20	3	2	2	1	10	9	1	62	14	神奈川県	2	1	6	7	ok	0	3972	105	0	0	1602	86	2370	19
V1-C-170	V1	C	2	10	2	5	10	25	30	20	5	5	2	1	10	9	2	24	14	神奈川県	1	1	1	2	ok	0	4000	105	0	0	1616	86	2384	19
V1-C-171	V1	C	2	10	2	5	10	25	35	15	5	5	2	1	9	11	1	47	13	東京都	2	8	6	6	ok	0	3968	105	0	0	1600	86	2368	19
V1-C-172	V1	C	1	8	2	10	15	30	25	15	3	2	2	1	8	9	2	49	22	静岡県	1	6	5	1	ok	0	3994	105	0	0	1613	86	2381	19
V1-C-173	V1	C	1	8	2	5	10	30	30	15	5	5	2	1	9	9	2	27	35	山口県	1	9	2	1	ok	0	3972	105	0	0	1602	86	2370	19
V1-C-174	V1	C	1	8	2	10	15	30	25	15	3	2	2	1	9	9	2	47	1	北海道	2	2	6	1	ok	0	3952	105	0	0	1592	86	2360	19
V1-C-175	V1	C	2	10	2	5	10	25	30	20	5	5	2	1	10	9	2	20	23	愛知県	1	4	4	3	ok	0	3986	105	0	0	1609	86	2377	19
V1-C-176	V1	C	1	8	2	5	10	30	30	15	5	5	2	1	9	11	1	77	26	京都府	2	8	6	1	ok	0	3960	105	0	0	1596	86	2364	19
V1-C-177	V1	C	2	10	2	5	10	25	30	20	5	5	2	1	10	9	1	45	12	千葉県	1	1	2	3	ok	0	3992	105	0	0	1612	86	2380	19
V1-C-178	V1	C	1	8	2	5	10	30	30	15	5	5	2	1	9	9	1	68	27	大阪府	2	1	6	1	ok	0	3960	105	0	0	1596	86	2364	19
V1-C-179	V1	C	1	8	2	5	10	30	30	15	5	5	2	1	9	9	2	85	26	京都府	1	1	2	4	ok	0	3990	105	0	0	1611	86	2379	19
V1-C-180	V1	C	1	8	2	5	15	30	25	15	5	5	2	1	9	9	2	23	14	神奈川県	2	7	6	2	ok	0	3982	105	0	0	1607	86	2375	19
V1-C-181	V1	C	1	8	2	5	10	30	30	15	5	5	2	1	9	9	1	72	23	愛知県	2	6	6	2	ok	0	3978	105	0	0	1605	86	2373	19
V1-C-182	V1	C	1	8	2	10	15	30	20	15	5	5	2	1	9	9	2	68	12	千葉県	2	6	1	4	ok	0	3988	105	0	0	1610	86	2378	19
V1-C-183	V1	C	1	8	2	5	15	35	25	15	3	2	2	1	9	9	2	50	12	千葉県	2	6	5	4	ok	0	3982	105	0	0	1607	86	2375	19
V1-C-184	V1	C	2	10	2	5	10	25	30	20	5	5	2	1	10	9	1	23	14	神奈川県	1	1	2	2	ok	0	3994	105	0	0	1613	86	2381	19
V1-C-185	V1	C	1	8	2	5	10	30	30	15	5	5	2	1	9	9	1	81	23	愛知県	2	8	1	2	ok	0	3980	105	0	0	1606	86	2374	19
V1-C-186	V1	C	1	8	2	5	15	30	25	15	5	5	2	1	9	9	2	72	25	滋賀県	2	1	2	1	ok	0	3966	105	0	0	1599	86	2367	19
V1-C-187	V1	C	1	8	2	5	15	30	25	15	5	5	2	1	9	9	2	58	13	東京都	2	6	6	5	ok	0	3976	105	0	0	1604	86	2372	19
V1-C-188	V1	C	1	8	2	5	10	30	30	15	5	5	2	1	9	11	2	49	27	大阪府	2	2	5	5	ok	0	3966	105	0	0	1599	86	2367	19
V1-C-189	V1	C	2	10	2	5	10	25	30	20	5	5	2	1	10	9	1	31	23	愛知県	1	7	6	7	ok	0	4002	105	0	0	1617	86	2385	19
V1-C-190	V1	C	1	8	2	10	15	30	20	15	5	5	2	1	8	11	2	82	4	宮城県	1	1	1	1	ok	0	3990	105	0	0	1611	86	2379	19
V1-C-191	V1	C	2	10	2	5	10	25	30	20	5	5	2	1	10	9	2	66	13	東京都	1	7	2	6	ok	0	4002	105	0	0	1617	86	2385	19
V1-C-192	V1	C	1	8	2	5	15	30	25	15	5	5	2	1	9	11	2	62	1	北海道	2	2	2	3	ok	0	3964	105	0	0	1598	86	2366	19
V1-C-193	V1	C	1	8	2	10	15	30	20	15	5	5	2	1	8	9	2	84	27	大阪府	1	8	2	1	ok	0	3986	105	0	0	1609	86	2377	19
V1-C-194	V1	C	1	8	2	5	15	35	25	15	3	2	2	1	9	9	2	41	38	愛媛県	2	2	2	7	ok	0	3968	103	0	0	1601	84	2367	19
V1-C-195	V1	C	2	10	2	5	10	25	30	20	5	5	2	1	10	9	1	58	40	福岡県	2	1	2	8	ok	0	3966	105	0	0	1599	86	2367	19
V1-C-196	V1	C	1	8	2	10	15	30	25	15	3	2	2	1	9	9	2	84	28	兵庫県	1	3	4	4	ok	0	4028	105	0	0	1630	86	2398	19
V1-C-197	V1	C	1	8	2	5	15	30	25	15	5	5	2	1	9	9	1	74	13	東京都	2	6	2	1	ok	0	3972	105	0	0	1602	86	2370	19
V1-C-198	V1	C	1	8	2	5	10	30	30	15	5	5	2	1	9	9	1	51	20	長野県	2	8	2	3	ok	0	3972	105	0	0	1602	86	2370	19
V1-C-199	V1	C	1	8	2	10	15	30	25	15	3	2	2	1	9	9	2	54	8	茨城県	2	6	1	7	ok	0	3990	105	0	0	1611	86	2379	19
V1-C-200	V1	C	1	8	2	5	10	30	30	15	5	5	2	1	9	9	2	58	27	大阪府	2	4	4	5	ok	0	3966	105	0	0	1599	86	2367	19
V1-C-201	V1	C	1	8	2	5	10	25	30	20	5	5	2	1	9	9	2	88	29	奈良県	1	1	1	4	ok	0	3998	105	0	0	1615	86	2383	19
V1-C-202	V1	C	1	8	2	5	10	25	30	20	5	5	2	1	9	9	2	75	41	佐賀県	2	1	2	2	ok	0	3974	105	0	0	1603	86	2371	19
V1-C-203	V1	C	1	8	2	5	15	30	25	15	5	5	2	1	9	9	2	47	27	大阪府	2	6	2	3	ok	0	3982	105	0	0	1607	86	2375	19
V1-C-204	V1	C	1	8	2	10	15	30	25	15	3	2	2	1	8	11	1	57	12	千葉県	1	6	2	1	ok	0	3992	103	0	0	1613	84	2379	19
V1-C-205	V1	C	2	10	2	5	10	25	30	20	5	5	2	1	10	9	2	25	35	山口県	1	1	2	2	ok	0	3990	105	0	0	1611	86	2379	19
V1-C-206	V1	C	1	8	2	10	15	30	25	15	3	2	2	1	9	11	2	46	43	熊本県	1	1	4	4	ok	0	3992	105	0	0	1612	86	2380	19
V1-C-207	V1	C	1	8	2	10	15	25	25	15	5	5	2	1	9	9	2	90	8	茨城県	1	1	2	1	ok	0	3984	105	0	0	1608	86	2376	19
V1-C-208	V1	C	2	10	2	5	10	25	30	20	5	5	2	1	10	9	1	53	13	東京都	2	1	6	2	ok	0	3966	105	0	0	1599	86	2367	19
V1-C-209	V1	C	1	8	2	5	10	30	30	15	5	5	2	1	9	9	1	68	13	東京都	2	8	7	6	ok	0	3970	105	0	0	1601	86	2369	19
V1-C-210	V1	C	1	8	2	10	15	30	25	15	3	2	2	1	8	11	2	44	28	兵庫県	2	6	2	1	ok	0	3976	105	0	0	1604	86	2372	19
V1-C-211	V1	C	1	8	2	10	15	30	25	15	3	2	2	1	8	11	1	79	23	愛知県	2	7	2	3	ok	0	3984	105	0	0	1608	86	2376	19
V1-C-212	V1	C	1	8	2	5	15	30	25	15	5	5	2	1	9	9	2	59	14	神奈川県	1	6	6	4	ok	0	3998	103	0	0	1616	84	2382	19
V1-C-213	V1	C	2	10	2	5	10	25	30	20	7	3	2	1	10	9	1	29	35	山口県	1	3	7	1	ok	0	4014	105	0	0	1623	86	2391	19
V1-C-214	V1	C	1	8	2	5	10	30	30	20	3	2	2	1	9	9	1	56	19	山梨県	1	1	3	6	ok	0	3996	105	0	0	1614	86	2382	19
V1-C-215	V1	C	2	10	2	5	10	25	30	20	5	5	2	1	10	9	1	30	34	広島県	2	7	7	6	ok	0	3980	105	0	0	1606	86	2374	19
V1-C-216	V1	C	2	10	2	5	10	25	30	20	5	5	2	1	10	9	1	44	14	神奈川県	1	1	6	5	ok	0	3990	105	0	0	1611	86	2379	19
V1-C-217	V1	C	1	8	2	10	15	30	25	15	3	2	2	1	9	9	2	61	14	神奈川県	1	1	1	1	ok	0	3990	103	0	0	1612	84	2378	19
V1-C-218	V1	C	1	8	2	10	15	30	25	10	5	5	2	1	9	9	2	64	24	三重県	1	7	2	7	ok	0	4004	105	0	0	1618	86	2386	19
V1-C-219	V1	C	2	10	2	5	10	25	30	20	5	5	2	1	10	9	1	33	4	宮城県	1	3	6	5	ok	0	4022	105	0	0	1627	86	2395	19
V1-C-220	V1	C	2	10	2	5	10	25	30	20	5	5	2	1	10	9	2	46	7	福島県	2	1	2	6	ok	0	3970	105	0	0	1601	86	2369	19
V1-C-221	V1	C	1	8	2	10	15	30	20	15	5	5	2	1	9	9	2	87	7	福島県	1	1	1	1	ok	0	3988	105	0	0	1610	86	2378	19
V1-C-222	V1	C	1	8	2	10	15	30	25	15	3	2	2	1	8	11	2	73	27	大阪府	1	8	1	1	ok	0	3992	105	0	0	1612	86	2380	19
V1-C-223	V1	C	2	10	2	5	10	25	30	20	7	3	2	1	10	9	1	54	4	宮城県	2	2	6	5	ok	0	3962	105	0	0	1597	86	2365	19
V1-C-224	V1	C	1	8	2	5	10	30	30	15	5	5	2	1	9	9	1	67	14	神奈川県	2	6	3	1	ok	0	3980	105	0	0	1606	86	2374	19
V1-C-225	V1	C	1	8	2	5	10	25	30	20	5	5	2	1	9	9	1	36	33	岡山県	2	8	1	3	ok	0	3980	105	0	0	1606	86	2374	19
V1-C-226	V1	C	1	8	2	10	15	30	25	15	3	2	2	1	9	9	2	43	27	大阪府	1	8	5	1	ok	0	3986	105	0	0	1609	86	2377	19
V1-C-227	V1	C	2	10	2	5	10	25	30	20	5	5	2	1	10	9	1	56	23	愛知県	2	7	4	6	ok	0	3984	105	0	0	1608	86	2376	19
V1-C-228	V1	C	1	8	2	5	15	30	25	15	5	5	2	1	9	9	2	76	22	静岡県	2	7	2	5	ok	0	3984	105	0	0	1608	86	2376	19
V1-C-229	V1	C	1	8	2	5	10	30	30	15	5	5	2	1	9	9	1	61	11	埼玉県	1	6	6	2	ok	0	4000	105	0	0	1616	86	2384	19
V1-C-230	V1	C	1	8	2	5	10	30	30	15	5	5	2	1	9	9	1	32	28	兵庫県	1	7	6	3	ok	0	4002	105	0	0	1617	86	2385	19
V1-C-231	V1	C	1	8	2	10	15	30	25	15	3	2	2	1	9	9	2	76	11	埼玉県	1	6	5	1	ok	0	3996	105	0	0	1614	86	2382	19
V1-C-232	V1	C	1	8	2	5	10	30	30	15	5	5	2	1	9	9	2	75	23	愛知県	2	8	1	5	ok	0	3980	105	0	0	1606	86	2374	19
V1-C-233	V1	C	1	8	2	5	10	30	30	15	5	5	2	1	9	11	1	48	23	愛知県	2	8	6	1	ok	0	3962	105	0	0	1597	86	2365	19
V1-C-234	V1	C	1	8	2	10	15	30	20	15	5	5	2	1	8	9	1	81	13	東京都	2	7	2	1	ok	0	3974	105	0	0	1603	86	2371	19
V1-C-235	V1	C	1	8	2	5	10	30	30	15	5	5	2	1	9	11	1	65	27	大阪府	1	7	6	5	ok	0	3998	103	0	0	1616	84	2382	19
V1-C-236	V1	C	1	8	2	5	15	30	25	15	5	5	2	1	9	9	2	43	23	愛知県	1	7	6	4	ok	0	4000	105	0	0	1616	86	2384	19
V1-C-237	V1	C	1	8	2	10	15	30	25	15	3	2	2	1	9	9	2	36	40	福岡県	1	2	4	4	ok	0	3986	105	0	0	1609	86	2377	19
V1-C-238	V1	C	2	10	2	5	10	25	30	20	5	5	2	1	10	9	2	20	11	埼玉県	1	1	4	4	ok	0	3994	105	0	0	1613	86	2381	19
V1-C-239	V1	C	1	8	2	5	10	30	30	15	5	5	2	1	9	9	2	79	12	千葉県	2	1	2	3	ok	0	3972	105	0	0	1602	86	2370	19
V1-C-240	V1	C	1	8	2	10	15	30	25	15	3	2	2	1	9	9	2	33	11	埼玉県	2	8	5	1	ok	0	3968	105	0	0	1600	86	2368	19
V1-C-241	V1	C	1	8	2	5	10	25	30	20	5	5	2	1	9	9	2	91	22	静岡県	1	1	1	4	ok	0	3998	105	0	0	1615	86	2383	19
V1-C-242	V1	C	2	10	2	5	10	25	30	20	5	5	2	1	9	9	1	59	7	福島県	2	1	2	2	ok	0	3970	105	0	0	1601	86	2369	19
V1-C-243	V1	C	1	8	2	10	15	30	25	15	3	2	2	1	9	9	2	48	46	鹿児島県	1	6	2	4	ok	0	4006	105	0	0	1619	86	2387	19
V1-C-244	V1	C	1	8	2	5	15	30	25	15	5	5	2	1	9	9	1	75	12	千葉県	2	7	6	1	ok	0	3972	105	0	0	1602	86	2370	19
V1-C-245	V1	C	1	8	2	10	15	30	25	15	3	2	2	1	9	9	2	69	1	北海道	1	1	2	2	ok	0	3990	105	0	0	1611	86	2379	19
V1-C-246	V1	C	2	10	2	5	10	25	30	20	5	5	2	1	10	9	1	42	12	千葉県	1	1	2	4	ok	0	3992	105	0	0	1612	86	2380	19
V1-C-247	V1	C	2	10	2	5	10	25	30	20	5	5	2	1	10	9	1	26	28	兵庫県	1	8	6	1	ok	0	3984	105	0	0	1608	86	2376	19
V1-C-248	V1	C	1	8	2	5	10	30	30	15	5	5	2	1	9	9	2	43	11	埼玉県	2	1	1	8	ok	0	3974	105	0	0	1603	86	2371	19
V1-C-249	V1	C	1	8	2	10	15	30	25	15	3	2	2	1	8	9	2	65	13	東京都	1	2	1	6	ok	0	3990	105	0	0	1611	86	2379	19
V1-C-250	V1	C	1	8	2	10	15	30	20	15	5	5	2	1	9	11	2	30	13	東京都	2	7	1	2	ok	0	3988	105	0	0	1610	86	2378	19
V1-D-001	V1	D	1	8	2	10	15	30	20	15	5	5	3	1	9	9	2	86	22	静岡県	1	8	1	2	ok	0	3950	105	0	0	1616	86	2334	19
V1-D-002	V1	D	1	8	2	5	10	30	30	15	5	5	3	1	9	9	2	40	34	広島県	2	8	6	1	ok	0	3910	105	0	0	1596	86	2314	19
V1-D-003	V1	D	1	8	2	10	15	30	20	15	5	5	3	1	8	9	2	82	1	北海道	2	7	2	1	ok	0	3924	105	0	0	1603	86	2321	19
V1-D-004	V1	D	1	8	2	10	15	30	20	15	5	5	3	1	9	9	2	96	26	京都府	1	7	2	2	ok	0	3952	105	0	0	1617	86	2335	19
V1-D-005	V1	D	1	8	2	5	15	30	25	15	5	5	3	1	9	11	2	60	19	山梨県	2	1	2	3	ok	0	3922	105	0	0	1602	86	2320	19
V1-D-006	V1	D	1	8	2	5	10	30	30	15	5	5	3	1	9	9	1	57	1	北海道	1	8	6	5	ok	0	3938	105	0	0	1610	86	2328	19
V1-D-007	V1	D	1	8	2	10	15	30	20	15	5	5	3	1	9	9	2	25	26	京都府	1	8	1	3	ok	0	3948	105	0	0	1615	86	2333	19
V1-D-008	V1	D	1	8	2	5	10	30	30	15	5	5	3	1	9	9	1	57	11	埼玉県	2	1	2	6	ok	0	3924	105	0	0	1603	86	2321	19
V1-D-009	V1	D	1	8	2	5	15	30	25	15	5	5	3	1	9	9	1	71	10	群馬県	1	8	6	6	ok	0	3940	105	0	0	1611	86	2329	19
V1-D-010	V1	D	2	10	2	5	10	25	30	20	5	5	3	1	9	9	1	72	11	埼玉県	2	7	2	6	ok	0	3936	105	0	0	1609	86	2327	19
V1-D-011	V1	D	1	8	2	10	15	30	25	15	3	2	3	1	9	9	2	74	13	東京都	2	6	5	7	ok	0	3932	105	0	0	1607	86	2325	19
V1-D-012	V1	D	1	8	2	10	15	30	25	15	3	2	3	1	9	9	2	47	1	北海道	2	7	2	1	ok	0	3924	105	0	0	1603	86	2321	19
V1-D-013	V1	D	2	10	2	5	10	25	30	20	5	5	3	1	10	9	1	35	2	青森県	1	6	2	8	ok	0	3944	105	0	0	1613	86	2331	19
V1-D-014	V1	D	1	8	2	10	15	30	25	15	3	2	3	1	9	9	2	41	27	大阪府	2	1	2	1	ok	0	3914	105	0	0	1598	86	2316	19
V1-D-015	V1	D	1	8	2	10	15	30	25	15	3	2	3	1	9	9	2	72	13	東京都	2	8	2	1	ok	0	3914	105	0	0	1598	86	2316	19
V1-D-016	V1	D	1	8	2	10	15	30	25	15	3	2	3	1	9	9	2	80	13	東京都	2	6	2	4	ok	0	3930	105	0	0	1606	86	2324	19
V1-D-017	V1	D	2	10	2	5	10	25	30	20	5	5	3	1	10	9	1	47	13	東京都	1	7	6	7	ok	0	3950	105	0	0	1616	86	2334	19
V1-D-018	V1	D	1	8	2	5	10	30	30	15	5	5	3	1	9	9	1	54	28	兵庫県	2	6	6	5	ok	0	3930	105	0	0	1606	86	2324	19
V1-D-019	V1	D	1	8	2	5	15	30	25	15	5	5	3	1	9	11	2	54	26	京都府	1	8	2	3	ok	0	3942	105	0	0	1612	86	2330	19
V1-D-020	V1	D	2	10	2	5	10	25	30	20	5	5	3	1	10	9	1	38	34	広島県	2	8	6	5	ok	0	3918	105	0	0	1600	86	2318	19
V1-D-021	V1	D	1	8	2	5	10	30	30	15	5	5	3	1	9	9	2	23	27	大阪府	1	4	5	1	ok	0	3928	105	0	0	1605	86	2323	19
V1-D-022	V1	D	1	8	2	5	10	30	30	15	5	5	3	1	9	9	1	55	42	長崎県	2	1	2	4	ok	0	3920	103	0	0	1602	84	2318	19
V1-D-023	V1	D	2	11	2	5	10	25	30	20	5	5	3	1	10	9	1	48	7	福島県	2	6	2	7	ok	0	3932	105	0	0	1607	86	2325	19
V1-D-024	V1	D	2	10	2	5	10	25	30	20	5	5	3	1	10	9	1	36	23	愛知県	2	7	6	4	ok	0	3930	105	0	0	1606	86	2324	19
V1-D-025	V1	D	1	8	2	10	15	30	25	15	3	2	3	1	9	11	1	38	13	東京都	1	7	6	1	ok	0	3940	105	0	0	1611	86	2329	19
V1-D-026	V1	D	2	10	2	5	10	25	30	20	5	5	3	1	10	9	1	59	23	愛知県	1	8	4	6	ok	0	3944	105	0	0	1613	86	2331	19
V1-D-027	V1	D	2	10	2	5	10	25	30	20	5	5	3	1	10	11	2	31	34	広島県	2	1	6	4	ok	0	3916	105	0	0	1599	86	2317	19
V1-D-028	V1	D	1	8	2	5	10	30	30	15	5	5	3	1	9	9	2	57	25	滋賀県	2	8	2	2	ok	0	3926	105	0	0	1604	86	2322	19
V1-D-029	V1	D	1	8	2	5	15	30	25	15	5	5	3	1	9	9	2	78	13	東京都	2	6	2	2	ok	0	3930	105	0	0	1606	86	2324	19
V1-D-030	V1	D	2	10	2	5	10	25	30	20	5	5	3	1	10	9	1	59	4	宮城県	1	3	2	5	ok	0	3976	105	0	0	1629	86	2347	19
V1-D-031	V1	D	2	10	2	5	10	25	30	20	5	5	3	1	9	9	2	40	12	千葉県	2	1	6	6	ok	0	3918	105	0	0	1600	86	2318	19
V1-D-032	V1	D	2	10	2	5	10	25	30	20	5	5	3	1	10	9	1	62	13	東京都	2	4	6	6	ok	0	3910	105	0	0	1596	86	2314	19
V1-D-033	V1	D	1	8	2	10	15	30	25	15	3	2	3	1	9	9	1	82	27	大阪府	1	6	1	2	ok	0	3958	105	0	0	1620	86	2338	19
V1-D-034	V1	D	1	8	2	10	15	30	25	15	3	2	3	1	9	11	2	52	12	千葉県	2	2	6	1	ok	0	3904	105	0	0	1593	86	2311	19
V1-D-035	V1	D	1	8	2	10	15	30	20	15	5	5	3	1	8	9	2	65	14	神奈川県	2	2	1	2	ok	0	3924	105	0	0	1603	86	2321	19
V1-D-036	V1	D	1	8	2	5	10	30	25	20	5	5	3	1	9	9	2	72	43	熊本県	2	7	2	3	ok	0	3934	105	0	0	1608	86	2326	19
V1-D-037	V1	D	2	10	2	5	10	25	30	20	5	5	3	1	10	9	1	52	15	新潟県	1	2	2	8	ok	0	3930	105	0	0	1606	86	2324	19
V1-D-038	V1	D	1	8	2	5	10	30	30	15	5	5	3	1	9	9	1	67	14	神奈川県	1	8	1	4	ok	0	3952	105	0	0	1617	86	2335	19
V1-D-039	V1	D	1	8	2	10	15	30	25	15	3	2	3	1	9	9	2	27	14	神奈川県	1	1	5	1	ok	0	3936	105	0	0	1609	86	2327	19
V1-D-040	V1	D	2	10	2	5	10	25	30	20	5	5	3	1	9	9	1	62	4	宮城県	2	1	6	1	ok	0	3910	105	0	0	1596	86	2314	19
V1-D-041	V1	D	1	8	2	5	15	35	25	15	3	2	3	1	9	9	2	56	1	北海道	2	1	2	3	ok	0	3920	105	0	0	1601	86	2319	19
V1-D-042	V1	D	1	8	2	5	10	30	30	15	5	5	3	1	9	9	1	34	26	京都府	2	7	6	2	ok	0	3928	105	0	0	1605	86	2323	19
V1-D-043	V1	D	1	8	2	10	15	25	25	15	5	5	3	1	8	11	2	89	14	神奈川県	1	7	2	1	ok	0	3948	105	0	0	1615	86	2333	19
V1-D-044	V1	D	1	8	2	10	15	30	25	15	3	2	3	1	9	11	2	36	12	千葉県	2	7	6	4	ok	0	3930	105	0	0	1606	86	2324	19
V1-D-045	V1	D	1	8	2	5	15	30	30	15	3	2	3	1	9	9	2	76	13	東京都	1	1	6	5	ok	0	3936	105	0	0	1609	86	2327	19
V1-D-046	V1	D	1	8	2	5	15	35	25	15	3	2	3	1	9	11	2	61	14	神奈川県	1	8	4	2	ok	0	3946	105	0	0	1614	86	2332	19
V1-D-047	V1	D	1	8	2	10	15	30	25	15	3	2	3	1	8	11	2	76	12	千葉県	1	1	1	2	ok	0	3948	105	0	0	1615	86	2333	19
V1-D-048	V1	D	1	8	2	5	10	30	30	15	5	5	3	1	9	9	2	46	16	富山県	2	1	6	4	ok	0	3916	105	0	0	1599	86	2317	19
V1-D-049	V1	D	2	11	2	5	10	25	30	20	5	5	3	1	9	9	1	25	14	神奈川県	2	1	6	3	ok	0	3920	105	0	0	1601	86	2319	19
V1-D-050	V1	D	2	10	2	5	10	25	30	20	5	5	3	1	10	9	2	52	26	京都府	1	1	2	6	ok	0	3940	105	0	0	1611	86	2329	19
V1-D-051	V1	D	2	10	2	5	10	25	30	20	7	3	3	1	10	9	1	68	14	神奈川県	2	1	6	7	ok	0	3922	105	0	0	1602	86	2320	19
V1-D-052	V1	D	1	8	2	5	10	30	30	15	5	5	3	1	9	9	1	74	27	大阪府	2	6	6	2	ok	0	3926	103	0	0	1605	84	2321	19
V1-D-053	V1	D	1	8	2	5	15	30	25	15	5	5	3	1	8	9	2	57	28	兵庫県	1	7	2	1	ok	0	3948	105	0	0	1615	86	2333	19
V1-D-054	V1	D	1	8	2	10	15	30	25	15	3	2	3	1	9	9	2	61	36	徳島県	2	1	2	1	ok	0	3914	105	0	0	1598	86	2316	19
V1-D-055	V1	D	2	10	2	5	10	25	30	20	5	5	3	1	10	9	1	54	13	東京都	2	2	6	6	ok	0	3910	105	0	0	1596	86	2314	19
V1-D-056	V1	D	1	8	2	10	15	30	20	15	5	5	3	1	8	9	2	80	27	大阪府	1	6	1	1	ok	0	3950	105	0	0	1616	86	2334	19
V1-D-057	V1	D	2	10	2	5	10	25	30	20	5	5	3	1	9	9	1	54	27	大阪府	2	6	2	7	ok	0	3934	105	0	0	1608	86	2326	19
V1-D-058	V1	D	1	8	2	10	15	30	25	15	3	2	3	1	9	9	2	73	22	静岡県	2	6	6	4	ok	0	3928	105	0	0	1605	86	2323	19
V1-D-059	V1	D	1	8	2	5	15	35	25	15	3	2	3	1	9	9	2	29	9	栃木県	2	6	6	3	ok	0	3928	105	0	0	1605	86	2323	19
V1-D-060	V1	D	1	8	2	5	10	30	30	15	5	5	3	1	9	9	1	83	14	神奈川県	2	8	7	8	ok	0	3918	105	0	0	1600	86	2318	19
V1-D-061	V1	D	1	8	2	5	10	30	30	15	5	5	3	1	9	11	1	68	13	東京都	1	6	2	2	ok	0	3950	105	0	0	1616	86	2334	19
V1-D-062	V1	D	2	10	2	5	10	25	30	20	5	5	3	1	10	9	1	36	38	愛媛県	2	8	6	2	ok	0	3922	105	0	0	1602	86	2320	19
V1-D-063	V1	D	2	10	2	5	10	25	30	20	7	3	3	1	10	9	2	51	13	東京都	2	1	6	5	ok	0	3916	105	0	0	1599	86	2317	19
V1-D-064	V1	D	2	10	2	5	10	25	30	20	5	5	3	1	10	9	1	21	13	東京都	1	1	2	3	ok	0	3940	105	0	0	1611	86	2329	19
V1-D-065	V1	D	1	8	2	10	15	30	25	15	3	2	3	1	9	9	2	57	22	静岡県	2	7	2	5	ok	0	3934	105	0	0	1608	86	2326	19
V1-D-066	V1	D	1	8	2	5	15	30	25	15	5	5	3	1	9	9	1	26	27	大阪府	1	6	6	1	ok	0	3940	105	0	0	1611	86	2329	19
V1-D-067	V1	D	1	8	2	10	15	30	25	10	5	5	3	1	9	11	2	36	12	千葉県	2	1	2	4	ok	0	3922	105	0	0	1602	86	2320	19
V1-D-068	V1	D	1	8	2	5	15	30	25	15	5	5	3	1	9	9	1	61	34	広島県	2	2	6	4	ok	0	3910	105	0	0	1596	86	2314	19
V1-D-069	V1	D	1	8	2	5	10	30	30	15	5	5	3	1	9	9	1	68	12	千葉県	2	1	1	1	ok	0	3920	105	0	0	1601	86	2319	19
V1-D-070	V1	D	2	10	2	5	10	25	30	20	5	5	3	1	10	9	1	31	33	岡山県	1	1	6	1	ok	0	3930	105	0	0	1606	86	2324	19
V1-D-071	V1	D	1	8	2	5	10	30	30	15	5	5	3	1	9	9	2	72	15	新潟県	1	8	4	8	ok	0	3938	105	0	0	1610	86	2328	19
V1-D-072	V1	D	1	8	2	5	10	25	30	20	5	5	3	1	9	9	2	69	37	香川県	2	6	5	6	ok	0	3930	105	0	0	1606	86	2324	19
V1-D-073	V1	D	1	8	2	10	15	30	25	15	3	2	3	1	9	11	1	37	28	兵庫県	1	1	2	1	ok	0	3936	105	0	0	1609	86	2327	19
V1-D-074	V1	D	1	8	2	10	15	30	20	15	5	5	3	1	8	9	2	80	24	三重県	1	7	2	1	ok	0	3944	105	0	0	1613	86	2331	19
V1-D-075	V1	D	1	8	2	10	15	30	25	15	3	2	3	1	9	9	2	81	23	愛知県	1	8	2	5	ok	0	3944	105	0	0	1613	86	2331	19
V1-D-076	V1	D	1	8	2	10	15	30	25	15	3	2	3	1	9	9	2	67	13	東京都	2	8	1	1	ok	0	3920	105	0	0	1601	86	2319	19
V1-D-077	V1	D	2	10	2	5	10	25	30	20	5	5	3	1	10	11	1	38	29	奈良県	2	2	2	3	ok	0	3916	105	0	0	1599	86	2317	19
V1-D-078	V1	D	2	10	2	5	10	25	30	20	5	5	3	1	10	9	1	51	15	新潟県	2	1	2	7	ok	0	3924	105	0	0	1603	86	2321	19
V1-D-079	V1	D	1	8	2	5	15	35	25	15	3	2	3	1	9	9	2	41	14	神奈川県	1	7	6	1	ok	0	3944	105	0	0	1613	86	2331	19
V1-D-080	V1	D	1	8	2	10	15	30	25	15	3	2	3	1	9	11	2	89	13	東京都	1	1	6	1	ok	0	3928	105	0	0	1605	86	2323	19
V1-D-081	V1	D	1	8	2	10	15	30	25	15	3	2	3	1	8	9	2	74	33	岡山県	2	6	2	1	ok	0	3924	105	0	0	1603	86	2321	19
V1-D-082	V1	D	1	8	2	10	15	25	25	15	5	5	3	1	8	9	2	81	23	愛知県	1	6	2	1	ok	0	3944	105	0	0	1613	86	2331	19
V1-D-083	V1	D	1	8	2	10	15	30	25	15	3	2	3	1	9	9	1	73	14	神奈川県	2	6	6	1	ok	0	3922	105	0	0	1602	86	2320	19
V1-D-084	V1	D	1	8	2	10	15	30	25	15	3	2	3	1	9	9	2	73	2	青森県	2	7	1	6	ok	0	3938	105	0	0	1610	86	2328	19
V1-D-085	V1	D	1	8	2	5	10	25	30	20	5	5	3	1	9	9	2	96	16	富山県	1	8	2	2	ok	0	3942	105	0	0	1612	86	2330	19
V1-D-086	V1	D	2	10	2	5	10	25	30	20	5	5	3	1	10	9	1	42	27	大阪府	2	6	2	5	ok	0	3932	105	0	0	1607	86	2325	19
V1-D-087	V1	D	2	10	2	5	10	25	30	20	5	5	3	1	10	9	1	34	13	東京都	1	1	6	1	ok	0	3928	105	0	0	1605	86	2323	19
V1-D-088	V1	D	1	8	2	10	15	30	25	15	3	2	3	1	9	9	2	72	1	北海道	2	6	2	2	ok	0	3930	105	0	0	1606	86	2324	19
V1-D-089	V1	D	1	8	2	10	15	30	25	15	3	2	3	1	9	9	2	66	27	大阪府	1	6	6	1	ok	0	3940	105	0	0	1611	86	2329	19
V1-D-090	V1	D	1	8	2	5	15	35	25	15	3	2	3	1	9	9	2	42	12	千葉県	2	6	6	4	ok	0	3928	105	0	0	1605	86	2323	19
V1-D-091	V1	D	2	10	2	5	10	25	30	20	5	5	3	1	10	9	2	20	14	神奈川県	1	2	6	5	ok	0	3934	105	0	0	1608	86	2326	19
V1-D-092	V1	D	1	8	2	5	10	30	30	15	5	5	3	1	9	11	1	66	43	熊本県	2	8	2	1	ok	0	3916	105	0	0	1599	86	2317	19
V1-D-093	V1	D	1	8	2	10	15	30	20	15	5	5	3	1	9	9	2	88	27	大阪府	1	1	2	2	ok	0	3942	105	0	0	1612	86	2330	19
V1-D-094	V1	D	1	8	2	10	15	30	25	15	3	2	3	1	9	11	2	43	27	大阪府	2	6	6	2	ok	0	3928	105	0	0	1605	86	2323	19
V1-D-095	V1	D	1	8	2	10	15	30	25	15	3	2	3	1	9	9	2	38	29	奈良県	2	8	6	2	ok	0	3920	105	0	0	1601	86	2319	19
V1-D-096	V1	D	1	8	2	10	15	30	25	15	3	2	3	1	9	9	2	82	5	秋田県	2	8	2	2	ok	0	3924	105	0	0	1603	86	2321	19
V1-D-097	V1	D	1	8	2	5	10	30	30	15	5	5	3	1	9	9	1	62	27	大阪府	2	2	2	2	ok	0	3916	105	0	0	1599	86	2317	19
V1-D-098	V1	D	1	8	2	5	15	35	25	15	3	2	3	1	9	9	2	41	13	東京都	2	7	2	4	ok	0	3932	105	0	0	1607	86	2325	19
V1-D-099	V1	D	1	8	2	10	15	30	25	15	3	2	3	1	9	11	2	22	1	北海道	2	1	2	1	ok	0	3912	105	0	0	1597	86	2315	19
V1-D-100	V1	D	2	10	2	5	10	25	30	20	5	5	3	1	10	9	1	20	24	三重県	1	7	6	1	ok	0	3940	105	0	0	1611	86	2329	19
V1-D-101	V1	D	1	8	2	10	15	30	25	15	3	2	3	1	9	9	2	33	1	北海道	2	6	2	4	ok	0	3930	105	0	0	1606	86	2324	19
V1-D-102	V1	D	2	10	2	5	10	25	30	20	5	5	3	1	10	9	1	34	28	兵庫県	1	8	2	5	ok	0	3946	105	0	0	1614	86	2332	19
V1-D-103	V1	D	1	8	2	10	15	30	25	15	3	2	3	1	9	11	1	55	1	北海道	2	2	6	2	ok	0	3910	105	0	0	1596	86	2314	19
V1-D-104	V1	D	2	10	2	5	10	25	30	20	5	5	3	1	10	9	1	28	12	千葉県	1	1	6	2	ok	0	3938	105	0	0	1610	86	2328	19
V1-D-105	V1	D	1	8	2	10	15	30	25	15	3	2	3	1	9	9	2	35	14	神奈川県	1	6	6	2	ok	0	3950	105	0	0	1616	86	2334	19
V1-D-106	V1	D	2	10	2	5	10	25	30	20	7	3	3	1	10	9	1	25	11	埼玉県	1	7	6	4	ok	0	3952	105	0	0	1617	86	2335	19
V1-D-107	V1	D	2	10	2	5	10	25	30	20	5	5	3	1	10	9	1	20	13	東京都	1	1	6	4	ok	0	3936	105	0	0	1609	86	2327	19
V1-D-108	V1	D	1	8	2	5	10	30	30	15	5	5	3	1	9	9	2	56	47	沖縄県	1	1	2	6	ok	0	3944	105	0	0	1613	86	2331	19
V1-D-109	V1	D	2	10	2	5	10	25	30	20	5	5	3	1	10	9	1	42	13	東京都	2	1	2	8	ok	0	3914	105	0	0	1598	86	2316	19
V1-D-110	V1	D	2	10	2	5	10	25	30	20	5	5	3	1	10	9	1	53	7	福島県	2	2	2	5	ok	0	3914	105	0	0	1598	86	2316	19
V1-D-111	V1	D	1	8	2	5	10	30	30	15	5	5	3	1	9	11	2	46	13	東京都	2	1	2	7	ok	0	3922	105	0	0	1602	86	2320	19
V1-D-112	V1	D	1	8	2	10	15	30	25	15	3	2	3	1	9	11	2	56	27	大阪府	2	6	2	6	ok	0	3932	105	0	0	1607	86	2325	19
V1-D-113	V1	D	2	10	2	5	10	25	30	20	5	5	3	1	10	9	1	21	22	静岡県	1	8	2	4	ok	0	3944	105	0	0	1613	86	2331	19
V1-D-114	V1	D	1	8	2	10	15	30	25	15	3	2	3	1	9	9	1	62	10	群馬県	1	8	1	1	ok	0	3942	105	0	0	1612	86	2330	19
V1-D-115	V1	D	1	8	2	5	15	35	25	15	3	2	3	1	9	9	2	56	4	宮城県	2	8	6	6	ok	0	3920	105	0	0	1601	86	2319	19
V1-D-116	V1	D	1	8	2	5	10	30	30	15	5	5	3	1	9	9	2	72	13	東京都	2	8	4	3	ok	0	3922	105	0	0	1602	86	2320	19
V1-D-117	V1	D	1	8	2	10	15	30	25	15	3	2	3	1	9	9	2	55	23	愛知県	2	8	1	4	ok	0	3930	105	0	0	1606	86	2324	19
V1-D-118	V1	D	2	10	2	5	10	25	30	20	5	5	3	1	10	9	2	42	34	広島県	1	8	6	8	ok	0	3932	105	0	0	1607	86	2325	19
V1-D-119	V1	D	2	10	2	5	10	25	35	15	5	5	3	1	10	11	1	58	27	大阪府	2	3	2	6	ok	0	3956	105	0	0	1619	86	2337	19
V1-D-120	V1	D	2	10	2	5	10	25	30	20	5	5	3	1	10	9	1	59	24	三重県	2	1	2	6	ok	0	3920	105	0	0	1601	86	2319	19
V1-D-121	V1	D	1	8	2	5	10	30	30	15	5	5	3	1	9	11	2	32	20	長野県	2	6	6	6	ok	0	3926	105	0	0	1604	86	2322	19
V1-D-122	V1	D	1	8	2	5	15	30	25	15	5	5	3	1	9	11	2	32	13	東京都	2	8	4	6	ok	0	3922	105	0	0	1602	86	2320	19
V1-D-123	V1	D	2	10	2	5	10	25	30	20	5	5	3	1	9	9	1	66	12	千葉県	2	8	6	8	ok	0	3914	105	0	0	1598	86	2316	19
V1-D-124	V1	D	1	8	2	5	10	30	30	15	5	5	3	1	9	11	1	59	45	宮崎県	2	8	2	5	ok	0	3926	105	0	0	1604	86	2322	19
V1-D-125	V1	D	2	10	2	5	10	25	30	20	5	5	3	1	9	9	1	61	15	新潟県	2	6	2	4	ok	0	3932	105	0	0	1607	86	2325	19
V1-D-126	V1	D	1	8	2	10	15	30	25	15	3	2	3	1	9	9	2	84	13	東京都	1	1	2	2	ok	0	3940	105	0	0	1611	86	2329	19
V1-D-127	V1	D	2	10	2	5	10	25	30	20	5	5	3	1	10	9	1	25	31	鳥取県	1	7	2	1	ok	0	3948	105	0	0	1615	86	2333	19
V1-D-128	V1	D	2	10	2	5	10	25	35	15	5	5	3	1	10	9	1	31	13	東京都	2	2	2	6	ok	0	3914	105	0	0	1598	86	2316	19
V1-D-129	V1	D	1	8	2	10	15	30	25	15	3	2	3	1	9	9	2	76	14	神奈川県	2	8	1	2	ok	0	3932	105	0	0	1607	86	2325	19
V1-D-130	V1	D	1	8	2	10	15	30	25	15	3	2	3	1	9	9	1	34	23	愛知県	2	6	2	5	ok	0	3932	105	0	0	1607	86	2325	19
V1-D-131	V1	D	1	8	2	5	10	25	30	20	5	5	3	1	9	9	2	79	24	三重県	1	1	2	4	ok	0	3940	105	0	0	1611	86	2329	19
V1-D-132	V1	D	1	8	2	5	10	30	30	15	5	5	3	1	9	9	1	71	11	埼玉県	1	9	6	2	ok	0	3930	105	0	0	1606	86	2324	19
V1-D-133	V1	D	1	8	2	5	10	30	30	15	5	5	3	1	9	11	1	54	12	千葉県	1	1	2	5	ok	0	3942	105	0	0	1612	86	2330	19
V1-D-134	V1	D	2	10	2	5	10	25	30	20	5	5	3	1	10	9	1	22	27	大阪府	1	1	6	2	ok	0	3938	105	0	0	1610	86	2328	19
V1-D-135	V1	D	1	8	2	5	10	30	30	15	5	5	3	1	9	9	1	38	33	岡山県	2	1	2	5	ok	0	3922	105	0	0	1602	86	2320	19
V1-D-136	V1	D	2	11	2	5	10	25	30	20	5	5	3	1	10	9	1	30	9	栃木県	2	1	2	4	ok	0	3922	105	0	0	1602	86	2320	19
V1-D-137	V1	D	2	10	2	5	10	25	30	20	5	5	3	1	10	9	1	54	26	京都府	2	8	2	2	ok	0	3922	105	0	0	1602	86	2320	19
V1-D-138	V1	D	1	8	2	5	15	35	25	15	3	2	3	1	9	9	2	54	34	広島県	2	1	4	5	ok	0	3920	105	0	0	1601	86	2319	19
V1-D-139	V1	D	1	8	2	5	15	35	25	15	3	2	3	1	9	9	1	76	40	福岡県	2	8	2	1	ok	0	3916	105	0	0	1599	86	2317	19
V1-D-140	V1	D	1	8	2	5	10	30	30	15	5	5	3	1	9	9	1	42	25	滋賀県	2	1	2	4	ok	0	3924	105	0	0	1603	86	2321	19
V1-D-141	V1	D	2	10	2	5	10	25	30	20	5	5	3	1	10	9	1	58	12	千葉県	2	2	4	5	ok	0	3916	105	0	0	1599	86	2317	19
V1-D-142	V1	D	1	8	2	10	15	30	25	10	5	5	3	1	9	9	2	32	40	福岡県	1	2	1	3	ok	0	3942	105	0	0	1612	86	2330	19
V1-D-143	V1	D	1	8	2	5	10	30	30	15	5	5	3	1	9	9	1	75	13	東京都	2	7	6	4	ok	0	3928	105	0	0	1605	86	2323	19
V1-D-144	V1	D	2	10	2	5	10	25	30	20	5	5	3	1	10	9	1	32	28	兵庫県	2	1	6	1	ok	0	3912	105	0	0	1597	86	2315	19
V1-D-145	V1	D	1	8	2	5	10	30	30	15	5	5	3	1	9	9	2	57	14	神奈川県	2	1	2	8	ok	0	3918	105	0	0	1600	86	2318	19
V1-D-146	V1	D	1	8	2	10	15	30	25	15	3	2	3	1	9	9	1	61	4	宮城県	2	6	2	3	ok	0	3932	105	0	0	1607	86	2325	19
V1-D-147	V1	D	1	8	2	10	15	30	25	15	3	2	3	1	9	11	2	54	27	大阪府	1	1	4	4	ok	0	3942	105	0	0	1612	86	2330	19
V1-D-148	V1	D	1	8	2	10	15	30	25	15	3	2	3	1	9	9	2	62	40	福岡県	2	1	2	1	ok	0	3914	105	0	0	1598	86	2316	19
V1-D-149	V1	D	1	8	2	5	15	30	25	15	5	5	3	1	9	9	2	37	12	千葉県	2	1	4	6	ok	0	3922	105	0	0	1602	86	2320	19
V1-D-150	V1	D	1	8	2	5	10	30	30	15	5	5	3	1	9	11	1	65	13	東京都	2	7	7	1	ok	0	3922	105	0	0	1602	86	2320	19
V1-D-151	V1	D	2	10	2	5	10	25	30	20	5	5	3	1	10	9	2	47	14	神奈川県	1	1	4	4	ok	0	3944	105	0	0	1613	86	2331	19
V1-D-152	V1	D	1	8	2	5	10	30	30	15	5	5	3	1	9	11	2	31	13	東京都	2	7	6	4	ok	0	3928	105	0	0	1605	86	2323	19
V1-D-153	V1	D	1	8	2	10	15	30	20	15	5	5	3	1	9	9	2	83	22	静岡県	1	1	1	5	ok	0	3948	105	0	0	1615	86	2333	19
V1-D-154	V1	D	1	8	2	10	15	30	20	15	5	5	3	1	9	9	2	86	27	大阪府	2	9	2	1	ok	0	3904	105	0	0	1593	86	2311	19
V1-D-155	V1	D	1	8	2	5	15	35	25	15	3	2	3	1	9	11	2	28	13	東京都	1	1	6	2	ok	0	3936	105	0	0	1609	86	2327	19
V1-D-156	V1	D	2	10	2	5	10	25	30	20	5	5	3	1	10	9	1	39	11	埼玉県	1	2	6	3	ok	0	3934	105	0	0	1608	86	2326	19
V1-D-157	V1	D	2	10	2	5	10	25	30	20	5	5	3	1	10	9	1	70	11	埼玉県	2	3	7	4	ok	0	3956	105	0	0	1619	86	2337	19
V1-D-158	V1	D	2	10	2	5	10	25	30	20	5	5	3	1	9	9	1	37	11	埼玉県	2	8	6	5	ok	0	3922	105	0	0	1602	86	2320	19
V1-D-159	V1	D	2	10	2	5	10	25	30	20	5	5	3	1	10	9	2	20	33	岡山県	1	1	6	3	ok	0	3938	105	0	0	1610	86	2328	19
V1-D-160	V1	D	1	8	2	5	10	30	30	15	5	5	3	1	9	9	2	50	26	京都府	2	8	2	7	ok	0	3924	105	0	0	1603	86	2321	19
V1-D-161	V1	D	1	8	2	5	10	30	30	15	5	5	3	1	9	9	2	53	11	埼玉県	1	1	2	7	ok	0	3946	105	0	0	1614	86	2332	19
V1-D-162	V1	D	2	10	2	5	10	25	30	20	5	5	3	1	9	9	1	28	11	埼玉県	1	7	6	3	ok	0	3952	105	0	0	1617	86	2335	19
V1-D-163	V1	D	2	10	2	5	10	25	30	20	5	5	3	1	10	9	1	28	11	埼玉県	2	1	2	2	ok	0	3924	105	0	0	1603	86	2321	19
V1-D-164	V1	D	1	8	2	5	10	30	30	15	5	5	3	1	9	9	2	23	33	岡山県	1	7	5	4	ok	0	3954	105	0	0	1618	86	2336	19
V1-D-165	V1	D	1	8	2	10	15	30	25	15	3	2	3	1	9	9	2	70	22	静岡県	2	7	2	4	ok	0	3932	103	0	0	1608	84	2324	19
V1-D-166	V1	D	1	8	2	5	10	25	30	20	5	5	3	1	9	9	2	57	14	神奈川県	2	1	5	4	ok	0	3924	105	0	0	1603	86	2321	19
V1-D-167	V1	D	1	8	2	10	15	30	25	15	3	2	3	1	8	9	2	72	1	北海道	2	1	2	1	ok	0	3912	105	0	0	1597	86	2315	19
V1-D-168	V1	D	1	8	2	5	10	30	30	15	5	5	3	1	9	11	2	39	24	三重県	2	7	6	2	ok	0	3928	105	0	0	1605	86	2323	19
V1-D-169	V1	D	2	10	2	5	10	25	30	20	5	5	3	1	10	9	1	27	7	福島県	2	3	1	3	ok	0	3960	105	0	0	1621	86	2339	19
V1-D-170	V1	D	1	8	2	5	10	30	30	15	5	5	3	1	9	9	1	53	42	長崎県	1	6	6	3	ok	0	3948	105	0	0	1615	86	2333	19
V1-D-171	V1	D	1	8	2	10	15	30	20	15	5	5	3	1	8	9	2	80	13	東京都	2	7	1	1	ok	0	3930	105	0	0	1606	86	2324	19
V1-D-172	V1	D	1	8	2	10	15	30	25	15	3	2	3	1	9	9	2	73	42	長崎県	2	8	1	2	ok	0	3930	105	0	0	1606	86	2324	19
V1-D-173	V1	D	1	8	2	10	15	30	25	15	3	2	3	1	9	9	2	69	23	愛知県	2	1	1	7	ok	0	3930	105	0	0	1606	86	2324	19
V1-D-174	V1	D	1	8	2	10	15	30	25	15	3	2	3	1	9	11	1	34	40	福岡県	2	7	4	4	ok	0	3934	105	0	0	1608	86	2326	19
V1-D-175	V1	D	2	10	2	5	10	25	35	20	3	2	3	1	10	9	1	55	14	神奈川県	2	4	2	7	ok	0	3920	105	0	0	1601	86	2319	19
V1-D-176	V1	D	1	8	2	5	15	30	25	15	5	5	3	1	9	9	1	42	40	福岡県	2	6	2	4	ok	0	3932	105	0	0	1607	86	2325	19
V1-D-177	V1	D	1	8	2	10	15	30	25	15	3	2	3	1	9	11	2	22	13	東京都	1	1	2	2	ok	0	3940	105	0	0	1611	86	2329	19
V1-D-178	V1	D	2	10	2	5	10	25	30	20	5	5	3	1	10	9	1	51	23	愛知県	2	8	2	3	ok	0	3924	105	0	0	1603	86	2321	19
V1-D-179	V1	D	2	10	2	5	10	25	30	20	5	5	3	1	9	9	1	28	27	大阪府	2	8	2	3	ok	0	3924	105	0	0	1603	86	2321	19
V1-D-180	V1	D	1	8	2	5	15	30	25	15	5	5	3	1	9	9	2	64	22	静岡県	2	1	2	3	ok	0	3922	105	0	0	1602	86	2320	19
V1-D-181	V1	D	1	8	2	10	15	30	20	15	5	5	3	1	9	9	2	23	14	神奈川県	1	6	1	3	ok	0	3960	105	0	0	1621	86	2339	19
V1-D-182	V1	D	2	10	2	5	10	25	30	20	5	5	3	1	10	9	1	48	13	東京都	2	1	6	1	ok	0	3908	105	0	0	1595	86	2313	19
V1-D-183	V1	D	2	10	2	5	10	25	30	20	5	5	3	1	10	9	1	20	20	長野県	1	1	2	1	ok	0	3932	105	0	0	1607	86	2325	19
V1-D-184	V1	D	1	8	2	5	10	30	30	15	5	5	3	1	9	9	1	79	33	岡山県	2	3	2	2	ok	0	3956	105	0	0	1619	86	2337	19
V1-D-185	V1	D	1	8	2	10	15	30	25	15	3	2	3	1	9	9	2	77	19	山梨県	2	8	2	1	ok	0	3916	105	0	0	1599	86	2317	19
V1-D-186	V1	D	2	10	2	5	10	25	30	20	5	5	3	1	10	9	2	24	11	埼玉県	1	8	6	5	ok	0	3942	105	0	0	1612	86	2330	19
V1-D-187	V1	D	1	8	2	10	15	25	25	15	5	5	3	1	8	9	2	84	40	福岡県	2	6	1	1	ok	0	3930	105	0	0	1606	86	2324	19
V1-D-188	V1	D	1	8	2	5	10	25	30	20	5	5	3	1	9	9	2	86	29	奈良県	1	7	4	1	ok	0	3946	105	0	0	1614	86	2332	19
V1-D-189	V1	D	1	8	2	5	15	35	25	15	3	2	3	1	9	9	1	62	13	東京都	1	1	6	1	ok	0	3926	103	0	0	1605	84	2321	19
V1-D-190	V1	D	2	10	2	5	10	25	30	20	5	5	3	1	10	9	1	29	10	群馬県	1	8	6	5	ok	0	3940	105	0	0	1611	86	2329	19
V1-D-191	V1	D	1	8	2	10	15	30	25	15	3	2	3	1	9	11	1	71	27	大阪府	2	6	6	5	ok	0	3928	105	0	0	1605	86	2323	19
V1-D-192	V1	D	1	8	2	10	15	30	25	15	3	2	3	1	9	9	2	52	12	千葉県	2	3	2	4	ok	0	3956	105	0	0	1619	86	2337	19
V1-D-193	V1	D	1	8	2	5	10	30	30	15	5	5	3	1	9	9	2	63	26	京都府	2	8	6	2	ok	0	3918	105	0	0	1600	86	2318	19
V1-D-194	V1	D	2	10	2	5	10	25	30	20	5	5	3	1	10	9	2	28	13	東京都	2	1	6	3	ok	0	3916	105	0	0	1599	86	2317	19
V1-D-195	V1	D	1	8	2	5	10	30	25	20	5	5	3	1	9	11	2	21	29	奈良県	1	7	6	4	ok	0	3950	105	0	0	1616	86	2334	19
V1-D-196	V1	D	1	8	2	5	15	30	25	15	5	5	3	1	9	9	2	75	13	東京都	2	8	2	3	ok	0	3922	105	0	0	1602	86	2320	19
V1-D-197	V1	D	2	10	2	5	10	25	30	20	5	5	3	1	10	9	1	41	23	愛知県	2	1	2	3	ok	0	3922	105	0	0	1602	86	2320	19
V1-D-198	V1	D	1	8	2	10	15	30	25	10	5	5	3	1	9	11	1	28	23	愛知県	1	1	2	1	ok	0	3934	105	0	0	1608	86	2326	19
V1-D-199	V1	D	1	8	2	10	15	30	20	15	5	5	3	1	9	9	2	90	11	埼玉県	1	7	1	3	ok	0	3962	105	0	0	1622	86	2340	19
V1-D-200	V1	D	1	8	2	5	15	35	25	15	3	2	3	1	9	9	2	47	14	神奈川県	1	6	4	3	ok	0	3954	105	0	0	1618	86	2336	19
V1-D-201	V1	D	1	8	2	10	15	30	25	15	3	2	3	1	9	9	2	62	13	東京都	2	6	2	4	ok	0	3930	105	0	0	1606	86	2324	19
V1-D-202	V1	D	1	8	2	5	10	30	30	15	5	5	3	1	9	9	2	41	22	静岡県	2	7	2	4	ok	0	3934	105	0	0	1608	86	2326	19
V1-D-203	V1	D	2	10	2	5	10	25	30	20	5	5	3	1	10	9	1	49	40	福岡県	2	7	6	5	ok	0	3930	105	0	0	1606	86	2324	19
V1-D-204	V1	D	2	10	2	5	10	25	30	20	5	5	3	1	10	9	1	30	5	秋田県	2	1	2	4	ok	0	3922	105	0	0	1602	86	2320	19
V1-D-205	V1	D	1	8	2	10	15	30	25	15	3	2	3	1	9	9	2	68	8	茨城県	2	1	2	1	ok	0	3914	105	0	0	1598	86	2316	19
V1-D-206	V1	D	2	10	2	5	10	25	30	20	7	3	3	1	10	9	1	33	11	埼玉県	1	1	7	3	ok	0	3942	105	0	0	1612	86	2330	19
V1-D-207	V1	D	1	8	2	5	10	30	30	15	5	5	3	1	9	11	1	55	1	北海道	2	6	2	2	ok	0	3928	103	0	0	1606	84	2322	19
V1-D-208	V1	D	1	8	2	5	15	35	25	15	3	2	3	1	9	11	2	55	22	静岡県	1	8	2	2	ok	0	3944	105	0	0	1613	86	2331	19
V1-D-209	V1	D	1	8	2	10	15	30	25	15	3	2	3	1	8	9	2	75	13	東京都	2	7	1	1	ok	0	3930	105	0	0	1606	86	2324	19
V1-D-210	V1	D	2	10	2	5	10	25	30	20	5	5	3	1	10	9	1	26	23	愛知県	1	1	3	2	ok	0	3946	105	0	0	1614	86	2332	19
V1-D-211	V1	D	2	10	2	5	10	25	30	20	5	5	3	1	9	9	1	51	40	福岡県	2	8	6	5	ok	0	3920	105	0	0	1601	86	2319	19
V1-D-212	V1	D	2	10	2	5	10	25	30	20	5	5	3	1	10	9	1	26	13	東京都	2	8	2	2	ok	0	3922	105	0	0	1602	86	2320	19
V1-D-213	V1	D	1	8	2	5	10	25	30	20	5	5	3	1	9	11	2	72	42	長崎県	2	7	2	3	ok	0	3934	105	0	0	1608	86	2326	19
V1-D-214	V1	D	2	10	2	5	10	25	30	20	5	5	3	1	10	9	1	48	21	岐阜県	2	1	6	4	ok	0	3920	105	0	0	1601	86	2319	19
V1-D-215	V1	D	1	8	2	5	10	30	30	15	5	5	3	1	9	9	2	51	14	神奈川県	2	1	2	5	ok	0	3924	105	0	0	1603	86	2321	19
V1-D-216	V1	D	1	8	2	5	15	30	25	15	5	5	3	1	9	9	2	73	13	東京都	2	4	4	2	ok	0	3914	105	0	0	1598	86	2316	19
V1-D-217	V1	D	2	10	2	5	10	25	30	20	5	5	3	1	10	9	1	49	40	福岡県	2	1	6	6	ok	0	3918	105	0	0	1600	86	2318	19
V1-D-218	V1	D	1	8	2	5	10	30	30	15	5	5	3	1	9	9	1	70	11	埼玉県	1	1	2	2	ok	0	3944	105	0	0	1613	86	2331	19
V1-D-219	V1	D	1	8	2	5	15	35	25	15	3	2	3	1	9	9	2	55	13	東京都	1	1	4	5	ok	0	3940	105	0	0	1611	86	2329	19
V1-D-220	V1	D	1	8	2	5	10	30	30	15	5	5	3	1	9	9	2	66	13	東京都	2	8	2	7	ok	0	3924	105	0	0	1603	86	2321	19
V1-D-221	V1	D	1	8	2	5	10	25	30	20	5	5	3	1	9	9	2	29	23	愛知県	1	8	6	2	ok	0	3940	105	0	0	1611	86	2329	19
V1-D-222	V1	D	1	8	2	10	15	30	20	15	5	5	3	1	9	9	2	85	43	熊本県	1	8	2	1	ok	0	3936	105	0	0	1609	86	2327	19
V1-D-223	V1	D	1	8	2	5	15	35	25	15	3	2	3	1	9	9	2	60	14	神奈川県	2	3	5	8	ok	0	3952	105	0	0	1617	86	2335	19
V1-D-224	V1	D	1	8	2	10	15	30	25	15	3	2	3	1	9	9	2	53	12	千葉県	2	4	5	1	ok	0	3908	105	0	0	1595	86	2313	19
V1-D-225	V1	D	1	8	2	5	10	30	30	15	5	5	3	1	9	11	1	84	1	北海道	1	1	2	2	ok	0	3940	105	0	0	1611	86	2329	19
V1-D-226	V1	D	2	10	2	5	10	25	30	20	5	5	3	1	10	9	1	65	44	大分県	2	7	2	5	ok	0	3932	105	0	0	1607	86	2325	19
V1-D-227	V1	D	2	10	2	5	10	25	30	20	5	5	3	1	9	9	1	34	13	東京都	1	8	7	4	ok	0	3940	105	0	0	1611	86	2329	19
V1-D-228	V1	D	2	10	2	5	10	25	30	20	5	5	3	1	10	9	1	66	11	埼玉県	2	7	2	8	ok	0	3930	105	0	0	1606	86	2324	19
V1-D-229	V1	D	1	8	2	5	15	30	25	15	5	5	3	1	9	9	1	70	28	兵庫県	1	6	2	4	ok	0	3954	105	0	0	1618	86	2336	19
V1-D-230	V1	D	1	8	2	10	15	30	25	10	5	5	3	1	9	9	2	51	26	京都府	1	8	1	5	ok	0	3948	105	0	0	1615	86	2333	19
V1-D-231	V1	D	2	10	2	5	10	25	30	20	5	5	3	1	10	11	1	50	10	群馬県	1	1	2	2	ok	0	3942	105	0	0	1612	86	2330	19
V1-D-232	V1	D	2	10	2	5	10	25	30	20	5	5	3	1	10	9	1	40	17	石川県	1	9	2	5	ok	0	3930	105	0	0	1606	86	2324	19
V1-D-233	V1	D	2	10	2	5	10	25	35	15	7	3	3	1	10	9	1	33	14	神奈川県	2	1	6	5	ok	0	3920	105	0	0	1601	86	2319	19
V1-D-234	V1	D	1	8	2	10	15	30	25	15	3	2	3	1	8	11	1	46	23	愛知県	1	8	2	1	ok	0	3936	105	0	0	1609	86	2327	19
V1-D-235	V1	D	2	10	2	5	10	25	30	20	5	5	3	1	10	9	1	58	12	千葉県	2	3	1	5	ok	0	3962	105	0	0	1622	86	2340	19
V1-D-236	V1	D	2	10	2	5	10	25	30	20	5	5	3	1	10	9	1	41	14	神奈川県	1	3	6	1	ok	0	3966	105	0	0	1624	86	2342	19
V1-D-237	V1	D	1	8	2	10	15	30	25	15	3	2	3	1	9	9	2	87	11	埼玉県	2	1	2	2	ok	0	3924	105	0	0	1603	86	2321	19
V1-D-238	V1	D	2	10	2	5	10	25	30	20	5	5	3	1	10	9	1	51	26	京都府	1	8	7	8	ok	0	3934	105	0	0	1608	86	2326	19
V1-D-239	V1	D	1	8	2	10	15	30	25	15	3	2	3	1	9	9	1	79	12	千葉県	1	7	2	5	ok	0	3954	105	0	0	1618	86	2336	19
V1-D-240	V1	D	1	8	2	10	15	30	25	15	3	2	3	1	9	9	2	52	29	奈良県	2	1	2	2	ok	0	3922	105	0	0	1602	86	2320	19
V1-D-241	V1	D	1	8	2	10	15	30	25	15	3	2	3	1	9	9	2	59	19	山梨県	2	8	5	2	ok	0	3924	105	0	0	1603	86	2321	19
V1-D-242	V1	D	1	8	2	10	15	30	25	15	3	2	3	1	8	11	2	80	15	新潟県	1	1	1	1	ok	0	3940	105	0	0	1611	86	2329	19
V1-D-243	V1	D	2	10	2	5	10	25	30	20	5	5	3	1	10	9	1	29	45	宮崎県	1	1	2	1	ok	0	3936	105	0	0	1609	86	2327	19
V1-D-244	V1	D	1	8	2	5	15	35	25	15	3	2	3	1	9	11	2	38	14	神奈川県	2	2	6	7	ok	0	3916	105	0	0	1599	86	2317	19
V1-D-245	V1	D	1	8	2	5	10	30	30	15	5	5	3	1	9	11	2	70	29	奈良県	2	1	6	4	ok	0	3918	105	0	0	1600	86	2318	19
V1-D-246	V1	D	1	8	2	5	10	30	30	15	5	5	3	1	9	9	2	77	13	東京都	1	8	5	4	ok	0	3942	105	0	0	1612	86	2330	19
V1-D-247	V1	D	1	8	2	10	15	30	25	15	3	2	3	1	9	9	2	63	32	島根県	2	1	2	4	ok	0	3920	105	0	0	1601	86	2319	19
V1-D-248	V1	D	1	8	2	5	15	30	25	15	5	5	3	1	9	9	2	56	23	愛知県	2	7	4	1	ok	0	3926	105	0	0	1604	86	2322	19
V1-D-249	V1	D	1	8	2	5	15	30	25	15	5	5	3	1	9	9	1	69	43	熊本県	1	8	1	1	ok	0	3942	105	0	0	1612	86	2330	19
V1-D-250	V1	D	1	8	2	10	15	30	25	15	3	2	3	1	9	9	1	26	47	沖縄県	1	6	4	2	ok	0	3954	105	0	0	1618	86	2336	19
V2-A-001	V2	A	2	10	2	5	10	20	30	25	7	3			10	9	1	32	23	愛知県	1	3	2	4	ok	0	3966	97	0	0	1684	86	2282	11
V2-A-002	V2	A	2	11	2	5	10	20	30	25	5	5			10	9	1	62	22	静岡県	2	6	1	4	ok	0	3928	97	0	0	1665	86	2263	11
V2-A-003	V2	A	2	10	2	5	10	20	30	25	5	5			10	9	1	80	27	大阪府	2	8	2	1	ok	0	3906	97	0	0	1654	86	2252	11
V2-A-004	V2	A	1	8	2	5	10	25	30	20	5	5			9	9	2	67	23	愛知県	2	6	2	1	ok	0	3914	97	0	0	1658	86	2256	11
V2-A-005	V2	A	2	10	2	5	10	20	30	25	7	3			10	9	2	31	23	愛知県	1	1	6	2	ok	0	3928	97	0	0	1665	86	2263	11
V2-A-006	V2	A	2	11	2	5	10	20	30	25	7	3			10	9	2	45	26	京都府	1	3	4	4	ok	0	3964	97	0	0	1683	86	2281	11
V2-A-007	V2	A	2	10	2	5	10	20	30	25	5	5			10	9	2	82	11	埼玉県	1	3	1	2	ok	0	3974	97	0	0	1688	86	2286	11
V2-A-008	V2	A	2	11	2	5	10	20	30	25	7	3			10	9	2	58	14	神奈川県	1	7	5	6	ok	0	3946	97	0	0	1674	86	2272	11
V2-A-009	V2	A	2	11	2	5	10	20	30	25	7	3			10	9	1	53	40	福岡県	2	7	2	6	ok	0	3924	97	0	0	1663	86	2261	11
V2-A-010	V2	A	2	11	2	5	10	20	30	25	5	5			10	9	1	49	27	大阪府	1	6	4	5	ok	0	3942	97	0	0	1672	86	2270	11
V2-A-011	V2	A	2	11	2	5	10	20	30	25	5	5			10	9	1	90	20	長野県	1	1	1	5	ok	0	3936	97	0	0	1669	86	2267	11
V2-A-012	V2	A	2	11	2	5	10	20	30	25	5	5			10	9	1	26	30	和歌山県	1	7	6	1	ok	0	3934	97	0	0	1668	86	2266	11
V2-A-013	V2	A	1	8	2	5	10	25	30	20	5	5			9	11	2	85	12	千葉県	1	3	2	1	ok	0	3958	97	0	0	1680	86	2278	11
V2-A-014	V2	A	2	11	2	5	10	20	30	25	7	3			10	9	2	31	14	神奈川県	2	1	2	3	ok	0	3914	97	0	0	1658	86	2256	11
V2-A-015	V2	A	2	11	2	5	5	20	30	25	10	5			10	9	2	29	11	埼玉県	2	3	5	3	ok	0	3948	97	0	0	1675	86	2273	11
V2-A-016	V2	A	1	8	2	5	10	25	30	20	5	5			9	9	2	39	12	千葉県	1	6	2	2	ok	0	3942	97	0	0	1672	86	2270	11
V2-A-017	V2	A	2	10	2	5	10	20	30	25	5	5			10	9	1	75	28	兵庫県	2	1	2	3	ok	0	3914	97	0	0	1658	86	2256	11
V2-A-018	V2	A	2	10	2	5	10	20	30	25	5	5			10	9	2	27	11	埼玉県	1	8	6	3	ok	0	3932	97	0	0	1667	86	2265	11
V2-A-019	V2	A	1	8	2	5	10	25	30	20	5	5			9	9	2	83	14	神奈川県	2	7	1	1	ok	0	3924	97	0	0	1663	86	2261	11
V2-A-020	V2	A	2	10	2	5	10	20	30	25	5	5			10	9	2	68	40	福岡県	1	6	2	4	ok	0	3942	97	0	0	1672	86	2270	11
V2-A-021	V2	A	2	10	2	5	10	20	30	25	5	5			10	9	2	76	13	東京都	1	1	4	4	ok	0	3930	97	0	0	1666	86	2264	11
V2-A-022	V2	A	2	11	2	5	10	20	30	25	5	5			10	9	1	35	40	福岡県	2	6	2	4	ok	0	3922	97	0	0	1662	86	2260	11
V2-A-023	V2	A	2	10	2	5	10	20	30	25	5	5			10	9	1	80	41	佐賀県	2	4	1	5	ok	0	3914	97	0	0	1658	86	2256	11
V2-A-024	V2	A	1	8	2	5	10	25	30	20	5	5			9	9	2	39	11	埼玉県	2	6	1	2	ok	0	3930	97	0	0	1666	86	2264	11
V2-A-025	V2	A	2	10	2	5	10	20	30	25	5	5			10	9	2	83	14	神奈川県	2	7	6	3	ok	0	3922	97	0	0	1662	86	2260	11
V2-A-026	V2	A	1	8	2	5	10	25	30	20	5	5			9	9	2	87	1	北海道	1	6	1	2	ok	0	3946	97	0	0	1674	86	2272	11
V2-A-027	V2	A	2	10	2	5	10	25	30	20	5	5			10	9	2	41	39	高知県	1	6	6	8	ok	0	3930	97	0	0	1666	86	2264	11
V2-A-028	V2	A	2	11	2	5	10	20	30	20	10	5			10	9	2	26	26	京都府	1	1	2	2	ok	0	3930	97	0	0	1666	86	2264	11
V2-A-029	V2	A	2	10	2	5	10	20	30	25	5	5			10	9	1	32	5	秋田県	1	8	2	2	ok	0	3934	97	0	0	1668	86	2266	11
V2-A-030	V2	A	2	10	2	5	10	20	30	25	7	3			10	9	2	30	13	東京都	2	1	6	7	ok	0	3908	97	0	0	1655	86	2253	11
V2-A-031	V2	A	2	11	2	5	10	20	30	25	5	5			10	9	1	54	12	千葉県	2	6	2	3	ok	0	3922	97	0	0	1662	86	2260	11
V2-A-032	V2	A	2	10	2	5	10	20	30	25	5	5			10	9	2	67	4	宮城県	2	1	1	8	ok	0	3912	97	0	0	1657	86	2255	11
V2-A-033	V2	A	2	11	2	5	10	20	30	25	5	5			10	9	1	52	47	沖縄県	1	8	6	4	ok	0	3932	97	0	0	1667	86	2265	11
V2-A-034	V2	A	2	11	2	5	5	20	35	25	5	5			10	9	2	24	14	神奈川県	1	4	6	2	ok	0	3924	97	0	0	1663	86	2261	11
V2-A-035	V2	A	2	10	2	5	10	25	30	20	5	5			10	9	2	48	28	兵庫県	2	8	6	3	ok	0	3912	97	0	0	1657	86	2255	11
V2-A-036	V2	A	2	10	2	5	10	20	30	25	5	5			10	9	1	71	28	兵庫県	1	7	4	4	ok	0	3946	97	0	0	1674	86	2272	11
V2-A-037	V2	A	2	11	2	5	10	20	30	25	7	3			10	9	1	42	7	福島県	1	1	6	7	ok	0	3928	97	0	0	1665	86	2263	11
V2-A-038	V2	A	2	10	2	5	10	20	30	25	5	5			10	9	1	71	40	福岡県	2	1	2	1	ok	0	3904	97	0	0	1653	86	2251	11
V2-A-039	V2	A	2	10	2	5	10	20	30	25	5	5			10	9	2	66	29	奈良県	2	8	5	8	ok	0	3908	97	0	0	1655	86	2253	11
V2-A-040	V2	A	2	10	2	5	10	25	30	20	5	5			10	9	2	51	40	福岡県	2	1	5	5	ok	0	3912	97	0	0	1657	86	2255	11
V2-A-041	V2	A	2	10	2	5	10	20	30	25	5	5			10	9	2	49	28	兵庫県	2	1	1	4	ok	0	3920	97	0	0	1661	86	2259	11
V2-A-042	V2	A	2	10	2	5	10	20	30	25	5	5			10	9	1	25	14	神奈川県	2	7	4	1	ok	0	3918	97	0	0	1660	86	2258	11
V2-A-043	V2	A	2	10	2	5	10	20	30	25	5	5			10	9	2	26	27	大阪府	1	8	2	1	ok	0	3926	97	0	0	1664	86	2262	11
V2-A-044	V2	A	2	11	2	5	10	20	30	25	5	5			10	9	1	81	27	大阪府	2	6	1	3	ok	0	3928	97	0	0	1665	86	2263	11
V2-A-045	V2	A	2	11	2	5	10	25	30	20	5	5			10	9	2	63	27	大阪府	2	2	2	8	ok	0	3900	97	0	0	1651	86	2249	11
V2-A-046	V2	A	1	8	2	5	10	25	30	20	5	5			9	9	2	77	11	埼玉県	2	6	1	1	ok	0	3922	97	0	0	1662	86	2260	11
V2-A-047	V2	A	2	11	2	5	10	20	30	25	5	5			10	9	1	73	1	北海道	2	8	2	5	ok	0	3912	97	0	0	1657	86	2255	11
V2-A-048	V2	A	1	8	2	5	10	25	30	20	5	5			9	9	2	80	27	大阪府	1	2	1	2	ok	0	3932	97	0	0	1667	86	2265	11
V2-A-049	V2	A	2	10	2	5	5	20	30	25	10	5			10	9	2	42	23	愛知県	2	1	6	3	ok	0	3908	97	0	0	1655	86	2253	11
V2-A-050	V2	A	2	10	2	5	10	20	30	25	5	5			10	9	2	47	13	東京都	2	8	2	3	ok	0	3912	97	0	0	1657	86	2255	11
V2-A-051	V2	A	2	10	2	5	10	20	30	25	5	5			10	9	2	39	27	大阪府	2	8	7	3	ok	0	3912	97	0	0	1657	86	2255	11
V2-A-052	V2	A	2	10	2	5	10	20	30	25	5	5			10	9	2	49	13	東京都	1	8	2	3	ok	0	3932	97	0	0	1667	86	2265	11
V2-A-053	V2	A	2	10	2	5	10	20	30	25	5	5			10	9	2	58	11	埼玉県	1	6	6	5	ok	0	3940	97	0	0	1671	86	2269	11
V2-A-054	V2	A	2	10	2	5	5	20	30	30	5	5			10	9	1	72	40	福岡県	2	3	2	4	ok	0	3946	97	0	0	1674	86	2272	11
V2-A-055	V2	A	2	11	2	5	10	20	30	25	5	5			10	9	2	92	33	岡山県	1	6	2	2	ok	0	3942	97	0	0	1672	86	2270	11
V2-A-056	V2	A	2	11	2	5	10	25	30	20	5	5			10	9	2	59	27	大阪府	1	1	2	5	ok	0	3932	97	0	0	1667	86	2265	11
V2-A-057	V2	A	2	10	2	5	5	20	30	25	10	5			10	9	1	76	11	埼玉県	1	1	6	1	ok	0	3922	97	0	0	1662	86	2260	11
V2-A-058	V2	A	2	10	2	5	10	20	30	25	5	5			10	9	2	68	14	神奈川県	1	1	2	2	ok	0	3934	97	0	0	1668	86	2266	11
V2-A-059	V2	A	2	10	2	5	10	20	30	25	5	5			10	9	2	57	34	広島県	2	2	6	5	ok	0	3900	97	0	0	1651	86	2249	11
V2-A-060	V2	A	2	11	2	5	10	20	30	25	5	5			10	9	2	89	14	神奈川県	1	1	1	2	ok	0	3940	97	0	0	1671	86	2269	11
V2-A-061	V2	A	2	11	2	5	10	20	30	25	5	5			10	9	1	73	13	東京都	2	7	6	2	ok	0	3918	97	0	0	1660	86	2258	11
V2-A-062	V2	A	2	11	2	5	10	20	30	25	5	5			10	9	2	36	13	東京都	2	7	6	3	ok	0	3918	97	0	0	1660	86	2258	11
V2-A-063	V2	A	2	11	2	5	10	20	30	25	5	5			10	9	2	67	34	広島県	1	8	2	6	ok	0	3932	97	0	0	1667	86	2265	11
V2-A-064	V2	A	1	8	2	5	10	25	30	20	5	5			9	9	2	83	27	大阪府	2	8	2	1	ok	0	3906	97	0	0	1654	86	2252	11
V2-A-065	V2	A	2	11	2	5	10	25	30	20	7	3			10	9	1	50	13	東京都	1	1	6	6	ok	0	3926	97	0	0	1664	86	2262	11
V2-A-066	V2	A	2	10	2	5	10	20	30	25	5	5			10	9	2	73	40	福岡県	1	8	6	2	ok	0	3930	97	0	0	1666	86	2264	11
V2-A-067	V2	A	1	8	2	5	10	25	30	20	5	5			9	11	2	60	34	広島県	2	7	6	1	ok	0	3910	97	0	0	1656	86	2254	11
V2-A-068	V2	A	1	8	2	5	10	25	30	20	5	5			9	9	1	85	38	愛媛県	2	8	1	1	ok	0	3914	97	0	0	1658	86	2256	11
V2-A-069	V2	A	2	11	2	5	10	20	30	25	5	5			10	9	2	41	10	群馬県	1	8	2	4	ok	0	3934	97	0	0	1668	86	2266	11
V2-A-070	V2	A	2	11	2	5	10	20	30	25	7	3			10	9	2	25	14	神奈川県	1	6	6	1	ok	0	3932	97	0	0	1667	86	2265	11
V2-A-071	V2	A	1	8	2	5	10	25	30	20	5	5			9	9	2	75	39	高知県	1	7	1	5	ok	0	3948	97	0	0	1675	86	2273	11
V2-A-072	V2	A	2	10	2	5	10	20	30	25	7	3			10	9	1	74	13	東京都	2	6	3	4	ok	0	3924	97	0	0	1663	86	2261	11
V2-A-073	V2	A	2	11	2	5	10	20	30	25	5	5			10	9	2	34	40	福岡県	2	1	2	4	ok	0	3912	97	0	0	1657	86	2255	11
V2-A-074	V2	A	2	10	2	5	10	20	30	25	5	5			10	9	1	65	10	群馬県	2	7	1	4	ok	0	3930	97	0	0	1666	86	2264	11
V2-A-075	V2	A	2	10	2	5	10	20	30	25	5	5			10	9	1	69	27	大阪府	2	8	2	4	ok	0	3914	97	0	0	1658	86	2256	11
V2-A-076	V2	A	2	10	2	5	10	25	30	20	5	5			10	9	1	64	14	神奈川県	1	1	6	2	ok	0	3930	97	0	0	1666	86	2264	11
V2-A-077	V2	A	2	11	2	5	10	20	30	25	5	5			10	9	1	20	34	広島県	1	7	2	2	ok	0	3942	97	0	0	1672	86	2270	11
V2-A-078	V2	A	1	8	2	5	10	25	30	20	5	5			9	9	1	85	26	京都府	2	2	1	1	ok	0	3902	97	0	0	1652	86	2250	11
V2-A-079	V2	A	2	10	2	5	5	20	35	25	5	5			10	9	1	71	26	京都府	1	1	2	8	ok	0	3924	97	0	0	1663	86	2261	11
V2-A-080	V2	A	1	8	2	5	10	25	30	20	5	5			9	9	2	68	26	京都府	1	7	1	3	ok	0	3948	97	0	0	1675	86	2273	11
V2-A-081	V2	A	2	11	2	5	10	20	30	25	5	5			10	9	2	38	14	神奈川県	1	1	2	1	ok	0	3926	97	0	0	1664	86	2262	11
V2-A-082	V2	A	2	10	2	5	5	15	30	30	10	5			10	9	1	70	23	愛知県	1	4	2	3	ok	0	3926	97	0	0	1664	86	2262	11
V2-A-083	V2	A	2	10	2	5	5	20	35	25	7	3			10	9	1	69	40	福岡県	2	1	6	5	ok	0	3908	97	0	0	1655	86	2253	11
V2-A-084	V2	A	2	11	2	5	10	20	30	25	5	5			10	9	2	48	47	沖縄県	2	3	5	4	ok	0	3948	97	0	0	1675	86	2273	11
V2-A-085	V2	A	2	11	2	5	10	20	30	25	5	5			10	9	2	68	20	長野県	2	8	2	6	ok	0	3912	97	0	0	1657	86	2255	11
V2-A-086	V2	A	2	10	2	5	10	20	30	25	5	5			10	9	2	39	13	東京都	1	7	6	4	ok	0	3938	97	0	0	1670	86	2268	11
V2-A-087	V2	A	2	10	2	5	10	20	30	25	5	5			10	9	1	36	21	岐阜県	2	3	6	3	ok	0	3944	97	0	0	1673	86	2271	11
V2-A-088	V2	A	2	10	2	5	10	25	30	20	7	3			10	9	1	61	12	千葉県	2	6	6	5	ok	0	3918	97	0	0	1660	86	2258	11
V2-A-089	V2	A	2	10	2	5	10	25	30	20	5	5			10	9	1	40	13	東京都	2	1	2	8	ok	0	3904	97	0	0	1653	86	2251	11
V2-A-090	V2	A	2	11	2	5	10	20	30	25	5	5			10	9	2	26	23	愛知県	2	6	6	1	ok	0	3910	97	0	0	1656	86	2254	11
V2-A-091	V2	A	2	11	2	5	10	25	35	20	3	2			10	9	1	45	14	神奈川県	1	2	6	4	ok	0	3924	97	0	0	1663	86	2261	11
V2-A-092	V2	A	2	11	2	5	10	25	30	20	5	5			10	9	2	68	23	愛知県	2	6	5	4	ok	0	3922	97	0	0	1662	86	2260	11
V2-A-093	V2	A	2	10	2	5	10	20	30	25	5	5			10	9	2	61	14	神奈川県	2	9	2	3	ok	0	3904	97	0	0	1653	86	2251	11
V2-A-094	V2	A	2	11	2	5	10	20	30	25	5	5			10	9	2	55	14	神奈川県	1	3	3	3	ok	0	3972	97	0	0	1687	86	2285	11
V2-A-095	V2	A	2	10	2	5	10	20	30	25	5	5			10	9	2	45	22	静岡県	2	2	2	7	ok	0	3908	97	0	0	1655	86	2253	11
V2-A-096	V2	A	2	11	2	5	10	20	30	25	5	5			10	9	2	62	47	沖縄県	1	1	4	5	ok	0	3934	97	0	0	1668	86	2266	11
V2-A-097	V2	A	2	10	2	5	5	20	30	30	5	5			10	9	2	63	13	東京都	2	8	2	5	ok	0	3912	97	0	0	1657	86	2255	11
V2-A-098	V2	A	2	10	2	5	10	25	30	20	5	5			10	9	2	78	14	神奈川県	1	8	6	3	ok	0	3932	97	0	0	1667	86	2265	11
V2-A-099	V2	A	1	8	2	5	10	25	30	20	5	5			9	9	2	73	1	北海道	1	8	2	2	ok	0	3932	97	0	0	1667	86	2265	11
V2-A-100	V2	A	2	10	2	5	10	20	30	25	5	5			10	9	1	71	7	福島県	2	1	2	2	ok	0	3910	97	0	0	1656	86	2254	11
V2-A-101	V2	A	2	11	2	5	5	15	30	30	10	5			10	9	1	20	13	東京都	1	1	6	5	ok	0	3926	97	0	0	1664	86	2262	11
V2-A-102	V2	A	2	10	2	5	5	15	30	30	10	5			10	9	2	76	13	東京都	2	4	5	4	ok	0	3904	97	0	0	1653	86	2251	11
V2-A-103	V2	A	1	8	2	5	10	25	30	20	5	5			9	9	1	42	34	広島県	2	6	1	1	ok	0	3918	97	0	0	1660	86	2258	11
V2-A-104	V2	A	1	8	2	5	10	25	30	20	5	5			9	11	2	72	12	千葉県	1	8	2	1	ok	0	3926	97	0	0	1664	86	2262	11
V2-A-105	V2	A	2	10	2	5	10	25	30	20	5	5			10	9	1	31	1	北海道	2	7	4	3	ok	0	3922	97	0	0	1662	86	2260	11
V2-A-106	V2	A	2	11	2	5	10	20	30	25	5	5			10	9	1	21	23	愛知県	1	1	2	2	ok	0	3932	97	0	0	1667	86	2265	11
V2-A-107	V2	A	2	11	2	5	10	20	30	25	7	3			10	9	1	56	13	東京都	1	8	2	4	ok	0	3932	97	0	0	1667	86	2265	11
V2-A-108	V2	A	2	10	2	5	10	25	30	20	5	5			10	9	1	72	28	兵庫県	2	6	6	2	ok	0	3920	97	0	0	1661	86	2259	11
V2-A-109	V2	A	2	10	2	5	5	20	35	25	5	5			10	9	1	62	27	大阪府	2	6	6	4	ok	0	3918	97	0	0	1660	86	2258	11
V2-A-110	V2	A	2	10	2	5	10	25	30	20	5	5			10	9	2	31	13	東京都	1	1	2	4	ok	0	3930	97	0	0	1666	86	2264	11
V2-A-111	V2	A	2	11	2	5	5	15	30	30	10	5			10	9	1	48	33	岡山県	2	6	2	4	ok	0	3922	97	0	0	1662	86	2260	11
V2-A-112	V2	A	2	10	2	5	10	20	30	25	5	5			10	9	1	42	41	佐賀県	2	1	2	1	ok	0	3906	97	0	0	1654	86	2252	11
V2-A-113	V2	A	2	11	2	5	10	25	30	20	5	5			10	9	1	53	13	東京都	1	2	6	1	ok	0	3912	97	0	0	1657	86	2255	11
V2-A-114	V2	A	1	8	2	5	10	25	30	20	5	5			9	9	1	44	23	愛知県	1	6	6	1	ok	0	3930	97	0	0	1666	86	2264	11
V2-A-115	V2	A	2	11	2	5	10	20	30	25	5	5			10	9	1	70	11	埼玉県	2	1	1	1	ok	0	3912	97	0	0	1657	86	2255	11
V2-A-116	V2	A	2	11	2	5	10	20	30	25	5	5			10	9	2	77	27	大阪府	1	4	2	3	ok	0	3926	97	0	0	1664	86	2262	11
V2-A-117	V2	A	2	10	2	5	10	20	30	25	5	5			10	9	2	72	40	福岡県	1	8	5	4	ok	0	3934	97	0	0	1668	86	2266	11
V2-A-118	V2	A	2	11	2	5	10	20	30	25	7	3			10	9	1	86	23	愛知県	2	1	1	7	ok	0	3920	97	0	0	1661	86	2259	11
V2-A-119	V2	A	2	10	2	5	10	25	30	20	5	5			10	9	1	51	11	埼玉県	2	1	2	2	ok	0	3914	97	0	0	1658	86	2256	11
V2-A-120	V2	A	1	8	2	5	10	25	30	20	5	5			9	9	2	59	22	静岡県	2	6	2	1	ok	0	3914	97	0	0	1658	86	2256	11
V2-A-121	V2	A	2	11	2	5	10	20	30	25	5	5			10	9	1	25	10	群馬県	1	8	2	3	ok	0	3934	97	0	0	1668	86	2266	11
V2-A-122	V2	A	2	10	2	5	10	20	30	25	5	5			10	9	2	73	8	茨城県	2	1	2	5	ok	0	3912	97	0	0	1657	86	2255	11
V2-A-123	V2	A	2	11	2	5	10	20	30	25	5	5			10	9	1	34	11	埼玉県	2	8	4	2	ok	0	3916	97	0	0	1659	86	2257	11
V2-A-124	V2	A	2	10	2	5	10	20	30	25	5	5			10	9	1	85	40	福岡県	2	8	1	2	ok	0	3920	97	0	0	1661	86	2259	11
V2-A-125	V2	A	1	8	2	5	10	25	30	20	5	5			9	9	2	72	30	和歌山県	2	7	1	1	ok	0	3924	97	0	0	1663	86	2261	11
V2-A-126	V2	A	2	11	2	5	5	15	30	30	10	5			10	9	2	76	13	東京都	2	2	2	5	ok	0	3904	97	0	0	1653	86	2251	11
V2-A-127	V2	A	2	11	2	5	5	15	30	30	10	5			10	9	1	42	13	東京都	1	6	2	7	ok	0	3942	97	0	0	1672	86	2270	11
V2-A-128	V2	A	2	10	2	5	10	25	30	20	5	5			10	9	2	49	14	神奈川県	2	7	6	2	ok	0	3922	97	0	0	1662	86	2260	11
V2-A-129	V2	A	2	11	2	5	10	20	30	25	7	3			10	11	1	44	14	神奈川県	2	7	2	7	ok	0	3928	97	0	0	1665	86	2263	11
V2-A-130	V2	A	2	10	2	5	10	20	30	25	5	5			10	9	2	60	34	広島県	2	2	2	8	ok	0	3898	97	0	0	1650	86	2248	11
V2-A-131	V2	A	2	10	2	5	10	25	30	20	5	5			10	9	1	21	23	愛知県	1	7	6	1	ok	0	3932	97	0	0	1667	86	2265	11
V2-A-132	V2	A	1	8	2	5	10	25	30	20	5	5			9	9	2	56	47	沖縄県	2	6	2	3	ok	0	3924	97	0	0	1663	86	2261	11
V2-A-133	V2	A	1	8	2	5	10	25	30	20	5	5			9	9	2	73	27	大阪府	2	1	2	3	ok	0	3910	95	0	0	1657	84	2253	11
V2-A-134	V2	A	2	10	2	5	10	20	30	25	5	5			10	9	1	54	13	東京都	2	1	1	1	ok	0	3908	97	0	0	1655	86	2253	11
V2-A-135	V2	A	2	10	2	5	10	20	30	25	5	5			10	9	1	61	34	広島県	1	8	6	1	ok	0	3920	97	0	0	1661	86	2259	11
V2-A-136	V2	A	2	10	2	5	10	20	30	25	5	5			10	9	1	71	27	大阪府	2	8	6	1	ok	0	3902	97	0	0	1652	86	2250	11
V2-A-137	V2	A	2	11	2	5	10	20	30	25	5	5			10	9	2	80	8	茨城県	1	1	1	2	ok	0	3938	97	0	0	1670	86	2268	11
V2-A-138	V2	A	2	10	2	5	10	20	30	25	5	5			10	9	2	37	29	奈良県	2	1	2	5	ok	0	3912	97	0	0	1657	86	2255	11
V2-A-139	V2	A	2	10	2	5	10	25	30	20	5	5			10	9	1	60	11	埼玉県	2	3	2	5	ok	0	3948	97	0	0	1675	86	2273	11
V2-A-140	V2	A	2	10	2	5	10	25	30	20	5	5			10	9	2	39	27	大阪府	2	6	6	4	ok	0	3918	97	0	0	1660	86	2258	11
V2-A-141	V2	A	2	11	2	5	10	20	30	25	5	5			10	9	2	92	23	愛知県	2	1	2	2	ok	0	3912	97	0	0	1657	86	2255	11
V2-A-142	V2	A	2	11	2	5	5	15	30	30	10	5			10	9	2	33	14	神奈川県	1	6	6	5	ok	0	3940	97	0	0	1671	86	2269	11
V2-A-143	V2	A	2	11	2	5	10	20	30	25	5	5			10	9	1	52	26	京都府	2	8	2	5	ok	0	3912	97	0	0	1657	86	2255	11
V2-A-144	V2	A	1	8	2	5	10	25	30	20	5	5			9	9	2	80	24	三重県	2	8	2	1	ok	0	3904	97	0	0	1653	86	2251	11
V2-A-145	V2	A	2	11	2	5	10	25	30	20	5	5			10	9	2	55	12	千葉県	2	1	4	6	ok	0	3912	97	0	0	1657	86	2255	11
V2-A-146	V2	A	2	11	2	5	10	25	30	20	5	5			10	9	2	43	14	神奈川県	1	2	6	1	ok	0	3916	97	0	0	1659	86	2257	11
V2-A-147	V2	A	2	11	2	5	10	20	30	25	5	5			10	9	2	50	40	福岡県	2	1	4	5	ok	0	3912	97	0	0	1657	86	2255	11
V2-A-148	V2	A	1	8	2	5	10	25	30	20	5	5			9	9	2	78	14	神奈川県	1	1	2	2	ok	0	3934	97	0	0	1668	86	2266	11
V2-A-149	V2	A	2	11	2	5	10	20	30	25	5	5			10	9	2	46	1	北海道	1	8	2	5	ok	0	3932	97	0	0	1667	86	2265	11
V2-A-150	V2	A	2	11	2	5	10	20	30	25	7	3			10	9	2	31	26	京都府	2	1	6	5	ok	0	3906	97	0	0	1654	86	2252	11
V2-A-151	V2	A	2	11	2	5	10	20	30	25	5	5			10	9	1	82	42	長崎県	2	6	1	4	ok	0	3928	97	0	0	1665	86	2263	11
V2-A-152	V2	A	2	11	2	5	10	20	30	25	5	5			10	9	2	92	22	静岡県	1	2	1	2	ok	0	3932	97	0	0	1667	86	2265	11
V2-A-153	V2	A	2	11	2	5	10	20	30	25	5	5			10	9	2	91	28	兵庫県	1	3	2	3	ok	0	3968	97	0	0	1685	86	2283	11
V2-A-154	V2	A	2	10	2	5	10	20	30	25	5	5			10	9	2	61	14	神奈川県	2	1	2	2	ok	0	3914	97	0	0	1658	86	2256	11
V2-A-155	V2	A	2	11	2	5	10	20	30	25	5	5			10	9	1	79	15	新潟県	2	3	1	3	ok	0	3952	97	0	0	1677	86	2275	11
V2-A-156	V2	A	2	11	2	5	10	20	30	25	5	5			10	9	2	78	23	愛知県	1	2	1	5	ok	0	3932	97	0	0	1667	86	2265	11
V2-A-157	V2	A	1	8	2	5	10	25	30	20	5	5			9	9	2	74	24	三重県	2	6	1	1	ok	0	3918	97	0	0	1660	86	2258	11
V2-A-158	V2	A	2	11	2	5	10	20	30	25	5	5			10	9	1	55	21	岐阜県	2	3	1	1	ok	0	3946	97	0	0	1674	86	2272	11
V2-A-159	V2	A	2	11	2	5	10	20	30	25	5	5			10	9	2	96	6	山形県	1	1	1	1	ok	0	3928	97	0	0	1665	86	2263	11
V2-A-160	V2	A	1	8	2	5	10	25	30	20	5	5			9	9	2	78	28	兵庫県	1	6	2	2	ok	0	3944	97	0	0	1673	86	2271	11
V2-A-161	V2	A	2	10	2	5	10	20	30	25	7	3			10	9	2	34	1	北海道	1	6	6	2	ok	0	3936	97	0	0	1669	86	2267	11
V2-A-162	V2	A	2	10	2	5	10	20	30	25	5	5			10	9	2	29	28	兵庫県	1	8	6	1	ok	0	3924	97	0	0	1663	86	2261	11
V2-A-163	V2	A	2	10	2	5	10	20	30	25	5	5			10	9	1	28	27	大阪府	2	8	7	2	ok	0	3912	97	0	0	1657	86	2255	11
V2-A-164	V2	A	1	8	2	5	10	25	30	20	5	5			9	9	2	74	28	兵庫県	2	8	2	2	ok	0	3916	97	0	0	1659	86	2257	11
V2-A-165	V2	A	2	10	2	5	10	20	30	25	5	5			10	9	2	71	26	京都府	2	3	5	1	ok	0	3936	97	0	0	1669	86	2267	11
V2-A-166	V2	A	1	8	2	5	10	25	30	20	5	5			9	9	2	40	27	大阪府	1	7	1	2	ok	0	3948	95	0	0	1676	84	2272	11
V2-A-167	V2	A	2	10	2	5	10	25	30	20	5	5			10	9	1	71	13	東京都	1	6	1	5	ok	0	3946	97	0	0	1674	86	2272	11
V2-A-168	V2	A	2	11	2	5	10	20	30	25	5	5			10	9	1	39	14	神奈川県	2	7	6	4	ok	0	3922	97	0	0	1662	86	2260	11
V2-A-169	V2	A	2	11	2	5	10	20	30	25	7	3			10	9	2	37	13	東京都	2	1	5	3	ok	0	3910	97	0	0	1656	86	2254	11
V2-A-170	V2	A	1	8	2	5	10	25	30	20	5	5			9	9	2	45	34	広島県	2	2	5	1	ok	0	3894	95	0	0	1649	84	2245	11
V2-A-171	V2	A	1	8	2	5	10	25	30	20	5	5			9	9	2	69	14	神奈川県	2	7	5	3	ok	0	3926	97	0	0	1664	86	2262	11
V2-A-172	V2	A	2	11	2	5	10	20	30	25	7	3			10	9	1	55	13	東京都	1	1	7	3	ok	0	3928	97	0	0	1665	86	2263	11
V2-A-173	V2	A	2	10	2	5	10	25	35	20	3	2			10	9	1	53	13	東京都	1	1	6	5	ok	0	3926	97	0	0	1664	86	2262	11
V2-A-174	V2	A	1	8	2	5	10	25	30	20	5	5			9	9	2	66	11	埼玉県	1	8	2	1	ok	0	3928	97	0	0	1665	86	2263	11
V2-A-175	V2	A	2	10	2	5	10	20	30	25	5	5			10	9	2	76	14	神奈川県	2	8	2	4	ok	0	3916	97	0	0	1659	86	2257	11
V2-A-176	V2	A	2	10	2	5	10	20	30	25	5	5			10	9	1	53	27	大阪府	2	1	2	7	ok	0	3914	97	0	0	1658	86	2256	11
V2-A-177	V2	A	1	8	2	5	10	25	30	20	5	5			9	9	2	70	27	大阪府	1	6	1	2	ok	0	3948	97	0	0	1675	86	2273	11
V2-A-178	V2	A	2	10	2	5	10	20	30	25	7	3			10	9	1	69	14	神奈川県	2	3	6	5	ok	0	3944	97	0	0	1673	86	2271	11
V2-A-179	V2	A	1	8	2	5	10	25	30	20	5	5			9	11	2	50	13	東京都	1	8	2	5	ok	0	3932	97	0	0	1667	86	2265	11
V2-A-180	V2	A	2	11	2	5	10	20	30	25	5	5			10	9	2	63	27	大阪府	2	1	4	6	ok	0	3912	97	0	0	1657	86	2255	11
V2-A-181	V2	A	1	8	2	5	10	25	30	20	5	5			9	9	2	62	1	北海道	1	8	2	1	ok	0	3922	95	0	0	1663	84	2259	11
V2-A-182	V2	A	2	11	2	5	10	20	30	25	5	5			10	9	2	95	27	大阪府	1	7	6	3	ok	0	3940	97	0	0	1671	86	2269	11
V2-A-183	V2	A	1	8	2	10	15	25	25	15	5	5			9	9	1	55	5	秋田県	1	7	1	2	ok	0	3950	97	0	0	1676	86	2274	11
V2-A-184	V2	A	2	10	2	5	10	20	30	25	5	5			10	9	2	31	23	愛知県	1	1	2	4	ok	0	3932	97	0	0	1667	86	2265	11
V2-A-185	V2	A	1	8	2	5	10	20	30	25	5	5			9	9	2	89	11	埼玉県	1	7	2	1	ok	0	3938	97	0	0	1670	86	2268	11
V2-A-186	V2	A	2	11	2	5	10	20	30	25	5	5			10	9	1	41	28	兵庫県	1	6	7	1	ok	0	3934	97	0	0	1668	86	2266	11
V2-A-187	V2	A	2	11	2	5	10	20	30	25	5	5			10	9	2	67	1	北海道	1	1	1	5	ok	0	3936	97	0	0	1669	86	2267	11
V2-A-188	V2	A	2	10	2	5	10	20	30	25	5	5			10	9	1	71	28	兵庫県	2	1	2	4	ok	0	3914	97	0	0	1658	86	2256	11
V2-A-189	V2	A	2	10	2	5	5	20	30	30	5	5			10	9	1	69	43	熊本県	1	8	6	5	ok	0	3930	97	0	0	1666	86	2264	11
V2-A-190	V2	A	1	8	2	5	10	25	30	20	5	5			9	9	2	48	13	東京都	2	7	6	2	ok	0	3918	97	0	0	1660	86	2258	11
V2-A-191	V2	A	2	11	2	5	10	20	30	25	5	5			10	9	2	49	40	福岡県	2	1	2	7	ok	0	3914	97	0	0	1658	86	2256	11
V2-A-192	V2	A	2	10	2	5	10	20	30	25	5	5			10	9	1	70	18	福井県	2	2	6	2	ok	0	3900	97	0	0	1651	86	2249	11
V2-A-193	V2	A	2	11	2	5	10	20	30	25	5	5			10	9	1	69	41	佐賀県	1	6	2	6	ok	0	3944	97	0	0	1673	86	2271	11
V2-A-194	V2	A	2	11	2	5	10	20	30	25	5	5			10	9	1	40	3	岩手県	2	8	2	5	ok	0	3914	97	0	0	1658	86	2256	11
V2-A-195	V2	A	2	11	2	5	10	20	30	25	7	3			10	9	1	56	12	千葉県	2	7	6	5	ok	0	3920	97	0	0	1661	86	2259	11
V2-A-196	V2	A	2	11	2	5	10	20	30	25	5	5			10	9	1	64	7	福島県	2	7	1	3	ok	0	3928	97	0	0	1665	86	2263	11
V2-A-197	V2	A	1	8	2	5	10	25	30	20	5	5			9	9	2	81	13	東京都	1	6	2	1	ok	0	3932	97	0	0	1667	86	2265	11
V2-A-198	V2	A	2	11	2	5	5	15	30	30	10	5			10	9	1	27	27	大阪府	2	8	2	2	ok	0	3914	97	0	0	1658	86	2256	11
V2-A-199	V2	A	1	8	2	5	10	25	30	20	5	5			9	9	2	63	14	神奈川県	2	6	2	1	ok	0	3916	97	0	0	1659	86	2257	11
V2-A-200	V2	A	2	11	2	5	10	20	30	25	7	3			10	9	1	28	23	愛知県	1	6	6	5	ok	0	3938	97	0	0	1670	86	2268	11
V2-A-201	V2	A	2	11	2	5	5	20	35	25	5	5			10	9	1	52	17	石川県	1	8	6	7	ok	0	3930	97	0	0	1666	86	2264	11
V2-A-202	V2	A	2	10	2	5	5	15	30	30	10	5			10	9	1	36	37	香川県	2	4	6	4	ok	0	3900	97	0	0	1651	86	2249	11
V2-A-203	V2	A	1	8	2	5	10	25	30	20	5	5			9	9	2	46	14	神奈川県	2	8	6	1	ok	0	3904	97	0	0	1653	86	2251	11
V2-A-204	V2	A	2	11	2	5	10	20	30	25	7	3			10	9	2	38	1	北海道	2	1	2	4	ok	0	3910	97	0	0	1656	86	2254	11
V2-A-205	V2	A	2	10	2	5	10	25	30	20	5	5			10	9	1	81	27	大阪府	1	8	6	4	ok	0	3930	97	0	0	1666	86	2264	11
V2-A-206	V2	A	1	8	2	5	10	25	30	20	5	5			9	11	1	45	29	奈良県	1	7	2	1	ok	0	3936	97	0	0	1669	86	2267	11
V2-A-207	V2	A	2	11	2	5	10	20	30	25	5	5			10	9	1	54	29	奈良県	2	8	2	3	ok	0	3914	97	0	0	1658	86	2256	11
V2-A-208	V2	A	2	11	2	5	10	20	30	25	7	3			10	9	1	56	13	東京都	2	7	6	5	ok	0	3918	97	0	0	1660	86	2258	11
V2-A-209	V2	A	1	8	2	5	10	25	30	20	5	5			9	9	2	59	27	大阪府	1	7	5	1	ok	0	3936	97	0	0	1669	86	2267	11
V2-A-210	V2	A	2	11	2	5	5	15	25	35	10	5			11	9	2	98	27	大阪府	1	3	2	2	ok	0	3966	97	0	0	1684	86	2282	11
V2-A-211	V2	A	2	10	2	5	10	20	30	25	5	5			10	9	1	34	13	東京都	2	8	4	3	ok	0	3912	97	0	0	1657	86	2255	11
V2-A-212	V2	A	2	10	2	5	10	20	30	25	5	5			10	9	2	62	40	福岡県	2	1	6	1	ok	0	3900	97	0	0	1651	86	2249	11
V2-A-213	V2	A	2	10	2	5	10	20	30	25	5	5			10	9	2	60	4	宮城県	1	1	2	2	ok	0	3932	97	0	0	1667	86	2265	11
V2-A-214	V2	A	2	11	2	5	10	20	30	25	5	5			10	9	2	36	45	宮崎県	2	7	2	4	ok	0	3926	97	0	0	1664	86	2262	11
V2-A-215	V2	A	2	10	2	5	10	20	30	25	5	5			10	9	1	51	23	愛知県	2	6	2	3	ok	0	3922	97	0	0	1662	86	2260	11
V2-A-216	V2	A	2	10	2	5	10	20	30	25	7	3			10	9	1	54	13	東京都	2	8	2	5	ok	0	3912	97	0	0	1657	86	2255	11
V2-A-217	V2	A	2	11	2	5	10	20	30	25	5	5			10	9	1	70	27	大阪府	2	1	2	2	ok	0	3912	97	0	0	1657	86	2255	11
V2-A-218	V2	A	2	11	2	5	10	20	30	25	7	3			10	9	1	25	28	兵庫県	1	3	6	3	ok	0	3964	97	0	0	1683	86	2281	11
V2-A-219	V2	A	2	10	2	5	10	25	30	20	5	5			10	9	2	33	13	東京都	1	2	6	2	ok	0	3920	97	0	0	1661	86	2259	11
V2-A-220	V2	A	2	10	2	5	10	25	30	20	5	5			10	9	2	39	13	東京都	2	8	5	1	ok	0	3904	97	0	0	1653	86	2251	11
V2-A-221	V2	A	1	8	2	5	10	25	30	20	5	5			9	9	2	73	23	愛知県	2	8	2	2	ok	0	3914	97	0	0	1658	86	2256	11
V2-A-222	V2	A	2	10	2	5	10	20	30	25	5	5			10	9	2	84	40	福岡県	2	8	6	1	ok	0	3902	97	0	0	1652	86	2250	11
V2-A-223	V2	A	2	11	2	5	10	20	30	25	5	5			10	9	1	47	14	神奈川県	1	1	2	2	ok	0	3934	97	0	0	1668	86	2266	11
V2-A-224	V2	A	1	10	2	5	10	25	30	20	5	5			10	9	2	82	23	愛知県	2	1	2	1	ok	0	3904	97	0	0	1653	86	2251	11
V2-A-225	V2	A	2	10	2	5	10	20	35	20	7	3			10	11	1	54	13	東京都	1	1	2	8	ok	0	3924	97	0	0	1663	86	2261	11
V2-A-226	V2	A	2	10	2	5	10	20	30	25	5	5			10	9	1	76	42	長崎県	2	2	2	1	ok	0	3898	97	0	0	1650	86	2248	11
V2-A-227	V2	A	2	10	2	5	10	20	30	25	5	5			10	9	1	24	38	愛媛県	1	2	2	4	ok	0	3928	97	0	0	1665	86	2263	11
V2-A-228	V2	A	2	11	2	5	10	20	30	25	5	5			10	9	2	33	27	大阪府	2	8	2	6	ok	0	3914	97	0	0	1658	86	2256	11
V2-A-229	V2	A	2	11	2	5	10	20	30	25	5	5			10	9	1	47	13	東京都	2	1	6	1	ok	0	3898	97	0	0	1650	86	2248	11
V2-A-230	V2	A	2	10	2	5	10	20	30	25	5	5			10	9	2	51	14	神奈川県	2	1	6	1	ok	0	3902	97	0	0	1652	86	2250	11
V2-A-231	V2	A	2	11	2	5	10	20	30	25	7	3			10	9	2	42	9	栃木県	2	1	4	7	ok	0	3914	97	0	0	1658	86	2256	11
V2-A-232	V2	A	1	8	2	5	10	25	30	20	5	5			9	11	2	52	14	神奈川県	2	8	5	1	ok	0	3908	97	0	0	1655	86	2253	11
V2-A-233	V2	A	2	10	2	5	10	20	30	25	7	3			10	9	1	38	23	愛知県	2	1	6	4	ok	0	3908	97	0	0	1655	86	2253	11
V2-A-234	V2	A	2	10	2	5	10	20	30	25	5	5			10	9	1	79	12	千葉県	2	6	6	3	ok	0	3918	97	0	0	1660	86	2258	11
V2-A-235	V2	A	2	11	2	5	10	20	30	25	5	5			10	9	2	42	12	千葉県	1	8	4	4	ok	0	3934	97	0	0	1668	86	2266	11
V2-A-236	V2	A	1	8	2	5	10	25	30	20	5	5			9	9	2	81	13	東京都	2	7	2	4	ok	0	3922	97	0	0	1662	86	2260	11
V2-A-237	V2	A	2	11	2	5	10	25	30	20	5	5			10	9	1	36	38	愛媛県	2	6	6	4	ok	0	3920	97	0	0	1661	86	2259	11
V2-A-238	V2	A	1	8	2	5	10	25	30	20	5	5			9	9	1	75	14	神奈川県	2	8	2	1	ok	0	3908	97	0	0	1655	86	2253	11
V2-A-239	V2	A	2	11	2	5	10	20	30	25	7	3			10	9	2	40	11	埼玉県	2	1	4	6	ok	0	3914	97	0	0	1658	86	2256	11
V2-A-240	V2	A	2	10	2	5	10	20	30	25	5	5			10	9	1	73	23	愛知県	2	6	1	4	ok	0	3928	97	0	0	1665	86	2263	11
V2-A-241	V2	A	2	11	2	5	10	20	30	25	7	3			10	9	2	53	26	京都府	1	1	6	3	ok	0	3926	97	0	0	1664	86	2262	11
V2-A-242	V2	A	2	10	2	5	10	20	30	25	5	5			10	9	1	69	21	岐阜県	1	1	6	6	ok	0	3930	97	0	0	1666	86	2264	11
V2-A-243	V2	A	2	11	2	5	10	20	30	25	5	5			10	9	2	43	34	広島県	2	8	6	1	ok	0	3900	97	0	0	1651	86	2249	11
V2-A-244	V2	A	2	10	2	5	10	25	30	20	5	5			10	9	2	27	27	大阪府	1	6	6	1	ok	0	3930	97	0	0	1666	86	2264	11
V2-A-245	V2	A	2	11	2	5	10	20	30	25	5	5			10	9	2	35	2	青森県	2	1	1	6	ok	0	3916	97	0	0	1659	86	2257	11
V2-A-246	V2	A	2	10	2	5	10	20	30	25	5	5			10	9	2	80	13	東京都	1	1	2	1	ok	0	3922	97	0	0	1662	86	2260	11
V2-A-247	V2	A	2	11	2	5	10	20	30	25	5	5			10	9	2	35	27	大阪府	2	6	4	3	ok	0	3922	97	0	0	1662	86	2260	11
V2-A-248	V2	A	2	11	2	5	5	15	25	35	10	5			11	9	1	92	15	新潟県	2	6	2	4	ok	0	3922	97	0	0	1662	86	2260	11
V2-A-249	V2	A	2	11	2	5	10	20	30	25	5	5			10	9	1	45	34	広島県	2	8	2	7	ok	0	3914	97	0	0	1658	86	2256	11
V2-A-250	V2	A	2	11	2	5	10	20	30	25	7	3			10	9	2	40	13	東京都	2	1	6	4	ok	0	3906	97	0	0	1654	86	2252	11
V2-B-001	V2	B	2	10	2	5	10	20	30	25	5	5	2	1	10	9	1	81	12	千葉県	1	7	2	4	ok	0	4102	105	0	0	1673	86	2429	19
V2-B-002	V2	B	2	11	2	5	10	20	30	25	7	3	2	1	10	9	2	39	7	福島県	2	6	4	4	ok	0	4078	105	0	0	1661	86	2417	19
V2-B-003	V2	B	2	10	2	5	10	20	30	25	5	5	2	1	10	9	1	60	23	愛知県	1	8	6	1	ok	0	4080	105	0	0	1662	86	2418	19
V2-B-004	V2	B	2	11	2	5	10	20	30	25	7	3	2	1	10	9	2	47	11	埼玉県	2	3	2	4	ok	0	4106	105	0	0	1675	86	2431	19
V2-B-005	V2	B	2	10	2	5	10	20	30	25	5	5	2	1	10	9	2	60	33	岡山県	2	7	6	1	ok	0	4070	105	0	0	1657	86	2413	19
V2-B-006	V2	B	2	10	2	5	10	20	30	25	5	5	2	1	10	9	2	69	27	大阪府	2	3	2	6	ok	0	4104	105	0	0	1674	86	2430	19
V2-B-007	V2	B	2	10	2	5	10	25	30	20	5	5	2	1	10	9	1	48	22	静岡県	2	8	6	4	ok	0	4068	105	0	0	1656	86	2412	19
V2-B-008	V2	B	2	11	2	5	10	20	30	25	5	5	2	1	10	9	2	65	8	茨城県	2	6	2	3	ok	0	4080	105	0	0	1662	86	2418	19
V2-B-009	V2	B	2	11	2	5	10	20	30	25	5	5	2	1	10	9	2	28	27	大阪府	2	1	1	2	ok	0	4076	105	0	0	1660	86	2416	19
V2-B-010	V2	B	2	11	2	5	10	20	30	25	5	5	2	1	10	9	1	53	4	宮城県	1	8	2	1	ok	0	4084	105	0	0	1664	86	2420	19
V2-B-011	V2	B	1	8	2	5	10	25	30	20	5	5	2	1	9	9	2	66	27	大阪府	2	7	1	4	ok	0	4088	105	0	0	1666	86	2422	19
V2-B-012	V2	B	2	10	2	5	10	20	30	25	7	3	2	1	10	9	2	26	3	岩手県	1	1	6	3	ok	0	4086	105	0	0	1665	86	2421	19
V2-B-013	V2	B	2	11	2	5	10	25	30	20	5	5	2	1	10	9	2	29	23	愛知県	2	7	6	3	ok	0	4078	105	0	0	1661	86	2417	19
V2-B-014	V2	B	2	10	2	5	10	20	30	25	7	3	2	1	10	9	2	60	23	愛知県	2	1	2	4	ok	0	4070	105	0	0	1657	86	2413	19
V2-B-015	V2	B	2	10	2	5	10	25	30	20	5	5	2	1	10	9	2	62	36	徳島県	2	8	2	6	ok	0	4072	105	0	0	1658	86	2414	19
V2-B-016	V2	B	2	10	2	5	10	20	30	25	5	5	2	1	10	9	2	38	12	千葉県	2	1	6	1	ok	0	4058	105	0	0	1651	86	2407	19
V2-B-017	V2	B	2	11	2	5	10	20	30	25	5	5	2	1	10	9	2	34	47	沖縄県	2	8	6	4	ok	0	4070	105	0	0	1657	86	2413	19
V2-B-018	V2	B	2	11	2	5	10	20	30	25	5	5	2	1	10	9	1	29	13	東京都	1	8	6	3	ok	0	4086	105	0	0	1665	86	2421	19
V2-B-019	V2	B	1	8	2	5	10	25	30	20	5	5	2	1	9	9	1	77	4	宮城県	2	8	2	1	ok	0	4064	105	0	0	1654	86	2410	19
V2-B-020	V2	B	2	11	2	5	10	20	30	25	5	5	2	1	10	9	2	41	11	埼玉県	2	6	4	4	ok	0	4082	105	0	0	1663	86	2419	19
V2-B-021	V2	B	2	11	2	5	10	20	30	25	5	5	2	1	10	9	2	81	13	東京都	1	7	1	4	ok	0	4106	105	0	0	1675	86	2431	19
V2-B-022	V2	B	1	8	2	5	10	25	30	20	5	5	2	1	9	9	2	70	14	神奈川県	2	6	2	3	ok	0	4082	105	0	0	1663	86	2419	19
V2-B-023	V2	B	2	11	2	5	10	20	30	25	7	3	2	1	10	9	1	43	27	大阪府	1	6	4	7	ok	0	4102	105	0	0	1673	86	2429	19
V2-B-024	V2	B	2	11	2	5	10	20	30	25	7	3	2	1	10	9	1	44	20	長野県	2	1	2	3	ok	0	4068	105	0	0	1656	86	2412	19
V2-B-025	V2	B	2	10	2	5	10	20	30	20	10	5	2	1	10	9	2	26	12	千葉県	1	1	2	3	ok	0	4090	105	0	0	1667	86	2423	19
V2-B-026	V2	B	2	11	2	5	10	20	30	25	5	5	2	1	10	9	1	88	15	新潟県	1	7	2	3	ok	0	4102	105	0	0	1673	86	2429	19
V2-B-027	V2	B	2	11	2	5	10	25	30	20	5	5	2	1	10	9	2	33	15	新潟県	1	1	4	6	ok	0	4090	105	0	0	1667	86	2423	19
V2-B-028	V2	B	2	10	2	5	10	25	30	20	5	5	2	1	10	9	2	51	40	福岡県	2	6	5	2	ok	0	4080	105	0	0	1662	86	2418	19
V2-B-029	V2	B	2	10	2	5	5	15	25	30	15	5	2	1	10	9	2	89	24	三重県	1	8	1	4	ok	0	4096	105	0	0	1670	86	2426	19
V2-B-030	V2	B	2	10	2	5	10	20	35	20	5	5	2	1	10	9	2	59	25	滋賀県	2	1	3	4	ok	0	4076	105	0	0	1660	86	2416	19
V2-B-031	V2	B	2	11	2	5	10	20	30	25	5	5	2	1	10	9	2	73	27	大阪府	2	1	2	3	ok	0	4070	105	0	0	1657	86	2413	19
V2-B-032	V2	B	2	11	2	5	10	20	30	25	5	5	2	1	10	9	1	32	4	宮城県	2	8	2	3	ok	0	4072	105	0	0	1658	86	2414	19
V2-B-033	V2	B	2	10	2	5	5	15	30	30	10	5	2	1	10	9	1	75	29	奈良県	2	8	6	2	ok	0	4068	105	0	0	1656	86	2412	19
V2-B-034	V2	B	1	8	2	5	10	25	30	20	5	5	2	1	9	9	2	51	23	愛知県	2	7	1	1	ok	0	4080	105	0	0	1662	86	2418	19
V2-B-035	V2	B	2	10	2	5	10	20	30	25	5	5	2	1	10	9	2	59	18	福井県	2	1	2	3	ok	0	4068	105	0	0	1656	86	2412	19
V2-B-036	V2	B	2	11	2	5	10	20	30	25	5	5	2	1	10	9	2	60	40	福岡県	1	6	2	4	ok	0	4100	105	0	0	1672	86	2428	19
V2-B-037	V2	B	2	10	2	5	10	20	30	25	5	5	2	1	10	9	1	77	14	神奈川県	1	3	2	1	ok	0	4118	105	0	0	1681	86	2437	19
V2-B-038	V2	B	2	11	2	5	10	20	30	25	5	5	2	1	10	9	2	48	13	東京都	2	8	2	7	ok	0	4072	105	0	0	1658	86	2414	19
V2-B-039	V2	B	2	11	2	5	5	15	25	35	10	5	2	1	11	9	1	93	45	宮崎県	2	6	2	2	ok	0	4082	105	0	0	1663	86	2419	19
V2-B-040	V2	B	2	11	2	5	10	20	30	25	5	5	2	1	10	9	2	57	11	埼玉県	2	7	2	4	ok	0	4084	105	0	0	1664	86	2420	19
V2-B-041	V2	B	1	8	2	5	10	25	30	20	5	5	2	1	9	9	2	48	13	東京都	2	1	4	1	ok	0	4060	105	0	0	1652	86	2408	19
V2-B-042	V2	B	2	10	2	5	10	20	30	25	5	5	2	1	10	9	2	73	11	埼玉県	2	7	2	2	ok	0	4084	105	0	0	1664	86	2420	19
V2-B-043	V2	B	2	10	2	5	10	20	30	25	5	5	2	1	10	9	1	53	14	神奈川県	2	1	2	1	ok	0	4064	105	0	0	1654	86	2410	19
V2-B-044	V2	B	2	10	2	5	10	25	30	20	5	5	2	1	10	9	1	34	1	北海道	1	6	6	4	ok	0	4094	105	0	0	1669	86	2425	19
V2-B-045	V2	B	2	11	2	5	10	20	30	25	5	5	2	1	10	9	1	20	11	埼玉県	1	8	5	2	ok	0	4094	105	0	0	1669	86	2425	19
V2-B-046	V2	B	2	10	2	5	10	20	30	25	7	3	2	1	10	9	1	26	14	神奈川県	1	4	2	2	ok	0	4086	105	0	0	1665	86	2421	19
V2-B-047	V2	B	2	11	2	5	10	25	30	20	5	5	2	1	10	9	1	30	9	栃木県	2	1	2	2	ok	0	4070	105	0	0	1657	86	2413	19
V2-B-048	V2	B	2	10	2	5	10	20	30	25	5	5	2	1	10	9	2	79	27	大阪府	1	1	5	1	ok	0	4082	105	0	0	1663	86	2419	19
V2-B-049	V2	B	2	11	2	5	10	20	30	25	7	3	2	1	10	9	2	38	13	東京都	2	7	6	7	ok	0	4078	105	0	0	1661	86	2417	19
V2-B-050	V2	B	2	10	2	5	10	20	30	25	5	5	2	1	10	9	1	72	27	大阪府	1	3	1	6	ok	0	4130	105	0	0	1687	86	2443	19
V2-B-051	V2	B	2	11	2	5	10	20	30	25	7	3	2	1	10	9	2	72	44	大分県	2	7	5	2	ok	0	4080	105	0	0	1662	86	2418	19
V2-B-052	V2	B	2	11	2	5	10	20	30	25	5	5	2	1	10	9	2	26	12	千葉県	1	8	2	1	ok	0	4084	105	0	0	1664	86	2420	19
V2-B-053	V2	B	1	8	2	5	10	25	30	20	5	5	2	1	9	9	2	80	1	北海道	2	2	1	2	ok	0	4068	105	0	0	1656	86	2412	19
V2-B-054	V2	B	2	11	2	5	10	20	30	25	7	3	2	1	10	9	2	44	13	東京都	2	1	6	3	ok	0	4064	105	0	0	1654	86	2410	19
V2-B-055	V2	B	1	8	2	5	10	25	30	20	5	5	2	1	9	11	2	68	40	福岡県	2	7	2	5	ok	0	4082	105	0	0	1663	86	2419	19
V2-B-056	V2	B	1	8	2	5	10	25	30	20	5	5	2	1	9	9	1	77	13	東京都	2	8	1	1	ok	0	4068	105	0	0	1656	86	2412	19
V2-B-057	V2	B	2	11	2	5	10	20	30	25	5	5	2	1	10	9	2	94	12	千葉県	2	7	2	4	ok	0	4082	105	0	0	1663	86	2419	19
V2-B-058	V2	B	2	10	2	5	10	25	30	20	5	5	2	1	10	9	1	52	23	愛知県	2	8	4	6	ok	0	4072	105	0	0	1658	86	2414	19
V2-B-059	V2	B	2	10	2	5	10	25	30	20	5	5	2	1	10	9	1	53	11	埼玉県	2	2	1	5	ok	0	4072	105	0	0	1658	86	2414	19
V2-B-060	V2	B	2	10	2	5	10	25	30	20	5	5	2	1	10	9	1	45	27	大阪府	2	1	2	8	ok	0	4064	105	0	0	1654	86	2410	19
V2-B-061	V2	B	2	11	2	5	10	20	30	25	5	5	2	1	10	9	2	42	23	愛知県	1	1	2	3	ok	0	4090	105	0	0	1667	86	2423	19
V2-B-062	V2	B	2	11	2	5	10	20	30	25	5	5	2	1	10	9	1	51	14	神奈川県	2	7	2	2	ok	0	4084	105	0	0	1664	86	2420	19
V2-B-063	V2	B	2	10	2	5	10	20	30	25	5	5	2	1	10	9	1	90	11	埼玉県	1	6	1	1	ok	0	4100	105	0	0	1672	86	2428	19
V2-B-064	V2	B	2	10	2	5	10	25	30	20	7	3	2	1	10	9	1	40	13	東京都	2	6	7	2	ok	0	4076	105	0	0	1660	86	2416	19
V2-B-065	V2	B	2	10	2	5	10	20	30	25	5	5	2	1	10	9	2	26	23	愛知県	2	1	6	1	ok	0	4058	105	0	0	1651	86	2407	19
V2-B-066	V2	B	2	11	2	5	10	20	30	25	5	5	2	1	10	9	2	25	4	宮城県	2	1	2	1	ok	0	4062	105	0	0	1653	86	2409	19
V2-B-067	V2	B	2	10	2	5	10	25	35	20	3	2	2	1	10	9	2	46	13	東京都	1	1	6	8	ok	0	4078	105	0	0	1661	86	2417	19
V2-B-068	V2	B	2	11	2	5	10	25	30	20	7	3	2	1	10	9	1	33	22	静岡県	1	1	7	6	ok	0	4088	105	0	0	1666	86	2422	19
V2-B-069	V2	B	2	11	2	5	10	20	30	25	5	5	2	1	10	9	2	29	13	東京都	1	6	6	2	ok	0	4094	105	0	0	1669	86	2425	19
V2-B-070	V2	B	2	11	2	5	10	20	30	25	7	3	2	1	10	9	2	42	8	茨城県	2	1	4	5	ok	0	4070	105	0	0	1657	86	2413	19
V2-B-071	V2	B	2	10	2	5	10	20	30	25	5	5	2	1	10	9	1	74	1	北海道	2	8	2	3	ok	0	4070	105	0	0	1657	86	2413	19
V2-B-072	V2	B	1	8	2	5	10	25	30	20	5	5	2	1	9	9	2	69	27	大阪府	2	7	4	2	ok	0	4082	105	0	0	1663	86	2419	19
V2-B-073	V2	B	2	10	2	5	10	25	30	20	5	5	2	1	10	9	2	24	28	兵庫県	1	1	2	3	ok	0	4092	105	0	0	1668	86	2424	19
V2-B-074	V2	B	2	10	2	5	5	15	25	35	10	5	2	1	10	9	1	75	21	岐阜県	2	1	1	4	ok	0	4078	105	0	0	1661	86	2417	19
V2-B-075	V2	B	2	11	2	5	10	20	30	25	5	5	2	1	10	9	1	47	28	兵庫県	2	8	2	1	ok	0	4066	105	0	0	1655	86	2411	19
V2-B-076	V2	B	1	8	2	5	10	25	30	20	5	5	2	1	9	9	2	79	13	東京都	1	6	1	4	ok	0	4104	105	0	0	1674	86	2430	19
V2-B-077	V2	B	2	11	2	5	10	25	30	20	7	3	2	1	10	9	2	37	13	東京都	2	3	6	2	ok	0	4098	105	0	0	1671	86	2427	19
V2-B-078	V2	B	2	11	2	5	10	20	30	25	5	5	2	1	10	9	2	30	13	東京都	2	1	5	4	ok	0	4068	105	0	0	1656	86	2412	19
V2-B-079	V2	B	2	10	2	5	10	20	30	25	5	5	2	1	10	9	2	67	1	北海道	1	1	2	4	ok	0	4088	105	0	0	1666	86	2422	19
V2-B-080	V2	B	2	10	2	5	10	20	30	25	7	3	2	1	10	9	1	35	28	兵庫県	2	2	6	3	ok	0	4062	105	0	0	1653	86	2409	19
V2-B-081	V2	B	1	8	2	5	10	25	30	20	5	5	2	1	9	9	2	72	28	兵庫県	2	8	2	1	ok	0	4066	105	0	0	1655	86	2411	19
V2-B-082	V2	B	2	11	2	5	10	25	30	20	5	5	2	1	10	9	2	37	13	東京都	2	7	2	4	ok	0	4080	105	0	0	1662	86	2418	19
V2-B-083	V2	B	2	10	2	5	10	25	30	20	5	5	2	1	10	9	1	50	11	埼玉県	2	8	7	1	ok	0	4064	105	0	0	1654	86	2410	19
V2-B-084	V2	B	2	10	2	5	10	20	30	25	5	5	2	1	10	9	2	46	4	宮城県	1	8	2	8	ok	0	4086	105	0	0	1665	86	2421	19
V2-B-085	V2	B	2	10	2	5	10	20	30	25	5	5	2	1	10	9	1	82	44	大分県	2	1	2	1	ok	0	4060	105	0	0	1652	86	2408	19
V2-B-086	V2	B	1	8	2	5	10	25	30	20	5	5	2	1	9	9	2	68	12	千葉県	2	8	2	3	ok	0	4072	105	0	0	1658	86	2414	19
V2-B-087	V2	B	1	8	2	5	10	25	30	20	5	5	2	1	9	9	2	49	33	岡山県	2	1	2	1	ok	0	4062	105	0	0	1653	86	2409	19
V2-B-088	V2	B	2	11	2	5	10	20	30	25	7	3	2	1	10	9	2	59	13	東京都	2	3	5	3	ok	0	4102	105	0	0	1673	86	2429	19
V2-B-089	V2	B	2	10	2	5	10	20	30	25	5	5	2	1	10	9	1	80	1	北海道	2	4	2	2	ok	0	4062	105	0	0	1653	86	2409	19
V2-B-090	V2	B	2	11	2	5	10	20	30	25	7	3	2	1	10	9	2	30	11	埼玉県	2	1	6	4	ok	0	4068	105	0	0	1656	86	2412	19
V2-B-091	V2	B	2	10	2	5	10	20	30	25	5	5	2	1	10	9	1	75	11	埼玉県	2	7	2	2	ok	0	4084	105	0	0	1664	86	2420	19
V2-B-092	V2	B	2	11	2	5	10	20	35	20	5	5	2	1	10	9	1	32	46	鹿児島県	2	9	6	4	ok	0	4060	105	0	0	1652	86	2408	19
V2-B-093	V2	B	2	11	2	5	10	20	30	25	7	3	2	1	10	9	2	40	23	愛知県	2	1	4	5	ok	0	4070	105	0	0	1657	86	2413	19
V2-B-094	V2	B	2	11	2	5	10	20	30	25	5	5	2	1	10	9	2	89	27	大阪府	1	7	1	4	ok	0	4108	105	0	0	1676	86	2432	19
V2-B-095	V2	B	2	10	2	5	10	20	30	25	7	3	2	1	10	9	1	45	26	京都府	2	8	2	3	ok	0	4070	105	0	0	1657	86	2413	19
V2-B-096	V2	B	2	11	2	5	10	20	30	25	5	5	2	1	10	9	2	30	12	千葉県	1	8	2	5	ok	0	4092	105	0	0	1668	86	2424	19
V2-B-097	V2	B	1	8	2	5	10	25	30	20	5	5	2	1	9	9	2	49	38	愛媛県	2	2	2	1	ok	0	4058	105	0	0	1651	86	2407	19
V2-B-098	V2	B	2	11	2	5	10	20	30	25	7	3	2	1	10	9	1	26	34	広島県	1	2	6	2	ok	0	4078	105	0	0	1661	86	2417	19
V2-B-099	V2	B	2	11	2	5	10	20	30	25	7	3	2	1	10	9	1	39	28	兵庫県	2	2	6	6	ok	0	4062	105	0	0	1653	86	2409	19
V2-B-100	V2	B	1	8	2	5	10	25	30	20	5	5	2	1	9	9	2	82	28	兵庫県	2	7	2	1	ok	0	4076	105	0	0	1660	86	2416	19
V2-B-101	V2	B	2	11	2	5	10	25	30	20	5	5	2	1	10	9	2	62	33	岡山県	2	1	5	3	ok	0	4070	105	0	0	1657	86	2413	19
V2-B-102	V2	B	2	11	2	5	10	20	30	25	7	3	2	1	10	9	2	24	14	神奈川県	1	8	6	4	ok	0	4090	105	0	0	1667	86	2423	19
V2-B-103	V2	B	2	11	2	5	10	20	30	25	7	3	2	1	10	9	1	47	14	神奈川県	2	1	4	4	ok	0	4072	105	0	0	1658	86	2414	19
V2-B-104	V2	B	2	11	2	5	10	20	30	25	7	3	2	1	10	9	1	65	12	千葉県	2	1	7	2	ok	0	4068	105	0	0	1656	86	2412	19
V2-B-105	V2	B	1	8	2	5	10	25	30	20	5	5	2	1	9	9	2	74	8	茨城県	1	8	1	4	ok	0	4098	105	0	0	1671	86	2427	19
V2-B-106	V2	B	1	8	2	5	10	25	30	20	5	5	2	1	9	9	2	82	43	熊本県	1	7	1	1	ok	0	4100	105	0	0	1672	86	2428	19
V2-B-107	V2	B	2	11	2	5	5	15	30	30	10	5	2	1	11	9	1	94	13	東京都	2	4	1	2	ok	0	4068	105	0	0	1656	86	2412	19
V2-B-108	V2	B	1	8	2	5	10	25	30	20	5	5	2	1	9	9	2	82	35	山口県	1	8	2	1	ok	0	4082	105	0	0	1663	86	2419	19
V2-B-109	V2	B	2	11	2	5	10	20	30	25	7	3	2	1	10	9	2	40	21	岐阜県	2	1	2	4	ok	0	4072	105	0	0	1658	86	2414	19
V2-B-110	V2	B	2	10	2	5	10	25	30	20	5	5	2	1	10	9	1	75	12	千葉県	1	7	2	4	ok	0	4102	105	0	0	1673	86	2429	19
V2-B-111	V2	B	2	11	2	5	5	15	30	30	10	5	2	1	10	9	1	75	13	東京都	1	1	2	3	ok	0	4088	105	0	0	1666	86	2422	19
V2-B-112	V2	B	2	10	2	5	10	20	30	25	5	5	2	1	10	9	1	86	11	埼玉県	2	1	2	1	ok	0	4064	105	0	0	1654	86	2410	19
V2-B-113	V2	B	2	11	2	5	10	20	30	25	5	5	2	1	10	9	1	48	28	兵庫県	2	6	2	3	ok	0	4082	105	0	0	1663	86	2419	19
V2-B-114	V2	B	2	11	2	5	10	20	30	25	5	5	2	1	10	9	1	66	28	兵庫県	1	8	4	1	ok	0	4086	105	0	0	1665	86	2421	19
V2-B-115	V2	B	2	11	2	5	10	20	30	25	5	5	2	1	10	9	2	44	43	熊本県	2	1	4	5	ok	0	4070	105	0	0	1657	86	2413	19
V2-B-116	V2	B	2	11	2	5	5	15	25	30	15	5	2	1	11	9	1	89	29	奈良県	2	7	1	2	ok	0	4088	105	0	0	1666	86	2422	19
V2-B-117	V2	B	2	11	2	5	10	20	30	25	5	5	2	1	10	9	1	46	31	鳥取県	2	8	1	7	ok	0	4082	105	0	0	1663	86	2419	19
V2-B-118	V2	B	2	11	2	5	10	20	30	25	5	5	2	1	10	9	1	28	40	福岡県	2	1	6	2	ok	0	4066	105	0	0	1655	86	2411	19
V2-B-119	V2	B	2	11	2	5	10	20	30	25	5	5	2	1	10	9	1	87	8	茨城県	2	8	6	2	ok	0	4068	105	0	0	1656	86	2412	19
V2-B-120	V2	B	2	10	2	5	5	20	30	25	10	5	2	1	10	9	1	63	28	兵庫県	1	1	2	4	ok	0	4092	105	0	0	1668	86	2424	19
V2-B-121	V2	B	2	11	2	5	10	20	30	25	7	3	2	1	10	9	1	63	27	大阪府	2	6	7	3	ok	0	4078	105	0	0	1661	86	2417	19
V2-B-122	V2	B	2	11	2	5	10	20	30	25	5	5	2	1	10	9	2	27	13	東京都	1	6	6	2	ok	0	4094	105	0	0	1669	86	2425	19
V2-B-123	V2	B	1	8	2	5	10	25	30	20	5	5	2	1	9	9	2	74	1	北海道	2	6	2	3	ok	0	4078	105	0	0	1661	86	2417	19
V2-B-124	V2	B	2	10	2	5	10	20	30	25	7	3	2	1	10	9	1	47	26	京都府	2	4	6	3	ok	0	4058	105	0	0	1651	86	2407	19
V2-B-125	V2	B	2	10	2	5	10	20	30	25	5	5	2	1	10	9	2	63	1	北海道	2	7	2	3	ok	0	4080	105	0	0	1662	86	2418	19
V2-B-126	V2	B	1	8	2	5	10	25	30	20	5	5	2	1	9	9	2	75	4	宮城県	2	1	1	2	ok	0	4076	105	0	0	1660	86	2416	19
V2-B-127	V2	B	2	10	2	5	10	20	30	25	5	5	2	1	10	9	1	79	27	大阪府	2	7	6	1	ok	0	4070	105	0	0	1657	86	2413	19
V2-B-128	V2	B	2	10	2	5	10	20	30	25	5	5	2	1	10	9	1	59	27	大阪府	1	6	4	5	ok	0	4100	105	0	0	1672	86	2428	19
V2-B-129	V2	B	2	10	2	5	10	20	35	20	5	5	2	1	10	9	1	39	13	東京都	2	6	6	4	ok	0	4074	105	0	0	1659	86	2415	19
V2-B-130	V2	B	2	10	2	5	10	25	30	20	5	5	2	1	10	9	1	27	27	大阪府	2	8	6	1	ok	0	4060	105	0	0	1652	86	2408	19
V2-B-131	V2	B	2	11	2	5	10	20	30	25	5	5	2	1	10	9	2	33	27	大阪府	1	1	6	3	ok	0	4086	105	0	0	1665	86	2421	19
V2-B-132	V2	B	2	10	2	5	10	25	30	20	5	5	2	1	10	9	1	61	27	大阪府	2	1	2	5	ok	0	4070	105	0	0	1657	86	2413	19
V2-B-133	V2	B	2	11	2	5	10	20	30	25	7	3	2	1	10	9	1	22	28	兵庫県	1	8	6	1	ok	0	4082	105	0	0	1663	86	2419	19
V2-B-134	V2	B	2	10	2	5	10	25	30	20	7	3	2	1	10	9	2	56	13	東京都	1	2	6	5	ok	0	4078	105	0	0	1661	86	2417	19
V2-B-135	V2	B	2	10	2	5	10	20	30	25	5	5	2	1	10	9	2	49	14	神奈川県	2	1	6	5	ok	0	4068	105	0	0	1656	86	2412	19
V2-B-136	V2	B	2	10	2	5	10	25	30	20	5	5	2	1	10	9	1	26	13	東京都	1	1	6	2	ok	0	4084	105	0	0	1664	86	2420	19
V2-B-137	V2	B	2	10	2	5	10	20	30	25	5	5	2	1	10	9	1	21	23	愛知県	1	1	2	3	ok	0	4090	105	0	0	1667	86	2423	19
V2-B-138	V2	B	1	8	2	5	10	25	30	20	5	5	2	1	9	9	2	75	36	徳島県	1	1	2	1	ok	0	4082	105	0	0	1663	86	2419	19
V2-B-139	V2	B	2	10	2	5	10	20	30	25	5	5	2	1	10	9	2	58	27	大阪府	2	6	2	4	ok	0	4080	105	0	0	1662	86	2418	19
V2-B-140	V2	B	2	10	2	5	10	20	30	25	7	3	2	1	10	9	2	38	19	山梨県	1	8	2	5	ok	0	4092	105	0	0	1668	86	2424	19
V2-B-141	V2	B	2	11	2	5	5	20	30	30	5	5	2	1	10	9	1	73	23	愛知県	1	7	2	4	ok	0	4102	105	0	0	1673	86	2429	19
V2-B-142	V2	B	2	10	2	5	10	20	30	25	5	5	2	1	10	9	2	67	10	群馬県	2	6	2	5	ok	0	4080	105	0	0	1662	86	2418	19
V2-B-143	V2	B	1	8	2	5	10	25	30	20	5	5	2	1	9	9	2	40	11	埼玉県	2	8	2	1	ok	0	4066	105	0	0	1655	86	2411	19
V2-B-144	V2	B	2	11	2	5	10	20	30	25	5	5	2	1	10	9	1	77	26	京都府	2	6	2	4	ok	0	4078	105	0	0	1661	86	2417	19
V2-B-145	V2	B	2	10	2	5	10	25	35	20	3	2	2	1	10	9	1	60	13	東京都	2	1	6	6	ok	0	4064	105	0	0	1654	86	2410	19
V2-B-146	V2	B	1	8	2	5	10	25	30	20	5	5	2	1	9	9	2	84	13	東京都	2	6	1	1	ok	0	4076	105	0	0	1660	86	2416	19
V2-B-147	V2	B	2	10	2	5	10	20	30	25	5	5	2	1	10	9	2	52	12	千葉県	2	1	2	2	ok	0	4070	105	0	0	1657	86	2413	19
V2-B-148	V2	B	2	11	2	5	10	20	30	25	5	5	2	1	10	9	1	78	13	東京都	2	1	1	1	ok	0	4066	105	0	0	1655	86	2411	19
V2-B-149	V2	B	2	10	2	5	10	20	30	25	5	5	2	1	10	9	1	50	14	神奈川県	2	7	6	3	ok	0	4080	105	0	0	1662	86	2418	19
V2-B-150	V2	B	2	11	2	5	10	20	30	25	5	5	2	1	10	9	2	74	12	千葉県	2	6	2	4	ok	0	4080	105	0	0	1662	86	2418	19
V2-B-151	V2	B	2	10	2	5	10	20	30	25	5	5	2	1	10	9	2	93	1	北海道	1	8	5	1	ok	0	4082	105	0	0	1663	86	2419	19
V2-B-152	V2	B	2	10	2	5	10	20	30	25	5	5	2	1	10	9	1	47	11	埼玉県	2	8	2	5	ok	0	4074	105	0	0	1659	86	2415	19
V2-B-153	V2	B	2	11	2	5	10	20	35	20	5	5	2	1	10	9	2	55	26	京都府	2	7	2	8	ok	0	4074	105	0	0	1659	86	2415	19
V2-B-154	V2	B	1	8	2	5	10	25	30	20	5	5	2	1	9	9	2	72	14	神奈川県	2	1	2	1	ok	0	4064	105	0	0	1654	86	2410	19
V2-B-155	V2	B	2	11	2	5	10	20	30	25	5	5	2	1	10	9	1	43	6	山形県	1	1	2	3	ok	0	4088	105	0	0	1666	86	2422	19
V2-B-156	V2	B	2	11	2	5	10	20	30	25	7	3	2	1	10	9	1	48	43	熊本県	2	3	4	4	ok	0	4104	105	0	0	1674	86	2430	19
V2-B-157	V2	B	2	11	2	5	10	20	30	25	5	5	2	1	10	9	2	51	14	神奈川県	2	6	4	4	ok	0	4082	105	0	0	1663	86	2419	19
V2-B-158	V2	B	2	10	2	5	10	25	30	20	5	5	2	1	10	9	2	37	1	北海道	1	6	2	4	ok	0	4098	105	0	0	1671	86	2427	19
V2-B-159	V2	B	2	10	2	5	10	20	30	25	7	3	2	1	10	9	1	28	23	愛知県	1	1	7	3	ok	0	4088	105	0	0	1666	86	2422	19
V2-B-160	V2	B	2	11	2	5	10	20	30	25	5	5	2	1	10	9	1	51	11	埼玉県	2	1	1	5	ok	0	4078	105	0	0	1661	86	2417	19
V2-B-161	V2	B	2	11	2	5	5	20	30	30	5	5	2	1	10	9	1	71	4	宮城県	2	6	6	4	ok	0	4076	105	0	0	1660	86	2416	19
V2-B-162	V2	B	2	10	2	5	10	25	30	20	5	5	2	1	10	9	1	58	13	東京都	2	6	6	5	ok	0	4074	105	0	0	1659	86	2415	19
V2-B-163	V2	B	2	11	2	5	10	20	30	25	5	5	2	1	10	9	2	88	14	神奈川県	1	7	6	7	ok	0	4102	105	0	0	1673	86	2429	19
V2-B-164	V2	B	1	8	2	5	10	25	30	20	5	5	2	1	9	9	2	71	28	兵庫県	1	6	1	2	ok	0	4108	105	0	0	1676	86	2432	19
V2-B-165	V2	B	2	10	2	5	5	20	30	30	5	5	2	1	10	9	1	79	13	東京都	2	6	6	1	ok	0	4066	105	0	0	1655	86	2411	19
V2-B-166	V2	B	2	11	2	5	10	20	30	25	5	5	2	1	10	9	2	37	13	東京都	2	2	4	3	ok	0	4062	105	0	0	1653	86	2409	19
V2-B-167	V2	B	1	8	2	5	10	20	25	25	10	5	2	1	9	9	2	87	34	広島県	1	6	1	1	ok	0	4096	105	0	0	1670	86	2426	19
V2-B-168	V2	B	2	10	2	5	10	20	30	25	5	5	2	1	10	9	1	77	27	大阪府	2	1	2	3	ok	0	4070	105	0	0	1657	86	2413	19
V2-B-169	V2	B	2	11	2	5	10	20	30	25	5	5	2	1	10	9	1	42	9	栃木県	2	7	2	7	ok	0	4084	105	0	0	1664	86	2420	19
V2-B-170	V2	B	2	10	2	5	10	20	30	25	5	5	2	1	10	9	1	51	27	大阪府	2	8	2	1	ok	0	4064	105	0	0	1654	86	2410	19
V2-B-171	V2	B	2	10	2	5	10	20	30	25	5	5	2	1	10	9	2	73	13	東京都	2	8	2	2	ok	0	4070	105	0	0	1657	86	2413	19
V2-B-172	V2	B	2	11	2	5	10	25	30	20	7	3	2	1	10	9	2	32	26	京都府	2	6	6	6	ok	0	4074	105	0	0	1659	86	2415	19
V2-B-173	V2	B	1	8	2	5	10	25	30	20	5	5	2	1	9	9	2	64	1	北海道	2	7	4	1	ok	0	4072	105	0	0	1658	86	2414	19
V2-B-174	V2	B	2	11	2	5	10	20	30	25	5	5	2	1	10	9	2	29	12	千葉県	2	1	5	4	ok	0	4070	105	0	0	1657	86	2413	19
V2-B-175	V2	B	2	11	2	5	10	20	30	25	5	5	2	1	10	9	2	22	11	埼玉県	1	6	6	2	ok	0	4098	105	0	0	1671	86	2427	19
V2-B-176	V2	B	1	8	2	5	10	25	30	20	5	5	2	1	9	9	2	74	23	愛知県	2	6	1	2	ok	0	4086	105	0	0	1665	86	2421	19
V2-B-177	V2	B	2	11	2	5	5	15	30	30	10	5	2	1	10	9	1	65	11	埼玉県	2	8	2	5	ok	0	4074	105	0	0	1659	86	2415	19
V2-B-178	V2	B	1	8	2	5	10	25	30	20	5	5	2	1	9	9	2	68	12	千葉県	1	6	2	4	ok	0	4100	105	0	0	1672	86	2428	19
V2-B-179	V2	B	2	10	2	5	10	20	30	20	10	5	2	1	10	9	2	73	15	新潟県	2	1	2	1	ok	0	4062	105	0	0	1653	86	2409	19
V2-B-180	V2	B	2	10	2	5	10	25	30	20	5	5	2	1	10	9	1	60	13	東京都	2	6	6	1	ok	0	4066	105	0	0	1655	86	2411	19
V2-B-181	V2	B	2	10	2	5	10	25	30	20	5	5	2	1	10	9	1	62	14	神奈川県	2	1	6	4	ok	0	4068	105	0	0	1656	86	2412	19
V2-B-182	V2	B	2	10	2	5	10	20	30	25	5	5	2	1	10	9	2	70	10	群馬県	1	6	4	3	ok	0	4100	105	0	0	1672	86	2428	19
V2-B-183	V2	B	2	11	2	5	10	20	30	25	5	5	2	1	10	9	1	20	14	神奈川県	1	6	2	1	ok	0	4094	105	0	0	1669	86	2425	19
V2-B-184	V2	B	2	11	2	5	10	20	30	25	7	3	2	1	10	9	1	52	40	福岡県	2	6	4	6	ok	0	4080	105	0	0	1662	86	2418	19
V2-B-185	V2	B	2	11	2	5	10	20	30	25	7	3	2	1	10	9	2	55	11	埼玉県	2	1	2	6	ok	0	4072	105	0	0	1658	86	2414	19
V2-B-186	V2	B	2	10	2	5	10	20	30	25	5	5	2	1	10	9	1	79	13	東京都	2	2	6	2	ok	0	4058	105	0	0	1651	86	2407	19
V2-B-187	V2	B	2	10	2	5	10	20	30	25	5	5	2	1	10	9	1	77	22	静岡県	2	1	2	3	ok	0	4070	105	0	0	1657	86	2413	19
V2-B-188	V2	B	1	8	2	5	10	25	30	20	5	5	2	1	9	9	2	81	29	奈良県	1	8	2	1	ok	0	4084	105	0	0	1664	86	2420	19
V2-B-189	V2	B	2	11	2	5	10	20	30	25	7	3	2	1	10	9	1	48	7	福島県	1	2	4	7	ok	0	4084	105	0	0	1664	86	2420	19
V2-B-190	V2	B	2	11	2	5	10	20	30	25	5	5	2	1	10	9	2	55	27	大阪府	2	6	3	4	ok	0	4084	105	0	0	1664	86	2420	19
V2-B-191	V2	B	2	11	2	5	10	20	30	25	5	5	2	1	11	9	1	92	27	大阪府	1	1	2	1	ok	0	4082	105	0	0	1663	86	2419	19
V2-B-192	V2	B	2	11	2	5	10	20	30	25	5	5	2	1	10	9	2	87	23	愛知県	1	2	2	2	ok	0	4084	105	0	0	1664	86	2420	19
V2-B-193	V2	B	2	11	2	5	10	20	30	25	7	3	2	1	10	9	1	46	11	埼玉県	2	1	6	5	ok	0	4068	105	0	0	1656	86	2412	19
V2-B-194	V2	B	2	10	2	5	10	20	30	25	5	5	2	1	10	9	1	48	13	東京都	2	1	6	2	ok	0	4064	105	0	0	1654	86	2410	19
V2-B-195	V2	B	2	10	2	5	10	20	25	25	10	5	2	1	10	9	2	82	24	三重県	1	8	1	3	ok	0	4096	105	0	0	1670	86	2426	19
V2-B-196	V2	B	2	11	2	5	10	20	30	25	5	5	2	1	10	9	2	41	3	岩手県	2	8	6	5	ok	0	4068	105	0	0	1656	86	2412	19
V2-B-197	V2	B	1	8	2	5	10	25	30	20	5	5	2	1	9	9	2	67	1	北海道	2	7	2	5	ok	0	4080	105	0	0	1662	86	2418	19
V2-B-198	V2	B	2	10	2	5	10	25	30	20	5	5	2	1	10	9	2	75	12	千葉県	2	6	6	2	ok	0	4076	105	0	0	1660	86	2416	19
V2-B-199	V2	B	2	11	2	5	10	20	30	25	7	3	2	1	10	9	2	20	13	東京都	1	1	5	2	ok	0	4088	105	0	0	1666	86	2422	19
V2-B-200	V2	B	2	10	2	5	10	25	35	20	3	2	2	1	10	9	1	53	14	神奈川県	2	6	6	5	ok	0	4078	105	0	0	1661	86	2417	19
V2-B-201	V2	B	1	8	2	5	10	25	30	20	5	5	2	1	9	9	1	76	27	大阪府	2	7	2	1	ok	0	4074	105	0	0	1659	86	2415	19
V2-B-202	V2	B	1	8	2	5	10	25	30	20	5	5	2	1	9	11	2	52	14	神奈川県	2	6	2	1	ok	0	4072	103	0	0	1659	84	2413	19
V2-B-203	V2	B	1	8	2	5	10	25	30	20	5	5	2	1	9	9	2	68	35	山口県	2	7	2	1	ok	0	4072	105	0	0	1658	86	2414	19
V2-B-204	V2	B	1	8	2	5	10	25	30	20	5	5	2	1	9	9	2	74	13	東京都	2	2	1	1	ok	0	4060	105	0	0	1652	86	2408	19
V2-B-205	V2	B	2	10	2	5	10	25	30	20	5	5	2	1	10	9	2	71	27	大阪府	2	7	5	5	ok	0	4082	105	0	0	1663	86	2419	19
V2-B-206	V2	B	1	8	2	5	10	25	30	20	5	5	2	1	9	9	2	76	1	北海道	2	7	2	1	ok	0	4072	105	0	0	1658	86	2414	19
V2-B-207	V2	B	2	10	2	5	10	25	30	20	5	5	2	1	10	9	2	32	13	東京都	2	4	6	2	ok	0	4058	105	0	0	1651	86	2407	19
V2-B-208	V2	B	2	11	2	5	10	20	30	25	5	5	2	1	10	9	2	50	13	東京都	1	6	2	7	ok	0	4100	105	0	0	1672	86	2428	19
V2-B-209	V2	B	2	11	2	5	10	20	30	25	7	3	2	1	10	9	1	23	13	東京都	1	2	6	1	ok	0	4070	105	0	0	1657	86	2413	19
V2-B-210	V2	B	2	10	2	5	10	20	30	25	5	5	2	1	10	9	1	70	26	京都府	2	3	2	1	ok	0	4094	105	0	0	1669	86	2425	19
V2-B-211	V2	B	2	11	2	5	10	20	30	25	5	5	2	1	10	9	2	60	14	神奈川県	2	1	2	4	ok	0	4072	105	0	0	1658	86	2414	19
V2-B-212	V2	B	2	11	2	5	10	20	30	25	5	5	2	1	10	9	1	90	17	石川県	1	7	2	1	ok	0	4092	105	0	0	1668	86	2424	19
V2-B-213	V2	B	2	10	2	5	10	20	30	25	5	5	2	1	10	9	1	78	11	埼玉県	2	1	2	1	ok	0	4064	105	0	0	1654	86	2410	19
V2-B-214	V2	B	1	8	2	5	10	25	30	20	5	5	2	1	9	9	2	71	18	福井県	2	8	4	2	ok	0	4070	105	0	0	1657	86	2413	19
V2-B-215	V2	B	2	11	2	5	10	25	30	20	5	5	2	1	10	9	2	27	14	神奈川県	1	1	2	1	ok	0	4084	105	0	0	1664	86	2420	19
V2-B-216	V2	B	2	11	2	5	10	25	30	20	5	5	2	1	10	9	2	56	14	神奈川県	1	1	4	5	ok	0	4092	105	0	0	1668	86	2424	19
V2-B-217	V2	B	2	10	2	5	10	20	30	25	5	5	2	1	10	9	2	57	28	兵庫県	2	6	2	5	ok	0	4082	105	0	0	1663	86	2419	19
V2-B-218	V2	B	2	10	2	5	10	20	30	25	5	5	2	1	10	9	1	83	15	新潟県	2	8	1	3	ok	0	4078	105	0	0	1661	86	2417	19
V2-B-219	V2	B	1	8	2	5	10	25	30	20	5	5	2	1	9	11	2	57	27	大阪府	1	8	2	7	ok	0	4094	105	0	0	1669	86	2425	19
V2-B-220	V2	B	2	10	2	5	5	20	35	25	5	5	2	1	10	9	2	66	13	東京都	2	2	6	5	ok	0	4058	105	0	0	1651	86	2407	19
V2-B-221	V2	B	1	8	2	5	10	25	30	20	5	5	2	1	9	9	2	80	11	埼玉県	1	8	2	1	ok	0	4086	105	0	0	1665	86	2421	19
V2-B-222	V2	B	2	10	2	5	10	20	30	25	5	5	2	1	10	9	1	82	23	愛知県	2	3	6	1	ok	0	4092	105	0	0	1668	86	2424	19
V2-B-223	V2	B	2	11	2	5	10	20	30	25	7	3	2	1	10	9	1	37	27	大阪府	2	1	3	3	ok	0	4074	105	0	0	1659	86	2415	19
V2-B-224	V2	B	2	10	2	5	10	20	30	25	5	5	2	1	10	9	2	59	46	鹿児島県	2	8	2	5	ok	0	4076	105	0	0	1660	86	2416	19
V2-B-225	V2	B	2	11	2	5	10	25	35	20	3	2	2	1	10	9	1	59	14	神奈川県	2	6	6	5	ok	0	4078	105	0	0	1661	86	2417	19
V2-B-226	V2	B	2	10	2	5	10	25	30	20	7	3	2	1	10	9	1	49	27	大阪府	2	1	6	8	ok	0	4060	105	0	0	1652	86	2408	19
V2-B-227	V2	B	2	11	2	5	10	25	30	20	5	5	2	1	10	9	2	60	12	千葉県	2	1	2	5	ok	0	4070	105	0	0	1657	86	2413	19
V2-B-228	V2	B	2	10	2	5	5	20	30	30	5	5	2	1	10	9	1	58	11	埼玉県	2	8	2	4	ok	0	4074	105	0	0	1659	86	2415	19
V2-B-229	V2	B	1	8	2	5	10	25	30	20	5	5	2	1	9	9	2	61	27	大阪府	2	8	1	1	ok	0	4070	105	0	0	1657	86	2413	19
V2-B-230	V2	B	2	11	2	5	10	20	30	25	7	3	2	1	10	9	1	52	28	兵庫県	2	6	6	5	ok	0	4078	105	0	0	1661	86	2417	19
V2-B-231	V2	B	2	10	2	5	10	20	30	25	5	5	2	1	10	9	1	73	6	山形県	2	1	6	1	ok	0	4056	105	0	0	1650	86	2406	19
V2-B-232	V2	B	2	11	2	5	10	20	30	25	5	5	2	1	10	9	2	42	1	北海道	2	6	4	5	ok	0	4078	105	0	0	1661	86	2417	19
V2-B-233	V2	B	2	10	2	5	10	20	30	25	5	5	2	1	10	9	2	78	34	広島県	2	2	2	6	ok	0	4062	105	0	0	1653	86	2409	19
V2-B-234	V2	B	2	10	2	5	10	20	30	25	5	5	2	1	10	9	2	64	23	愛知県	2	1	2	4	ok	0	4070	105	0	0	1657	86	2413	19
V2-B-235	V2	B	2	11	2	5	10	20	30	25	5	5	2	1	10	9	2	69	41	佐賀県	2	1	4	2	ok	0	4072	105	0	0	1658	86	2414	19
V2-B-236	V2	B	2	10	2	5	10	20	30	25	5	5	2	1	10	9	2	43	13	東京都	2	8	6	6	ok	0	4066	105	0	0	1655	86	2411	19
V2-B-237	V2	B	2	10	2	5	10	25	30	20	5	5	2	1	10	9	1	65	1	北海道	2	8	6	4	ok	0	4066	105	0	0	1655	86	2411	19
V2-B-238	V2	B	2	10	2	5	5	20	30	30	5	5	2	1	10	9	1	53	30	和歌山県	2	3	2	1	ok	0	4098	105	0	0	1671	86	2427	19
V2-B-239	V2	B	1	8	2	5	10	25	30	20	5	5	2	1	9	9	2	56	34	広島県	2	4	2	1	ok	0	4054	105	0	0	1649	86	2405	19
V2-B-240	V2	B	2	10	2	5	10	20	30	25	7	3	2	1	10	9	1	38	13	東京都	2	1	6	4	ok	0	4064	105	0	0	1654	86	2410	19
V2-B-241	V2	B	2	11	2	5	10	20	30	25	7	3	2	1	10	9	2	30	14	神奈川県	2	1	6	2	ok	0	4068	105	0	0	1656	86	2412	19
V2-B-242	V2	B	2	11	2	5	10	20	30	25	7	3	2	1	10	9	2	42	26	京都府	1	6	2	6	ok	0	4098	105	0	0	1671	86	2427	19
V2-B-243	V2	B	2	11	2	5	10	20	30	25	5	5	2	1	10	9	1	23	11	埼玉県	2	8	6	3	ok	0	4070	105	0	0	1657	86	2413	19
V2-B-244	V2	B	2	11	2	5	5	20	30	30	5	5	2	1	10	9	2	45	12	千葉県	2	7	2	8	ok	0	4076	105	0	0	1660	86	2416	19
V2-B-245	V2	B	2	10	2	5	10	25	30	20	5	5	2	1	10	9	2	21	13	東京都	1	7	2	1	ok	0	4092	105	0	0	1668	86	2424	19
V2-B-246	V2	B	2	10	2	5	10	25	30	20	5	5	2	1	10	9	1	22	13	東京都	1	8	6	2	ok	0	4086	105	0	0	1665	86	2421	19
V2-B-247	V2	B	2	10	2	5	10	25	30	20	5	5	2	1	10	9	1	22	28	兵庫県	1	8	6	2	ok	0	4090	105	0	0	1667	86	2423	19
V2-B-248	V2	B	1	8	2	5	10	25	30	20	5	5	2	1	9	11	2	49	27	大阪府	2	2	2	2	ok	0	4062	103	0	0	1654	84	2408	19
V2-B-249	V2	B	2	10	2	5	10	20	30	25	5	5	2	1	10	9	2	39	13	東京都	2	8	5	5	ok	0	4070	105	0	0	1657	86	2413	19
V2-B-250	V2	B	2	11	2	5	10	20	30	25	5	5	2	1	10	9	2	44	23	愛知県	2	7	6	5	ok	0	4078	105	0	0	1661	86	2417	19
V2-C-001	V2	C	2	10	2	5	10	20	30	25	5	5	2	1	10	9	1	86	11	埼玉県	2	1	2	2	ok	0	4084	105	0	0	1658	86	2426	19
V2-C-002	V2	C	2	11	2	5	10	20	30	25	5	5	2	1	10	9	2	20	44	大分県	1	1	5	1	ok	0	4092	105	0	0	1662	86	2430	19
V2-C-003	V2	C	1	8	2	5	10	25	30	20	5	5	2	1	10	9	2	75	11	埼玉県	1	3	2	1	ok	0	4130	105	0	0	1681	86	2449	19
V2-C-004	V2	C	2	10	2	5	10	20	30	25	5	5	2	1	10	9	2	89	23	愛知県	1	7	2	2	ok	0	4114	105	0	0	1673	86	2441	19
V2-C-005	V2	C	2	11	2	5	10	20	30	25	5	5	2	1	10	9	1	45	11	埼玉県	2	1	4	2	ok	0	4084	105	0	0	1658	86	2426	19
V2-C-006	V2	C	2	11	2	5	10	20	30	25	5	5	2	1	10	9	2	26	40	福岡県	2	1	1	2	ok	0	4088	105	0	0	1660	86	2428	19
V2-C-007	V2	C	2	11	2	5	10	25	30	20	5	5	2	1	10	11	2	42	13	東京都	1	2	4	3	ok	0	4094	105	0	0	1663	86	2431	19
V2-C-008	V2	C	2	10	2	5	10	20	30	25	5	5	2	1	10	9	1	82	22	静岡県	2	1	1	3	ok	0	4088	105	0	0	1660	86	2428	19
V2-C-009	V2	C	2	10	2	5	10	20	30	25	7	3	2	1	10	9	1	56	21	岐阜県	1	1	6	6	ok	0	4100	105	0	0	1666	86	2434	19
V2-C-010	V2	C	2	11	2	5	10	20	30	25	5	5	2	1	10	9	1	24	3	岩手県	1	7	2	3	ok	0	4114	105	0	0	1673	86	2441	19
V2-C-011	V2	C	2	11	2	5	10	20	30	25	5	5	2	1	10	9	1	73	40	福岡県	2	6	2	2	ok	0	4092	105	0	0	1662	86	2430	19
V2-C-012	V2	C	2	10	2	5	10	25	30	20	5	5	2	1	10	11	2	43	13	東京都	1	1	6	5	ok	0	4096	105	0	0	1664	86	2432	19
V2-C-013	V2	C	2	10	2	5	10	20	30	25	5	5	2	1	10	9	2	69	45	宮崎県	2	1	1	4	ok	0	4090	105	0	0	1661	86	2429	19
V2-C-014	V2	C	2	11	2	5	5	15	30	30	10	5	2	1	10	9	1	40	14	神奈川県	2	6	7	5	ok	0	4092	105	0	0	1662	86	2430	19
V2-C-015	V2	C	1	8	2	5	10	25	30	20	5	5	2	1	10	9	2	80	1	北海道	1	7	2	3	ok	0	4112	105	0	0	1672	86	2440	19
V2-C-016	V2	C	2	11	2	5	10	20	30	25	5	5	2	1	10	9	1	76	11	埼玉県	2	8	2	2	ok	0	4086	105	0	0	1659	86	2427	19
V2-C-017	V2	C	2	10	2	5	10	20	30	25	7	3	2	1	10	9	2	24	14	神奈川県	1	1	6	2	ok	0	4100	105	0	0	1666	86	2434	19
V2-C-018	V2	C	2	11	2	5	10	20	30	25	7	3	2	1	10	9	2	42	12	千葉県	2	6	5	3	ok	0	4092	105	0	0	1662	86	2430	19
V2-C-019	V2	C	2	10	2	5	10	20	30	25	7	3	2	1	10	9	1	25	27	大阪府	1	1	6	1	ok	0	4090	105	0	0	1661	86	2429	19
V2-C-020	V2	C	1	8	2	5	10	25	30	20	5	5	2	1	10	9	2	75	40	福岡県	2	9	6	3	ok	0	4068	105	0	0	1650	86	2418	19
V2-C-021	V2	C	1	8	2	5	10	25	30	20	5	5	2	1	10	11	1	30	22	静岡県	2	7	1	2	ok	0	4100	105	0	0	1666	86	2434	19
V2-C-022	V2	C	2	11	2	5	10	20	30	25	5	5	2	1	10	9	1	71	27	大阪府	2	1	2	4	ok	0	4082	105	0	0	1657	86	2425	19
V2-C-023	V2	C	2	10	2	5	10	20	30	25	5	5	2	1	10	9	1	31	28	兵庫県	1	7	6	3	ok	0	4112	105	0	0	1672	86	2440	19
V2-C-024	V2	C	1	8	2	5	10	25	30	20	5	5	2	1	10	9	2	77	3	岩手県	1	8	1	2	ok	0	4110	105	0	0	1671	86	2439	19
V2-C-025	V2	C	2	10	2	5	10	20	30	25	5	5	2	1	10	9	2	72	28	兵庫県	2	8	5	2	ok	0	4086	105	0	0	1659	86	2427	19
V2-C-026	V2	C	2	11	2	5	10	20	30	25	7	3	2	1	10	9	1	31	13	東京都	2	1	6	2	ok	0	4076	105	0	0	1654	86	2422	19
V2-C-027	V2	C	2	11	2	5	10	25	30	20	7	3	2	1	10	9	2	52	13	東京都	2	1	5	6	ok	0	4080	105	0	0	1656	86	2424	19
V2-C-028	V2	C	2	11	2	5	10	20	30	25	5	5	2	1	10	9	2	51	34	広島県	2	7	2	2	ok	0	4092	105	0	0	1662	86	2430	19
V2-C-029	V2	C	2	11	2	5	10	20	30	25	5	5	2	1	10	9	2	56	11	埼玉県	2	2	4	6	ok	0	4078	105	0	0	1655	86	2423	19
V2-C-030	V2	C	2	10	2	5	10	20	30	25	5	5	2	1	10	9	1	84	1	北海道	2	6	2	1	ok	0	4082	105	0	0	1657	86	2425	19
V2-C-031	V2	C	2	10	2	5	5	20	30	25	10	5	2	1	10	9	1	76	23	愛知県	1	3	2	1	ok	0	4128	105	0	0	1680	86	2448	19
V2-C-032	V2	C	2	11	2	5	10	20	30	25	5	5	2	1	10	9	1	47	11	埼玉県	2	8	2	3	ok	0	4086	105	0	0	1659	86	2427	19
V2-C-033	V2	C	2	10	2	5	10	25	30	20	5	5	2	1	10	9	1	75	27	大阪府	2	8	2	3	ok	0	4084	105	0	0	1658	86	2426	19
V2-C-034	V2	C	2	11	2	5	10	20	30	25	7	3	2	1	10	9	1	51	11	埼玉県	2	2	2	6	ok	0	4078	105	0	0	1655	86	2423	19
V2-C-035	V2	C	2	11	2	5	10	20	30	25	5	5	2	1	10	9	2	46	9	栃木県	2	6	1	6	ok	0	4098	105	0	0	1665	86	2433	19
V2-C-036	V2	C	2	11	2	5	10	20	30	25	5	5	2	1	10	9	2	65	23	愛知県	2	8	2	4	ok	0	4084	105	0	0	1658	86	2426	19
V2-C-037	V2	C	2	11	2	5	10	20	30	25	5	5	2	1	10	9	1	81	40	福岡県	2	3	1	1	ok	0	4114	105	0	0	1673	86	2441	19
V2-C-038	V2	C	2	10	2	5	10	20	30	25	5	5	2	1	10	9	1	46	14	神奈川県	2	6	1	4	ok	0	4100	105	0	0	1666	86	2434	19
V2-C-039	V2	C	2	10	2	5	10	25	30	20	5	5	2	1	10	9	1	35	12	千葉県	2	8	6	1	ok	0	4072	105	0	0	1652	86	2420	19
V2-C-040	V2	C	2	11	2	5	10	20	30	25	5	5	2	1	10	9	1	88	12	千葉県	2	3	1	2	ok	0	4122	105	0	0	1677	86	2445	19
V2-C-041	V2	C	2	10	2	5	10	20	30	25	5	5	2	1	10	9	2	64	23	愛知県	2	2	2	3	ok	0	4076	105	0	0	1654	86	2422	19
V2-C-042	V2	C	2	10	2	5	10	25	30	20	5	5	2	1	10	9	2	33	14	神奈川県	1	1	4	3	ok	0	4104	105	0	0	1668	86	2436	19
V2-C-043	V2	C	2	11	2	5	10	20	30	25	7	3	2	1	10	9	1	41	28	兵庫県	2	1	6	6	ok	0	4080	105	0	0	1656	86	2424	19
V2-C-044	V2	C	2	10	2	5	10	20	30	25	5	5	2	1	10	9	2	88	13	東京都	1	1	2	1	ok	0	4092	105	0	0	1662	86	2430	19
V2-C-045	V2	C	2	11	2	5	10	20	30	25	5	5	2	1	10	9	2	73	14	神奈川県	2	1	2	3	ok	0	4084	105	0	0	1658	86	2426	19
V2-C-046	V2	C	2	10	2	5	10	20	30	25	5	5	2	1	10	9	2	73	33	岡山県	1	8	1	6	ok	0	4110	105	0	0	1671	86	2439	19
V2-C-047	V2	C	2	11	2	5	10	20	30	25	5	5	2	1	10	9	2	41	14	神奈川県	1	7	5	3	ok	0	4116	105	0	0	1674	86	2442	19
V2-C-048	V2	C	2	11	2	5	10	20	30	25	5	5	2	1	10	9	1	76	23	愛知県	2	8	1	2	ok	0	4090	105	0	0	1661	86	2429	19
V2-C-049	V2	C	2	10	2	5	5	20	30	25	10	5	2	1	10	9	2	87	13	東京都	1	1	1	1	ok	0	4098	105	0	0	1665	86	2433	19
V2-C-050	V2	C	2	10	2	5	10	20	30	25	5	5	2	1	10	9	2	33	27	大阪府	2	1	2	3	ok	0	4082	105	0	0	1657	86	2425	19
V2-C-051	V2	C	2	10	2	5	10	20	30	25	7	3	2	1	10	9	1	34	40	福岡県	2	3	7	1	ok	0	4106	105	0	0	1669	86	2437	19
V2-C-052	V2	C	2	10	2	5	10	20	30	25	5	5	2	1	10	9	2	59	13	東京都	2	8	4	2	ok	0	4082	105	0	0	1657	86	2425	19
V2-C-053	V2	C	2	10	2	5	10	20	30	25	7	3	2	1	10	9	1	63	12	千葉県	1	8	1	4	ok	0	4110	105	0	0	1671	86	2439	19
V2-C-054	V2	C	2	11	2	5	10	20	30	25	7	3	2	1	10	9	1	51	45	宮崎県	1	1	4	3	ok	0	4104	105	0	0	1668	86	2436	19
V2-C-055	V2	C	2	11	2	5	10	20	30	25	7	3	2	1	10	9	1	46	13	東京都	1	7	6	5	ok	0	4108	105	0	0	1670	86	2438	19
V2-C-056	V2	C	2	11	2	5	10	20	30	25	5	5	2	1	10	9	1	20	23	愛知県	1	8	2	2	ok	0	4104	105	0	0	1668	86	2436	19
V2-C-057	V2	C	2	11	2	5	10	20	30	25	5	5	2	1	10	9	2	37	12	千葉県	2	6	5	5	ok	0	4092	105	0	0	1662	86	2430	19
V2-C-058	V2	C	2	11	2	5	10	20	30	25	7	3	2	1	10	9	1	54	13	東京都	2	7	7	6	ok	0	4090	105	0	0	1661	86	2429	19
V2-C-059	V2	C	2	10	2	5	10	25	30	20	5	5	2	1	10	9	2	66	12	千葉県	1	1	2	4	ok	0	4102	105	0	0	1667	86	2435	19
V2-C-060	V2	C	2	11	2	5	10	20	30	25	7	3	2	1	10	9	1	57	7	福島県	1	3	2	4	ok	0	4134	105	0	0	1683	86	2451	19
V2-C-061	V2	C	1	8	2	5	10	30	25	20	5	5	2	1	10	9	2	78	13	東京都	2	2	1	2	ok	0	4080	105	0	0	1656	86	2424	19
V2-C-062	V2	C	1	8	2	5	10	25	30	20	5	5	2	1	10	9	2	80	26	京都府	2	1	2	1	ok	0	4072	105	0	0	1652	86	2420	19
V2-C-063	V2	C	2	11	2	5	10	25	30	20	5	5	2	1	10	9	2	44	12	千葉県	1	7	4	7	ok	0	4116	105	0	0	1674	86	2442	19
V2-C-064	V2	C	2	10	2	5	10	20	30	25	5	5	2	1	10	11	1	57	5	秋田県	2	1	1	6	ok	0	4088	105	0	0	1660	86	2428	19
V2-C-065	V2	C	1	8	2	5	10	25	30	20	5	5	2	1	10	9	2	84	1	北海道	1	1	1	2	ok	0	4106	105	0	0	1669	86	2437	19
V2-C-066	V2	C	2	10	2	5	10	20	30	25	5	5	2	1	10	9	2	45	42	長崎県	2	1	2	4	ok	0	4082	105	0	0	1657	86	2425	19
V2-C-067	V2	C	2	10	2	5	10	20	30	25	5	5	2	1	10	9	1	34	21	岐阜県	1	1	4	3	ok	0	4104	105	0	0	1668	86	2436	19
V2-C-068	V2	C	2	11	2	5	10	20	30	25	5	5	2	1	10	9	2	24	27	大阪府	1	1	6	1	ok	0	4090	105	0	0	1661	86	2429	19
V2-C-069	V2	C	2	10	2	5	10	20	30	25	7	3	2	1	10	9	2	47	27	大阪府	2	1	6	4	ok	0	4078	105	0	0	1655	86	2423	19
V2-C-070	V2	C	2	10	2	5	5	15	30	30	10	5	2	1	10	9	1	39	7	福島県	2	2	2	6	ok	0	4074	105	0	0	1653	86	2421	19
V2-C-071	V2	C	1	8	2	5	10	25	30	20	5	5	2	1	10	9	1	53	11	埼玉県	2	7	6	1	ok	0	4084	105	0	0	1658	86	2426	19
V2-C-072	V2	C	2	11	2	5	10	20	30	25	5	5	2	1	10	9	2	65	43	熊本県	2	8	2	7	ok	0	4086	105	0	0	1659	86	2427	19
V2-C-073	V2	C	2	10	2	5	10	20	30	25	5	5	2	1	10	9	2	31	39	高知県	2	8	2	4	ok	0	4082	105	0	0	1657	86	2425	19
V2-C-074	V2	C	2	10	2	5	10	20	30	25	5	5	2	1	10	9	1	68	1	北海道	2	8	1	4	ok	0	4088	105	0	0	1660	86	2428	19
V2-C-075	V2	C	2	10	2	5	10	25	35	20	3	2	2	1	10	9	1	41	14	神奈川県	2	2	6	5	ok	0	4074	105	0	0	1653	86	2421	19
V2-C-076	V2	C	2	11	2	5	10	25	30	20	5	5	2	1	10	9	2	64	13	東京都	1	1	4	2	ok	0	4100	105	0	0	1666	86	2434	19
V2-C-077	V2	C	2	10	2	5	10	20	30	25	5	5	2	1	10	9	1	81	13	東京都	2	7	6	2	ok	0	4088	105	0	0	1660	86	2428	19
V2-C-078	V2	C	2	10	2	5	10	20	30	25	5	5	2	1	10	9	2	52	13	東京都	2	1	5	5	ok	0	4080	105	0	0	1656	86	2424	19
V2-C-079	V2	C	2	10	2	5	10	20	35	20	5	5	2	1	10	9	1	30	4	宮城県	2	1	6	5	ok	0	4078	105	0	0	1655	86	2423	19
V2-C-080	V2	C	2	11	2	5	10	20	30	25	7	3	2	1	10	9	1	68	25	滋賀県	1	1	6	1	ok	0	4092	105	0	0	1662	86	2430	19
V2-C-081	V2	C	2	11	2	5	10	20	30	25	5	5	2	1	10	9	1	27	13	東京都	1	8	4	2	ok	0	4102	105	0	0	1667	86	2435	19
V2-C-082	V2	C	2	11	2	5	10	20	30	25	5	5	2	1	10	9	2	79	13	東京都	1	1	1	2	ok	0	4106	105	0	0	1669	86	2437	19
V2-C-083	V2	C	1	8	2	5	10	25	30	20	5	5	2	1	10	9	2	53	11	埼玉県	2	8	2	8	ok	0	4080	105	0	0	1656	86	2424	19
V2-C-084	V2	C	2	10	2	5	10	20	30	25	5	5	2	1	10	9	1	85	27	大阪府	2	7	2	4	ok	0	4094	105	0	0	1663	86	2431	19
V2-C-085	V2	C	2	11	2	5	10	20	30	25	5	5	2	1	10	9	2	40	40	福岡県	2	8	2	2	ok	0	4084	105	0	0	1658	86	2426	19
V2-C-086	V2	C	1	8	2	5	10	25	30	20	5	5	2	1	10	9	2	81	14	神奈川県	2	8	2	1	ok	0	4078	105	0	0	1655	86	2423	19
V2-C-087	V2	C	2	11	2	5	10	25	30	20	5	5	2	1	10	9	1	33	27	大阪府	2	2	4	2	ok	0	4076	105	0	0	1654	86	2422	19
V2-C-088	V2	C	1	8	2	5	10	25	30	20	5	5	2	1	10	9	2	76	27	大阪府	2	1	1	3	ok	0	4088	105	0	0	1660	86	2428	19
V2-C-089	V2	C	2	10	2	5	10	20	30	25	5	5	2	1	10	9	1	81	27	大阪府	2	6	6	5	ok	0	4088	105	0	0	1660	86	2428	19
V2-C-090	V2	C	1	8	2	5	10	25	30	20	5	5	2	1	9	9	2	81	13	東京都	2	6	4	1	ok	0	4082	105	0	0	1657	86	2425	19
V2-C-091	V2	C	2	11	2	5	10	25	30	20	5	5	2	1	10	9	2	27	12	千葉県	1	6	6	2	ok	0	4108	105	0	0	1670	86	2438	19
V2-C-092	V2	C	2	11	2	5	10	20	30	25	5	5	2	1	10	9	2	44	28	兵庫県	2	1	2	5	ok	0	4084	105	0	0	1658	86	2426	19
V2-C-093	V2	C	2	10	2	5	10	20	30	20	10	5	2	1	10	9	1	85	1	北海道	1	6	1	1	ok	0	4108	105	0	0	1670	86	2438	19
V2-C-094	V2	C	2	10	2	5	10	20	30	25	7	3	2	1	10	9	1	31	27	大阪府	2	1	6	3	ok	0	4078	105	0	0	1655	86	2423	19
V2-C-095	V2	C	1	8	2	5	10	25	30	20	5	5	2	1	9	9	2	76	42	長崎県	1	7	1	1	ok	0	4112	105	0	0	1672	86	2440	19
V2-C-096	V2	C	2	10	2	5	10	25	30	20	5	5	2	1	10	9	2	44	30	和歌山県	2	1	2	2	ok	0	4084	105	0	0	1658	86	2426	19
V2-C-097	V2	C	2	11	2	5	10	20	35	20	5	5	2	1	10	9	2	55	13	東京都	2	1	5	7	ok	0	4082	105	0	0	1657	86	2425	19
V2-C-098	V2	C	2	10	2	5	10	20	30	25	5	5	2	1	10	9	2	53	13	東京都	2	1	2	4	ok	0	4080	105	0	0	1656	86	2424	19
V2-C-099	V2	C	2	10	2	5	5	15	30	30	10	5	2	1	10	9	1	65	14	神奈川県	2	1	2	7	ok	0	4086	105	0	0	1659	86	2427	19
V2-C-100	V2	C	2	10	2	5	10	25	30	20	5	5	2	1	10	9	1	37	35	山口県	1	6	6	6	ok	0	4106	105	0	0	1669	86	2437	19
V2-C-101	V2	C	2	11	2	5	10	20	30	25	5	5	2	1	10	9	1	28	22	静岡県	1	8	2	3	ok	0	4104	105	0	0	1668	86	2436	19
V2-C-102	V2	C	2	11	2	5	10	20	30	25	5	5	2	1	10	9	2	72	14	神奈川県	2	8	6	3	ok	0	4082	105	0	0	1657	86	2425	19
V2-C-103	V2	C	2	11	2	5	10	20	30	25	5	5	2	1	10	9	2	52	24	三重県	2	7	1	4	ok	0	4098	105	0	0	1665	86	2433	19
V2-C-104	V2	C	2	10	2	5	10	25	30	20	7	3	2	1	10	9	1	50	13	東京都	2	1	6	6	ok	0	4076	105	0	0	1654	86	2422	19
V2-C-105	V2	C	1	8	2	5	10	25	30	20	5	5	2	1	10	9	2	50	30	和歌山県	2	8	2	1	ok	0	4078	105	0	0	1655	86	2423	19
V2-C-106	V2	C	2	10	2	5	10	20	30	25	5	5	2	1	10	9	1	37	23	愛知県	2	8	2	8	ok	0	4078	105	0	0	1655	86	2423	19
V2-C-107	V2	C	2	11	2	5	5	15	30	30	10	5	2	1	10	9	1	61	23	愛知県	2	3	6	1	ok	0	4104	105	0	0	1668	86	2436	19
V2-C-108	V2	C	1	8	2	5	10	25	30	20	5	5	2	1	10	9	2	60	13	東京都	2	1	2	1	ok	0	4072	105	0	0	1652	86	2420	19
V2-C-109	V2	C	2	10	2	5	10	20	30	25	5	5	2	1	10	9	2	81	13	東京都	2	1	2	1	ok	0	4072	105	0	0	1652	86	2420	19
V2-C-110	V2	C	2	11	2	5	10	20	30	25	7	3	2	1	10	9	2	60	12	千葉県	1	3	6	8	ok	0	4126	105	0	0	1679	86	2447	19
V2-C-111	V2	C	2	10	2	5	5	15	25	30	10	10	2	1	10	9	2	83	14	神奈川県	2	3	1	3	ok	0	4124	105	0	0	1678	86	2446	19
V2-C-112	V2	C	2	11	2	5	5	15	30	30	10	5	2	1	10	9	2	40	13	東京都	2	1	5	5	ok	0	4080	105	0	0	1656	86	2424	19
V2-C-113	V2	C	2	10	2	5	10	20	30	25	5	5	2	1	10	9	1	84	13	東京都	2	1	2	1	ok	0	4072	105	0	0	1652	86	2420	19
V2-C-114	V2	C	2	10	2	5	10	20	30	25	5	5	2	1	10	9	1	51	27	大阪府	1	7	3	6	ok	0	4118	105	0	0	1675	86	2443	19
V2-C-115	V2	C	2	11	2	5	10	20	30	25	5	5	2	1	10	9	2	25	11	埼玉県	1	6	2	1	ok	0	4106	105	0	0	1669	86	2437	19
V2-C-116	V2	C	2	11	2	5	10	25	30	20	5	5	2	1	10	9	2	61	23	愛知県	2	6	2	4	ok	0	4092	105	0	0	1662	86	2430	19
V2-C-117	V2	C	2	11	2	5	10	20	30	25	5	5	2	1	10	9	1	54	27	大阪府	1	6	1	3	ok	0	4118	105	0	0	1675	86	2443	19
V2-C-118	V2	C	2	10	2	5	10	20	30	25	5	5	2	1	10	9	2	41	26	京都府	2	1	6	1	ok	0	4068	105	0	0	1650	86	2418	19
V2-C-119	V2	C	2	11	2	5	10	20	30	25	7	3	2	1	10	9	1	39	25	滋賀県	2	7	7	4	ok	0	4094	105	0	0	1663	86	2431	19
V2-C-120	V2	C	2	10	2	5	10	20	30	25	5	5	2	1	10	9	1	36	38	愛媛県	2	2	2	4	ok	0	4078	105	0	0	1655	86	2423	19
V2-C-121	V2	C	2	11	2	5	10	20	30	25	7	3	2	1	10	9	2	39	13	東京都	2	1	4	6	ok	0	4080	105	0	0	1656	86	2424	19
V2-C-122	V2	C	2	10	2	5	10	25	30	20	5	5	2	1	10	9	1	68	28	兵庫県	2	1	6	4	ok	0	4080	105	0	0	1656	86	2424	19
V2-C-123	V2	C	2	10	2	5	10	20	30	25	5	5	2	1	10	9	2	87	13	東京都	1	1	6	1	ok	0	4088	105	0	0	1660	86	2428	19
V2-C-124	V2	C	2	10	2	5	10	20	30	25	5	5	2	1	10	9	2	65	29	奈良県	2	1	2	2	ok	0	4082	105	0	0	1657	86	2425	19
V2-C-125	V2	C	2	10	2	5	10	25	30	20	5	5	2	1	10	9	1	51	34	広島県	2	1	7	3	ok	0	4078	105	0	0	1655	86	2423	19
V2-C-126	V2	C	2	10	2	5	10	25	30	20	5	5	2	1	10	9	1	68	40	福岡県	2	1	6	2	ok	0	4078	105	0	0	1655	86	2423	19
V2-C-127	V2	C	2	11	2	5	10	20	30	25	5	5	2	1	10	9	2	20	23	愛知県	1	8	5	2	ok	0	4104	105	0	0	1668	86	2436	19
V2-C-128	V2	C	2	11	2	5	10	20	30	25	5	5	2	1	10	9	2	50	47	沖縄県	2	1	2	5	ok	0	4084	105	0	0	1658	86	2426	19
V2-C-129	V2	C	2	10	2	5	10	20	30	25	7	3	2	1	10	9	1	36	1	北海道	1	1	7	3	ok	0	4098	105	0	0	1665	86	2433	19
V2-C-130	V2	C	2	11	2	5	10	20	30	25	5	5	2	1	10	9	1	75	26	京都府	2	7	2	2	ok	0	4092	105	0	0	1662	86	2430	19
V2-C-131	V2	C	2	10	2	5	10	20	30	25	7	3	2	1	10	9	1	28	14	神奈川県	1	1	2	2	ok	0	4104	105	0	0	1668	86	2436	19
V2-C-132	V2	C	2	10	2	5	10	20	30	25	5	5	2	1	10	9	1	54	14	神奈川県	2	8	6	1	ok	0	4074	105	0	0	1653	86	2421	19
V2-C-133	V2	C	2	10	2	5	10	20	30	25	5	5	2	1	10	9	2	32	11	埼玉県	1	2	2	4	ok	0	4098	105	0	0	1665	86	2433	19
V2-C-134	V2	C	2	10	2	5	10	20	30	25	7	3	2	1	10	9	2	40	13	東京都	2	1	6	4	ok	0	4076	105	0	0	1654	86	2422	19
V2-C-135	V2	C	2	10	2	5	10	20	30	25	5	5	2	1	10	9	2	74	40	福岡県	2	2	6	2	ok	0	4072	105	0	0	1652	86	2420	19
V2-C-136	V2	C	1	8	2	5	10	25	30	20	5	5	2	1	10	9	2	71	17	石川県	2	2	2	1	ok	0	4066	105	0	0	1649	86	2417	19
V2-C-137	V2	C	2	11	2	5	10	20	30	25	7	3	2	1	10	9	2	59	14	神奈川県	1	8	5	7	ok	0	4108	105	0	0	1670	86	2438	19
V2-C-138	V2	C	2	10	2	5	10	25	30	20	5	5	2	1	10	9	1	58	13	東京都	2	2	6	5	ok	0	4070	105	0	0	1651	86	2419	19
V2-C-139	V2	C	2	11	2	5	10	20	30	25	7	3	2	1	10	9	1	73	13	東京都	2	3	6	1	ok	0	4102	105	0	0	1667	86	2435	19
V2-C-140	V2	C	2	10	2	5	10	25	30	20	5	5	2	1	10	9	1	25	38	愛媛県	1	1	2	1	ok	0	4096	105	0	0	1664	86	2432	19
V2-C-141	V2	C	1	8	2	5	10	25	30	20	5	5	2	1	10	9	2	73	13	東京都	2	8	1	3	ok	0	4088	105	0	0	1660	86	2428	19
V2-C-142	V2	C	2	11	2	5	10	25	30	20	5	5	2	1	10	9	1	31	38	愛媛県	2	1	4	1	ok	0	4076	105	0	0	1654	86	2422	19
V2-C-143	V2	C	2	10	2	5	10	20	30	25	7	3	2	1	10	9	2	68	13	東京都	2	8	2	6	ok	0	4082	105	0	0	1657	86	2425	19
V2-C-144	V2	C	2	8	2	5	10	20	30	25	5	5	2	1	10	9	2	71	13	東京都	2	8	1	4	ok	0	4088	105	0	0	1660	86	2428	19
V2-C-145	V2	C	2	10	2	5	10	25	30	20	7	3	2	1	10	9	1	38	13	東京都	2	6	7	5	ok	0	4088	105	0	0	1660	86	2428	19
V2-C-146	V2	C	2	10	2	5	10	25	30	20	5	5	2	1	10	9	2	68	1	北海道	2	6	2	4	ok	0	4090	105	0	0	1661	86	2429	19
V2-C-147	V2	C	2	11	2	5	5	15	25	35	10	5	2	1	10	9	1	91	4	宮城県	1	1	2	2	ok	0	4102	105	0	0	1667	86	2435	19
V2-C-148	V2	C	1	8	2	5	10	25	30	20	5	5	2	1	9	9	2	68	23	愛知県	1	6	2	1	ok	0	4104	105	0	0	1668	86	2436	19
V2-C-149	V2	C	2	10	2	5	10	25	30	20	5	5	2	1	10	9	2	27	26	京都府	2	6	6	2	ok	0	4086	105	0	0	1659	86	2427	19
V2-C-150	V2	C	2	10	2	5	10	20	30	25	5	5	2	1	10	9	2	29	46	鹿児島県	2	8	6	1	ok	0	4076	105	0	0	1654	86	2422	19
V2-C-151	V2	C	2	10	2	5	5	15	25	30	15	5	2	1	10	9	2	86	40	福岡県	1	1	6	1	ok	0	4090	105	0	0	1661	86	2429	19
V2-C-152	V2	C	2	10	2	5	10	20	30	25	7	3	2	1	10	9	1	47	13	東京都	1	6	4	4	ok	0	4110	105	0	0	1671	86	2439	19
V2-C-153	V2	C	2	10	2	5	10	20	30	25	5	5	2	1	10	9	2	35	26	京都府	2	1	2	2	ok	0	4080	105	0	0	1656	86	2424	19
V2-C-154	V2	C	2	10	2	5	10	20	30	25	5	5	2	1	10	9	1	46	2	青森県	2	8	4	2	ok	0	4082	105	0	0	1657	86	2425	19
V2-C-155	V2	C	2	10	2	5	10	20	30	25	5	5	2	1	10	9	2	41	1	北海道	2	1	2	4	ok	0	4080	105	0	0	1656	86	2424	19
V2-C-156	V2	C	2	10	2	5	10	20	30	25	5	5	2	1	10	9	1	61	26	京都府	2	1	6	2	ok	0	4076	105	0	0	1654	86	2422	19
V2-C-157	V2	C	1	8	2	5	10	25	30	20	7	3	2	1	10	11	2	35	23	愛知県	1	8	6	1	ok	0	4090	103	0	0	1662	84	2428	19
V2-C-158	V2	C	2	11	2	5	10	20	30	25	5	5	2	1	10	9	1	68	12	千葉県	2	1	6	3	ok	0	4078	105	0	0	1655	86	2423	19
V2-C-159	V2	C	2	11	2	5	10	20	30	25	7	3	2	1	10	9	1	72	28	兵庫県	1	1	1	4	ok	0	4110	105	0	0	1671	86	2439	19
V2-C-160	V2	C	2	10	2	5	10	20	30	25	5	5	2	1	10	9	1	50	21	岐阜県	1	7	2	1	ok	0	4108	105	0	0	1670	86	2438	19
V2-C-161	V2	C	2	10	2	5	10	20	30	25	5	5	2	1	10	9	2	54	21	岐阜県	2	8	2	6	ok	0	4086	105	0	0	1659	86	2427	19
V2-C-162	V2	C	2	10	2	5	10	20	30	25	7	3	2	1	10	9	1	49	13	東京都	2	6	2	6	ok	0	4090	105	0	0	1661	86	2429	19
V2-C-163	V2	C	2	11	2	5	10	20	30	25	7	3	2	1	10	9	1	67	8	茨城県	1	7	2	4	ok	0	4114	105	0	0	1673	86	2441	19
V2-C-164	V2	C	2	11	2	5	10	25	30	20	7	3	2	1	10	9	1	24	13	東京都	1	1	6	2	ok	0	4096	105	0	0	1664	86	2432	19
V2-C-165	V2	C	2	11	2	5	10	20	30	25	5	5	2	1	10	9	1	24	11	埼玉県	1	2	2	3	ok	0	4098	105	0	0	1665	86	2433	19
V2-C-166	V2	C	2	11	2	5	10	25	30	20	5	5	2	1	10	9	2	62	24	三重県	2	7	5	4	ok	0	4092	105	0	0	1662	86	2430	19
V2-C-167	V2	C	2	10	2	5	10	25	30	20	5	5	2	1	10	9	1	55	2	青森県	1	7	6	2	ok	0	4108	105	0	0	1670	86	2438	19
V2-C-168	V2	C	2	11	2	5	10	20	30	25	5	5	2	1	10	9	2	27	13	東京都	1	1	5	1	ok	0	4092	105	0	0	1662	86	2430	19
V2-C-169	V2	C	2	10	2	5	10	25	30	20	5	5	2	1	10	9	2	73	27	大阪府	2	1	5	2	ok	0	4082	105	0	0	1657	86	2425	19
V2-C-170	V2	C	2	10	2	5	10	25	30	20	5	5	2	1	10	9	1	59	28	兵庫県	2	4	6	4	ok	0	4074	105	0	0	1653	86	2421	19
V2-C-171	V2	C	2	11	2	5	10	20	30	25	5	5	2	1	10	9	2	43	32	島根県	1	7	6	7	ok	0	4110	105	0	0	1671	86	2439	19
V2-C-172	V2	C	2	10	2	5	10	25	30	20	5	5	2	1	10	9	1	72	27	大阪府	2	1	2	1	ok	0	4074	105	0	0	1653	86	2421	19
V2-C-173	V2	C	2	11	2	5	10	20	30	25	5	5	2	1	10	9	2	39	40	福岡県	1	1	2	1	ok	0	4094	105	0	0	1663	86	2431	19
V2-C-174	V2	C	2	10	2	5	10	25	30	20	5	5	2	1	10	9	1	30	13	東京都	1	6	6	4	ok	0	4106	105	0	0	1669	86	2437	19
V2-C-175	V2	C	2	10	2	5	10	20	30	25	7	3	2	1	10	9	2	57	13	東京都	2	1	5	4	ok	0	4080	105	0	0	1656	86	2424	19
V2-C-176	V2	C	1	8	2	5	10	25	30	20	5	5	2	1	10	9	2	70	13	東京都	2	7	5	2	ok	0	4092	105	0	0	1662	86	2430	19
V2-C-177	V2	C	2	10	2	5	10	20	30	25	5	5	2	1	10	9	2	22	27	大阪府	1	1	5	3	ok	0	4102	105	0	0	1667	86	2435	19
V2-C-178	V2	C	2	11	2	5	10	20	30	25	5	5	2	1	10	9	2	51	21	岐阜県	2	3	2	5	ok	0	4118	105	0	0	1675	86	2443	19
V2-C-179	V2	C	2	11	2	5	10	20	30	25	5	5	2	1	10	9	2	52	37	香川県	2	1	2	3	ok	0	4080	105	0	0	1656	86	2424	19
V2-C-180	V2	C	2	10	2	5	10	25	30	20	5	5	2	1	10	9	1	27	13	東京都	1	2	2	1	ok	0	4086	105	0	0	1659	86	2427	19
V2-C-181	V2	C	2	11	2	5	10	20	30	20	10	5	2	1	10	9	1	20	22	静岡県	2	7	1	4	ok	0	4100	105	0	0	1666	86	2434	19
V2-C-182	V2	C	2	10	2	5	10	20	30	25	5	5	2	1	10	9	2	40	4	宮城県	2	1	4	4	ok	0	4082	105	0	0	1657	86	2425	19
V2-C-183	V2	C	2	10	2	5	10	20	30	25	5	5	2	1	10	9	2	76	11	埼玉県	1	1	2	2	ok	0	4104	105	0	0	1668	86	2436	19
V2-C-184	V2	C	2	10	2	5	10	25	30	20	5	5	2	1	10	9	2	60	11	埼玉県	1	1	6	3	ok	0	4100	105	0	0	1666	86	2434	19
V2-C-185	V2	C	2	11	2	5	10	20	30	25	5	5	2	1	10	9	1	52	27	大阪府	1	6	2	5	ok	0	4112	105	0	0	1672	86	2440	19
V2-C-186	V2	C	2	10	2	5	10	20	30	25	5	5	2	1	10	9	1	43	14	神奈川県	2	1	1	5	ok	0	4090	105	0	0	1661	86	2429	19
V2-C-187	V2	C	2	11	2	5	10	20	30	25	5	5	2	1	10	9	2	67	40	福岡県	2	8	1	3	ok	0	4090	105	0	0	1661	86	2429	19
V2-C-188	V2	C	2	11	2	5	10	20	30	25	5	5	2	1	10	9	1	85	22	静岡県	2	8	6	2	ok	0	4080	105	0	0	1656	86	2424	19
V2-C-189	V2	C	2	10	2	5	10	25	30	20	5	5	2	1	10	9	2	51	13	東京都	2	8	6	5	ok	0	4078	105	0	0	1655	86	2423	19
V2-C-190	V2	C	2	10	2	5	5	15	30	30	10	5	2	1	10	9	1	83	40	福岡県	2	8	6	1	ok	0	4072	105	0	0	1652	86	2420	19
V2-C-191	V2	C	2	11	2	5	10	20	30	25	5	5	2	1	10	9	1	37	13	東京都	1	8	6	3	ok	0	4098	105	0	0	1665	86	2433	19
V2-C-192	V2	C	2	10	2	5	10	20	30	25	5	5	2	1	10	9	2	21	27	大阪府	1	4	4	1	ok	0	4088	105	0	0	1660	86	2428	19
V2-C-193	V2	C	2	11	2	5	5	15	25	30	15	5	2	1	10	9	2	93	27	大阪府	1	1	1	1	ok	0	4100	105	0	0	1666	86	2434	19
V2-C-194	V2	C	2	11	2	5	10	20	30	25	5	5	2	1	10	9	2	24	13	東京都	1	7	2	3	ok	0	4112	105	0	0	1672	86	2440	19
V2-C-195	V2	C	1	8	2	5	10	25	30	20	5	5	2	1	10	9	2	68	1	北海道	2	2	1	5	ok	0	4080	105	0	0	1656	86	2424	19
V2-C-196	V2	C	2	10	2	5	10	20	30	25	5	5	2	1	10	9	1	80	23	愛知県	2	6	2	1	ok	0	4084	105	0	0	1658	86	2426	19
V2-C-197	V2	C	2	11	2	5	10	25	30	20	5	5	2	1	10	9	1	64	27	大阪府	1	1	2	2	ok	0	4102	105	0	0	1667	86	2435	19
V2-C-198	V2	C	2	11	2	5	10	20	30	25	5	5	2	1	10	9	2	94	45	宮崎県	1	6	2	3	ok	0	4114	105	0	0	1673	86	2441	19
V2-C-199	V2	C	2	10	2	5	10	20	30	25	5	5	2	1	10	9	1	61	1	北海道	2	1	2	5	ok	0	4080	105	0	0	1656	86	2424	19
V2-C-200	V2	C	2	11	2	5	10	20	30	25	5	5	2	1	10	9	1	45	11	埼玉県	2	8	2	5	ok	0	4086	105	0	0	1659	86	2427	19
V2-C-201	V2	C	2	11	2	5	10	20	30	25	5	5	2	1	10	9	1	22	14	神奈川県	1	2	4	2	ok	0	4098	105	0	0	1665	86	2433	19
V2-C-202	V2	C	2	11	2	5	10	20	30	25	7	3	2	1	10	9	2	65	23	愛知県	2	1	6	2	ok	0	4078	105	0	0	1655	86	2423	19
V2-C-203	V2	C	2	10	2	5	5	15	25	30	15	5	2	1	10	9	2	77	40	福岡県	1	1	1	2	ok	0	4108	105	0	0	1670	86	2438	19
V2-C-204	V2	C	2	10	2	5	10	20	30	25	5	5	2	1	10	9	1	20	22	静岡県	1	7	2	1	ok	0	4106	105	0	0	1669	86	2437	19
V2-C-205	V2	C	2	11	2	5	5	15	30	30	10	5	2	1	10	9	2	43	11	埼玉県	2	8	6	4	ok	0	4082	105	0	0	1657	86	2425	19
V2-C-206	V2	C	2	11	2	5	10	20	30	25	5	5	2	1	10	9	2	21	13	東京都	1	8	2	2	ok	0	4102	105	0	0	1667	86	2435	19
V2-C-207	V2	C	1	8	2	5	10	25	30	20	5	5	2	1	10	9	2	83	24	三重県	1	8	2	2	ok	0	4102	105	0	0	1667	86	2435	19
V2-C-208	V2	C	2	11	2	5	10	20	30	25	5	5	2	1	10	9	2	25	10	群馬県	2	1	4	2	ok	0	4082	105	0	0	1657	86	2425	19
V2-C-209	V2	C	2	11	2	5	5	15	25	30	15	5	2	1	10	9	1	81	10	群馬県	2	1	2	1	ok	0	4074	105	0	0	1653	86	2421	19
V2-C-210	V2	C	1	8	2	5	10	25	30	20	5	5	2	1	10	9	2	42	27	大阪府	2	8	2	3	ok	0	4082	103	0	0	1658	84	2424	19
V2-C-211	V2	C	2	11	2	5	10	20	30	25	7	3	2	1	10	9	1	25	14	神奈川県	1	1	6	5	ok	0	4100	105	0	0	1666	86	2434	19
V2-C-212	V2	C	2	10	2	5	10	25	30	20	5	5	2	1	10	9	1	44	13	東京都	2	6	6	4	ok	0	4086	105	0	0	1659	86	2427	19
V2-C-213	V2	C	2	10	2	5	10	20	30	25	5	5	2	1	10	9	2	22	13	東京都	1	8	6	3	ok	0	4098	105	0	0	1665	86	2433	19
V2-C-214	V2	C	2	11	2	5	10	20	30	25	5	5	2	1	10	9	2	33	27	大阪府	1	1	2	2	ok	0	4102	105	0	0	1667	86	2435	19
V2-C-215	V2	C	2	11	2	5	10	25	30	20	5	5	2	1	10	9	2	47	27	大阪府	2	6	7	6	ok	0	4090	105	0	0	1661	86	2429	19
V2-C-216	V2	C	2	11	2	5	10	20	30	25	5	5	2	1	10	9	2	60	38	愛媛県	2	1	2	5	ok	0	4084	105	0	0	1658	86	2426	19
V2-C-217	V2	C	1	8	2	5	10	25	30	20	5	5	2	1	10	9	2	60	5	秋田県	2	7	1	3	ok	0	4100	105	0	0	1666	86	2434	19
V2-C-218	V2	C	2	11	2	5	10	20	30	25	5	5	2	1	10	9	1	50	4	宮城県	2	1	2	5	ok	0	4082	105	0	0	1657	86	2425	19
V2-C-219	V2	C	2	10	2	5	10	20	30	25	5	5	2	1	10	9	2	77	13	東京都	2	1	2	2	ok	0	4080	105	0	0	1656	86	2424	19
V2-C-220	V2	C	2	11	2	5	10	20	30	25	5	5	2	1	10	9	1	48	26	京都府	1	8	1	5	ok	0	4108	105	0	0	1670	86	2438	19
V2-C-221	V2	C	1	8	2	5	10	25	30	20	5	5	2	1	10	9	2	84	27	大阪府	2	8	2	1	ok	0	4076	105	0	0	1654	86	2422	19
V2-C-222	V2	C	2	10	2	5	10	25	30	20	5	5	2	1	10	9	1	73	14	神奈川県	2	8	2	6	ok	0	4086	105	0	0	1659	86	2427	19
V2-C-223	V2	C	2	10	2	5	5	15	25	30	15	5	2	1	10	9	2	93	33	岡山県	2	6	2	1	ok	0	4084	105	0	0	1658	86	2426	19
V2-C-224	V2	C	1	8	2	5	10	25	30	20	5	5	2	1	10	9	2	68	14	神奈川県	1	8	4	3	ok	0	4106	105	0	0	1669	86	2437	19
V2-C-225	V2	C	2	10	2	5	5	15	30	30	10	5	2	1	10	9	2	69	12	千葉県	1	7	6	5	ok	0	4110	105	0	0	1671	86	2439	19
V2-C-226	V2	C	2	10	2	5	5	20	30	30	5	5	2	1	10	9	2	54	13	東京都	1	8	4	5	ok	0	4102	105	0	0	1667	86	2435	19
V2-C-227	V2	C	2	11	2	5	10	20	30	20	10	5	2	1	10	9	1	34	1	北海道	1	8	2	2	ok	0	4102	105	0	0	1667	86	2435	19
V2-C-228	V2	C	2	11	2	5	10	20	30	25	5	5	2	1	10	9	2	44	14	神奈川県	2	7	6	1	ok	0	4084	105	0	0	1658	86	2426	19
V2-C-229	V2	C	2	10	2	5	10	20	30	25	5	5	2	1	10	9	2	75	17	石川県	2	8	2	2	ok	0	4082	105	0	0	1657	86	2425	19
V2-C-230	V2	C	2	10	2	5	10	20	30	25	5	5	2	1	10	9	2	33	45	宮崎県	2	1	2	3	ok	0	4084	105	0	0	1658	86	2426	19
V2-C-231	V2	C	1	8	2	5	10	25	30	20	5	5	2	1	9	9	2	72	13	東京都	1	8	2	1	ok	0	4094	105	0	0	1663	86	2431	19
V2-C-232	V2	C	2	11	2	5	5	20	30	30	5	5	2	1	10	9	2	68	28	兵庫県	2	8	4	4	ok	0	4086	105	0	0	1659	86	2427	19
V2-C-233	V2	C	2	10	2	5	10	20	30	25	7	3	2	1	10	9	2	40	23	愛知県	2	1	4	5	ok	0	4082	105	0	0	1657	86	2425	19
V2-C-234	V2	C	2	11	2	5	10	20	30	25	5	5	2	1	10	9	2	25	14	神奈川県	1	8	6	4	ok	0	4102	105	0	0	1667	86	2435	19
V2-C-235	V2	C	2	10	2	5	10	25	30	20	5	5	2	1	10	9	1	75	14	神奈川県	2	1	6	4	ok	0	4080	105	0	0	1656	86	2424	19
V2-C-236	V2	C	2	10	2	5	10	25	30	20	5	5	2	1	10	9	1	38	13	東京都	2	7	6	4	ok	0	4088	105	0	0	1660	86	2428	19
V2-C-237	V2	C	2	11	2	5	10	20	30	25	5	5	2	1	10	9	1	45	1	北海道	2	6	2	3	ok	0	4090	105	0	0	1661	86	2429	19
V2-C-238	V2	C	2	11	2	5	10	20	30	25	7	3	2	1	10	9	2	62	14	神奈川県	2	3	6	1	ok	0	4106	105	0	0	1669	86	2437	19
V2-C-239	V2	C	2	10	2	5	10	25	30	20	5	5	2	1	10	9	1	48	42	長崎県	1	2	2	1	ok	0	4088	105	0	0	1660	86	2428	19
V2-C-240	V2	C	2	10	2	5	10	25	30	20	5	5	2	1	10	9	2	62	13	東京都	2	8	7	3	ok	0	4080	105	0	0	1656	86	2424	19
V2-C-241	V2	C	2	11	2	5	10	20	30	25	5	5	2	1	10	9	1	87	27	大阪府	2	2	2	1	ok	0	4068	105	0	0	1650	86	2418	19
V2-C-242	V2	C	2	11	2	5	10	20	30	25	5	5	2	1	10	9	1	76	27	大阪府	2	3	1	1	ok	0	4114	105	0	0	1673	86	2441	19
V2-C-243	V2	C	2	10	2	5	10	25	35	20	3	2	2	1	10	9	1	61	13	東京都	1	2	6	7	ok	0	4092	105	0	0	1662	86	2430	19
V2-C-244	V2	C	2	10	2	5	10	25	30	20	5	5	2	1	10	9	2	60	11	埼玉県	2	3	2	6	ok	0	4118	105	0	0	1675	86	2443	19
V2-C-245	V2	C	2	11	2	5	10	20	30	25	5	5	2	1	10	9	2	24	12	千葉県	1	3	6	2	ok	0	4132	105	0	0	1682	86	2450	19
V2-C-246	V2	C	1	8	2	5	10	25	30	20	5	5	2	1	10	9	2	70	11	埼玉県	2	6	2	1	ok	0	4086	105	0	0	1659	86	2427	19
V2-C-247	V2	C	2	10	2	5	10	25	30	20	5	5	2	1	10	9	1	59	6	山形県	1	8	6	2	ok	0	4098	105	0	0	1665	86	2433	19
V2-C-248	V2	C	2	10	2	5	10	25	30	20	5	5	2	1	10	9	1	56	18	福井県	2	8	7	3	ok	0	4080	105	0	0	1656	86	2424	19
V2-C-249	V2	C	2	11	2	5	10	20	30	25	5	5	2	1	10	9	1	26	23	愛知県	1	2	6	3	ok	0	4092	105	0	0	1662	86	2430	19
V2-C-250	V2	C	2	11	2	5	5	15	25	35	10	5	2	1	10	9	1	73	29	奈良県	2	1	1	2	ok	0	4088	105	0	0	1660	86	2428	19
V2-D-001	V2	D	2	10	2	5	5	20	30	25	10	5	3	1	10	9	1	57	1	北海道	2	6	7	5	ok	0	4038	105	0	0	1660	86	2378	19
V2-D-002	V2	D	2	10	2	5	10	20	30	25	5	5	3	1	10	9	2	57	34	広島県	2	1	5	4	ok	0	4030	105	0	0	1656	86	2374	19
V2-D-003	V2	D	1	8	2	5	10	25	30	20	5	5	3	1	9	9	2	53	14	神奈川県	2	1	2	1	ok	0	4026	105	0	0	1654	86	2372	19
V2-D-004	V2	D	1	8	2	5	10	25	30	20	5	5	3	1	9	11	2	49	13	東京都	2	8	5	1	ok	0	4022	103	0	0	1653	84	2369	19
V2-D-005	V2	D	2	11	2	5	10	20	30	25	5	5	3	1	10	9	2	24	28	兵庫県	1	1	4	2	ok	0	4054	105	0	0	1668	86	2386	19
V2-D-006	V2	D	2	10	2	5	10	20	30	25	7	3	3	1	10	9	2	61	10	群馬県	2	1	5	5	ok	0	4032	105	0	0	1657	86	2375	19
V2-D-007	V2	D	2	10	2	5	10	20	30	25	5	5	3	1	10	9	2	56	40	福岡県	1	1	2	4	ok	0	4052	105	0	0	1667	86	2385	19
V2-D-008	V2	D	2	11	2	5	10	20	30	25	5	5	3	1	10	9	1	67	4	宮城県	2	1	2	2	ok	0	4032	105	0	0	1657	86	2375	19
V2-D-009	V2	D	2	11	2	5	10	20	30	25	7	3	3	1	10	9	1	62	21	岐阜県	2	8	2	3	ok	0	4036	105	0	0	1659	86	2377	19
V2-D-010	V2	D	2	10	2	5	10	20	30	25	5	5	3	1	10	9	1	76	11	埼玉県	2	6	2	1	ok	0	4036	105	0	0	1659	86	2377	19
V2-D-011	V2	D	2	11	2	5	10	20	30	25	5	5	3	1	10	9	2	47	28	兵庫県	1	8	4	8	ok	0	4050	105	0	0	1666	86	2384	19
V2-D-012	V2	D	2	10	2	5	10	20	30	25	5	5	3	1	10	9	2	25	12	千葉県	2	1	6	1	ok	0	4020	105	0	0	1651	86	2369	19
V2-D-013	V2	D	2	10	2	5	10	20	30	25	5	5	3	1	10	9	1	58	42	長崎県	2	1	2	2	ok	0	4032	105	0	0	1657	86	2375	19
V2-D-014	V2	D	1	8	2	5	10	25	30	20	5	5	3	1	9	9	2	73	23	愛知県	2	1	2	1	ok	0	4024	105	0	0	1653	86	2371	19
V2-D-015	V2	D	2	11	2	5	10	20	30	25	5	5	3	1	10	9	2	91	16	富山県	1	8	2	1	ok	0	4044	105	0	0	1663	86	2381	19
V2-D-016	V2	D	2	11	2	5	10	20	30	25	5	5	3	1	10	9	1	30	40	福岡県	2	2	3	1	ok	0	4022	105	0	0	1652	86	2370	19
V2-D-017	V2	D	1	8	2	5	10	25	30	20	5	5	3	1	9	9	2	71	15	新潟県	1	6	2	2	ok	0	4062	105	0	0	1672	86	2390	19
V2-D-018	V2	D	2	11	2	5	10	20	30	25	5	5	3	1	10	9	1	28	1	北海道	1	6	1	3	ok	0	4066	105	0	0	1674	86	2392	19
V2-D-019	V2	D	2	10	2	5	10	20	30	25	5	5	3	1	10	9	2	21	27	大阪府	1	7	2	1	ok	0	4056	105	0	0	1669	86	2387	19
V2-D-020	V2	D	2	11	2	5	10	20	30	25	7	3	3	1	10	9	2	39	14	神奈川県	2	8	6	5	ok	0	4032	105	0	0	1657	86	2375	19
V2-D-021	V2	D	1	8	2	5	10	25	30	20	5	5	3	1	9	9	2	59	12	千葉県	2	1	2	2	ok	0	4032	105	0	0	1657	86	2375	19
V2-D-022	V2	D	2	11	2	5	10	20	30	25	7	3	3	1	10	9	2	41	9	栃木県	1	2	4	6	ok	0	4046	105	0	0	1664	86	2382	19
V2-D-023	V2	D	2	10	2	5	10	20	30	25	5	5	3	1	10	9	2	22	27	大阪府	1	7	2	3	ok	0	4064	105	0	0	1673	86	2391	19
V2-D-024	V2	D	2	10	2	5	10	20	30	25	5	5	3	1	10	9	1	48	40	福岡県	2	8	6	2	ok	0	4030	105	0	0	1656	86	2374	19
V2-D-025	V2	D	2	11	2	5	10	20	30	25	5	5	3	1	10	9	2	44	7	福島県	2	7	6	5	ok	0	4038	105	0	0	1660	86	2378	19
V2-D-026	V2	D	2	10	2	5	10	25	30	20	5	5	3	1	10	9	1	64	12	千葉県	2	1	6	2	ok	0	4028	105	0	0	1655	86	2373	19
V2-D-027	V2	D	2	11	2	5	10	20	30	25	7	3	3	1	10	9	2	38	42	長崎県	1	7	2	5	ok	0	4064	105	0	0	1673	86	2391	19
V2-D-028	V2	D	2	10	2	5	10	20	30	25	5	5	3	1	10	9	1	62	23	愛知県	1	2	2	2	ok	0	4046	105	0	0	1664	86	2382	19
V2-D-029	V2	D	2	10	2	5	10	25	30	20	5	5	3	1	10	9	2	61	12	千葉県	1	2	4	3	ok	0	4046	105	0	0	1664	86	2382	19
V2-D-030	V2	D	2	10	2	5	10	20	30	25	5	5	3	1	10	9	1	72	45	宮崎県	2	1	1	2	ok	0	4040	105	0	0	1661	86	2379	19
V2-D-031	V2	D	2	10	2	5	5	15	30	30	10	5	3	1	10	9	1	53	1	北海道	2	1	6	3	ok	0	4026	105	0	0	1654	86	2372	19
V2-D-032	V2	D	2	11	2	5	10	20	30	25	5	5	3	1	10	9	2	21	27	大阪府	2	1	2	3	ok	0	4032	105	0	0	1657	86	2375	19
V2-D-033	V2	D	1	8	2	5	10	25	30	20	5	5	3	1	9	9	1	38	28	兵庫県	2	7	1	2	ok	0	4052	105	0	0	1667	86	2385	19
V2-D-034	V2	D	2	10	2	5	10	20	30	25	5	5	3	1	10	9	1	57	30	和歌山県	1	6	1	4	ok	0	4070	105	0	0	1676	86	2394	19
V2-D-035	V2	D	2	10	2	5	10	25	30	20	5	5	3	1	10	9	2	69	12	千葉県	2	1	6	1	ok	0	4020	105	0	0	1651	86	2369	19
V2-D-036	V2	D	2	11	2	5	10	20	30	25	5	5	3	1	10	9	1	48	43	熊本県	2	7	2	1	ok	0	4036	105	0	0	1659	86	2377	19
V2-D-037	V2	D	2	10	2	5	10	20	30	25	5	5	3	1	10	9	2	82	11	埼玉県	1	6	2	2	ok	0	4064	105	0	0	1673	86	2391	19
V2-D-038	V2	D	2	10	2	5	10	20	30	25	5	5	3	1	10	9	1	53	27	大阪府	1	1	2	5	ok	0	4052	105	0	0	1667	86	2385	19
V2-D-039	V2	D	2	11	2	5	10	20	30	25	5	5	3	1	11	9	2	95	28	兵庫県	1	6	2	1	ok	0	4056	105	0	0	1669	86	2387	19
V2-D-040	V2	D	1	8	2	5	10	25	30	20	5	5	3	1	9	9	2	82	23	愛知県	2	8	2	2	ok	0	4034	105	0	0	1658	86	2376	19
V2-D-041	V2	D	2	11	2	5	10	20	30	25	5	5	3	1	10	9	2	54	27	大阪府	1	2	5	5	ok	0	4046	105	0	0	1664	86	2382	19
V2-D-042	V2	D	2	11	2	5	10	20	30	25	5	5	3	1	10	9	2	31	2	青森県	2	2	6	3	ok	0	4020	105	0	0	1651	86	2369	19
V2-D-043	V2	D	2	11	2	5	10	20	30	25	5	5	3	1	10	9	1	22	28	兵庫県	1	1	2	3	ok	0	4054	105	0	0	1668	86	2386	19
V2-D-044	V2	D	2	11	2	5	10	20	30	25	5	5	3	1	10	9	1	89	1	北海道	2	1	6	2	ok	0	4026	105	0	0	1654	86	2372	19
V2-D-045	V2	D	1	8	2	5	10	25	30	20	5	5	3	1	10	9	2	82	11	埼玉県	2	1	2	1	ok	0	4026	105	0	0	1654	86	2372	19
V2-D-046	V2	D	2	10	2	5	10	25	30	20	5	5	3	1	10	9	2	49	9	栃木県	2	2	4	5	ok	0	4026	105	0	0	1654	86	2372	19
V2-D-047	V2	D	2	10	2	5	10	25	30	20	5	5	3	1	10	9	1	41	12	千葉県	1	7	2	4	ok	0	4064	105	0	0	1673	86	2391	19
V2-D-048	V2	D	2	11	2	5	10	20	30	25	5	5	3	1	10	9	2	52	11	埼玉県	2	1	2	6	ok	0	4034	105	0	0	1658	86	2376	19
V2-D-049	V2	D	2	10	2	5	5	20	35	25	5	5	3	1	10	9	1	39	13	東京都	2	1	6	5	ok	0	4026	105	0	0	1654	86	2372	19
V2-D-050	V2	D	2	11	2	5	10	20	30	25	5	5	3	1	11	9	2	91	12	千葉県	1	1	2	2	ok	0	4052	105	0	0	1667	86	2385	19
V2-D-051	V2	D	2	10	2	5	10	25	30	20	5	5	3	1	10	9	2	57	13	東京都	1	2	5	3	ok	0	4044	105	0	0	1663	86	2381	19
V2-D-052	V2	D	2	11	2	5	10	20	30	25	5	5	3	1	10	9	2	45	13	東京都	2	1	2	3	ok	0	4030	105	0	0	1656	86	2374	19
V2-D-053	V2	D	2	11	2	5	10	20	30	25	5	5	3	1	10	9	1	37	13	東京都	1	7	6	4	ok	0	4058	105	0	0	1670	86	2388	19
V2-D-054	V2	D	2	10	2	5	10	25	35	20	3	2	3	1	10	9	1	47	13	東京都	1	8	6	8	ok	0	4042	105	0	0	1662	86	2380	19
V2-D-055	V2	D	2	10	2	5	10	20	35	20	5	5	3	1	10	9	1	43	23	愛知県	1	1	6	5	ok	0	4048	105	0	0	1665	86	2383	19
V2-D-056	V2	D	1	8	2	5	10	25	30	20	5	5	3	1	10	9	2	64	13	東京都	2	4	2	1	ok	0	4016	105	0	0	1649	86	2367	19
V2-D-057	V2	D	2	11	2	5	10	20	30	25	5	5	3	1	10	9	1	33	27	大阪府	2	7	2	2	ok	0	4044	105	0	0	1663	86	2381	19
V2-D-058	V2	D	2	11	2	5	10	20	30	25	5	5	3	1	10	9	2	39	14	神奈川県	1	7	5	1	ok	0	4058	105	0	0	1670	86	2388	19
V2-D-059	V2	D	2	10	2	5	10	20	30	25	5	5	3	1	10	9	1	41	45	宮崎県	2	8	2	1	ok	0	4028	105	0	0	1655	86	2373	19
V2-D-060	V2	D	2	11	2	5	10	20	30	25	5	5	3	1	10	9	2	74	13	東京都	2	3	6	1	ok	0	4052	105	0	0	1667	86	2385	19
V2-D-061	V2	D	2	11	2	5	10	20	30	25	5	5	3	1	10	9	1	65	44	大分県	1	6	2	2	ok	0	4060	105	0	0	1671	86	2389	19
V2-D-062	V2	D	2	10	2	5	10	20	30	20	10	5	3	1	10	9	1	69	4	宮城県	2	1	1	3	ok	0	4038	105	0	0	1660	86	2378	19
V2-D-063	V2	D	2	10	2	5	10	25	30	20	5	5	3	1	10	9	2	76	28	兵庫県	1	7	6	2	ok	0	4062	105	0	0	1672	86	2390	19
V2-D-064	V2	D	2	11	2	5	10	20	30	25	5	5	3	1	10	9	2	51	27	大阪府	1	8	1	5	ok	0	4060	105	0	0	1671	86	2389	19
V2-D-065	V2	D	2	10	2	5	10	20	30	25	7	3	3	1	10	9	1	39	13	東京都	2	1	6	3	ok	0	4026	105	0	0	1654	86	2372	19
V2-D-066	V2	D	1	8	2	5	10	25	30	20	5	5	3	1	9	9	1	83	40	福岡県	1	7	2	1	ok	0	4056	105	0	0	1669	86	2387	19
V2-D-067	V2	D	2	10	2	5	10	20	30	25	5	5	3	1	10	9	2	47	4	宮城県	2	1	2	6	ok	0	4032	105	0	0	1657	86	2375	19
V2-D-068	V2	D	2	10	2	5	5	15	30	30	10	5	3	1	10	9	2	62	14	神奈川県	2	8	2	4	ok	0	4036	105	0	0	1659	86	2377	19
V2-D-069	V2	D	2	11	2	5	10	20	30	20	10	5	3	1	11	9	1	44	1	北海道	2	1	1	3	ok	0	4036	105	0	0	1659	86	2377	19
V2-D-070	V2	D	2	11	2	5	10	20	30	25	5	5	3	1	11	9	1	20	4	宮城県	1	8	2	2	ok	0	4054	105	0	0	1668	86	2386	19
V2-D-071	V2	D	2	10	2	5	10	20	30	25	5	5	3	1	10	9	2	31	23	愛知県	2	8	2	4	ok	0	4034	105	0	0	1658	86	2376	19
V2-D-072	V2	D	2	10	2	5	10	20	30	25	7	3	3	1	10	9	1	40	4	宮城県	2	8	6	5	ok	0	4030	105	0	0	1656	86	2374	19
V2-D-073	V2	D	2	10	2	5	10	25	30	20	5	5	3	1	10	9	2	72	27	大阪府	2	2	2	2	ok	0	4026	105	0	0	1654	86	2372	19
V2-D-074	V2	D	1	8	2	5	10	25	30	20	5	5	3	1	9	9	2	85	43	熊本県	2	1	1	1	ok	0	4030	105	0	0	1656	86	2374	19
V2-D-075	V2	D	2	10	2	5	10	20	30	25	5	5	3	1	10	9	2	32	11	埼玉県	2	8	2	5	ok	0	4036	105	0	0	1659	86	2377	19
V2-D-076	V2	D	2	10	2	5	10	20	30	25	7	3	3	1	10	9	2	68	13	東京都	2	8	5	4	ok	0	4032	105	0	0	1657	86	2375	19
V2-D-077	V2	D	1	8	2	5	10	25	25	20	10	5	3	1	9	11	2	86	1	北海道	1	1	1	1	ok	0	4048	105	0	0	1665	86	2383	19
V2-D-078	V2	D	2	11	2	5	10	20	30	25	5	5	3	1	10	9	1	28	41	佐賀県	1	7	2	1	ok	0	4058	105	0	0	1670	86	2388	19
V2-D-079	V2	D	1	8	2	5	10	25	30	20	5	5	3	1	9	11	2	76	12	千葉県	2	2	2	3	ok	0	4026	105	0	0	1654	86	2372	19
V2-D-080	V2	D	2	10	2	5	10	20	30	25	5	5	3	1	10	9	1	31	13	東京都	2	8	7	2	ok	0	4030	105	0	0	1656	86	2374	19
V2-D-081	V2	D	2	10	2	5	10	25	35	20	3	2	3	1	10	9	1	47	13	東京都	2	1	6	8	ok	0	4020	105	0	0	1651	86	2369	19
V2-D-082	V2	D	2	11	2	5	10	20	30	25	5	5	3	1	10	9	1	21	12	千葉県	1	7	2	1	ok	0	4056	105	0	0	1669	86	2387	19
V2-D-083	V2	D	2	10	2	5	10	20	30	25	5	5	3	1	10	9	2	58	12	千葉県	2	1	2	2	ok	0	4032	105	0	0	1657	86	2375	19
V2-D-084	V2	D	1	8	2	5	10	25	25	20	10	5	3	1	9	9	2	79	26	京都府	1	8	1	2	ok	0	4058	105	0	0	1670	86	2388	19
V2-D-085	V2	D	2	10	2	5	10	20	30	25	5	5	3	1	10	9	1	70	34	広島県	2	1	2	4	ok	0	4030	105	0	0	1656	86	2374	19
V2-D-086	V2	D	2	10	2	5	10	20	30	25	5	5	3	1	10	9	1	21	25	滋賀県	1	6	6	1	ok	0	4052	105	0	0	1667	86	2385	19
V2-D-087	V2	D	2	11	2	5	10	20	30	25	5	5	3	1	10	9	1	75	1	北海道	2	2	1	3	ok	0	4030	105	0	0	1656	86	2374	19
V2-D-088	V2	D	2	11	2	5	10	25	30	20	5	5	3	1	10	9	2	58	12	千葉県	2	3	2	2	ok	0	4066	105	0	0	1674	86	2392	19
V2-D-089	V2	D	2	10	2	5	10	20	30	25	5	5	3	1	10	9	2	71	12	千葉県	2	1	1	8	ok	0	4032	105	0	0	1657	86	2375	19
V2-D-090	V2	D	2	10	2	5	10	25	30	20	5	5	3	1	10	9	1	26	14	神奈川県	2	1	2	1	ok	0	4026	105	0	0	1654	86	2372	19
V2-D-091	V2	D	2	10	2	5	10	20	30	25	5	5	3	1	10	9	1	25	27	大阪府	2	1	6	1	ok	0	4020	105	0	0	1651	86	2369	19
V2-D-092	V2	D	2	11	2	5	10	20	30	25	5	5	3	1	10	9	2	23	12	千葉県	1	8	1	2	ok	0	4060	105	0	0	1671	86	2389	19
V2-D-093	V2	D	1	8	2	5	10	25	30	20	5	5	3	1	9	9	2	86	13	東京都	1	7	2	1	ok	0	4054	105	0	0	1668	86	2386	19
V2-D-094	V2	D	2	10	2	5	10	20	30	25	5	5	3	1	10	9	1	84	14	神奈川県	1	3	6	2	ok	0	4084	105	0	0	1683	86	2401	19
V2-D-095	V2	D	2	11	2	5	10	20	30	25	7	3	3	1	10	9	1	40	28	兵庫県	2	2	6	5	ok	0	4024	105	0	0	1653	86	2371	19
V2-D-096	V2	D	2	10	2	5	5	15	25	35	10	5	3	1	10	9	1	86	13	東京都	2	6	6	1	ok	0	4028	105	0	0	1655	86	2373	19
V2-D-097	V2	D	1	8	2	5	10	25	30	20	5	5	3	1	9	9	1	47	13	東京都	2	7	2	1	ok	0	4034	105	0	0	1658	86	2376	19
V2-D-098	V2	D	2	11	2	5	10	25	30	20	5	5	3	1	10	9	2	42	22	静岡県	2	1	4	4	ok	0	4032	105	0	0	1657	86	2375	19
V2-D-099	V2	D	2	11	2	5	10	20	30	25	5	5	3	1	10	9	2	70	13	東京都	2	1	2	2	ok	0	4030	105	0	0	1656	86	2374	19
V2-D-100	V2	D	2	10	2	5	10	20	30	25	5	5	3	1	10	9	1	78	42	長崎県	2	8	2	5	ok	0	4034	105	0	0	1658	86	2376	19
V2-D-101	V2	D	2	11	2	5	10	20	30	25	7	3	3	1	10	9	2	37	13	東京都	2	6	6	4	ok	0	4036	105	0	0	1659	86	2377	19
V2-D-102	V2	D	2	11	2	5	10	25	30	20	5	5	3	1	10	9	1	36	13	東京都	2	7	6	2	ok	0	4038	105	0	0	1660	86	2378	19
V2-D-103	V2	D	2	10	2	5	10	25	30	20	5	5	3	1	10	9	2	63	5	秋田県	1	1	4	2	ok	0	4052	105	0	0	1667	86	2385	19
V2-D-104	V2	D	2	10	2	5	10	20	30	25	5	5	3	1	10	9	2	65	22	静岡県	1	1	2	1	ok	0	4044	105	0	0	1663	86	2381	19
V2-D-105	V2	D	2	11	2	5	10	20	30	25	5	5	3	1	10	9	2	89	28	兵庫県	1	1	1	2	ok	0	4060	105	0	0	1671	86	2389	19
V2-D-106	V2	D	2	11	2	5	10	20	30	25	5	5	3	1	10	9	2	46	4	宮城県	2	1	2	4	ok	0	4032	105	0	0	1657	86	2375	19
V2-D-107	V2	D	2	10	2	5	10	20	30	25	5	5	3	1	10	9	2	71	11	埼玉県	2	1	2	2	ok	0	4034	105	0	0	1658	86	2376	19
V2-D-108	V2	D	2	10	2	5	10	20	30	25	7	3	3	1	10	9	1	48	14	神奈川県	2	6	7	2	ok	0	4042	105	0	0	1662	86	2380	19
V2-D-109	V2	D	1	8	2	5	10	25	30	20	5	5	3	1	9	9	1	73	21	岐阜県	2	6	1	1	ok	0	4042	105	0	0	1662	86	2380	19
V2-D-110	V2	D	2	10	2	5	10	25	30	20	7	3	3	1	10	9	1	33	14	神奈川県	1	2	6	2	ok	0	4044	105	0	0	1663	86	2381	19
V2-D-111	V2	D	2	11	2	5	10	20	30	25	7	3	3	1	10	9	2	38	40	福岡県	1	2	2	3	ok	0	4046	105	0	0	1664	86	2382	19
V2-D-112	V2	D	2	10	2	5	10	20	35	20	5	5	3	1	10	9	1	42	6	山形県	2	2	2	7	ok	0	4026	105	0	0	1654	86	2372	19
V2-D-113	V2	D	2	11	2	5	10	20	30	25	5	5	3	1	10	9	1	80	8	茨城県	2	1	1	2	ok	0	4038	105	0	0	1660	86	2378	19
V2-D-114	V2	D	2	10	2	5	10	20	35	20	7	3	3	1	10	9	1	30	13	東京都	2	1	6	4	ok	0	4026	105	0	0	1654	86	2372	19
V2-D-115	V2	D	2	11	2	5	10	25	30	20	5	5	3	1	10	9	2	53	13	東京都	1	1	2	5	ok	0	4050	105	0	0	1666	86	2384	19
V2-D-116	V2	D	2	10	2	5	10	20	30	25	5	5	3	1	10	9	1	76	42	長崎県	2	8	4	3	ok	0	4034	105	0	0	1658	86	2376	19
V2-D-117	V2	D	1	8	2	5	10	25	30	20	5	5	3	1	9	9	1	60	22	静岡県	1	6	2	1	ok	0	4054	105	0	0	1668	86	2386	19
V2-D-118	V2	D	2	11	2	5	10	20	30	25	7	3	3	1	10	9	1	46	12	千葉県	2	6	6	4	ok	0	4038	105	0	0	1660	86	2378	19
V2-D-119	V2	D	2	11	2	5	10	20	30	25	5	5	3	1	10	9	2	42	14	神奈川県	2	7	4	8	ok	0	4040	105	0	0	1661	86	2379	19
V2-D-120	V2	D	1	8	2	5	10	25	30	20	5	5	3	1	9	9	2	74	13	東京都	2	7	6	1	ok	0	4030	105	0	0	1656	86	2374	19
V2-D-121	V2	D	2	10	2	5	10	20	30	25	7	3	3	1	10	9	1	59	21	岐阜県	2	3	2	5	ok	0	4068	105	0	0	1675	86	2393	19
V2-D-122	V2	D	2	10	2	5	10	20	30	25	5	5	3	1	10	9	1	35	13	東京都	1	1	6	1	ok	0	4038	105	0	0	1660	86	2378	19
V2-D-123	V2	D	2	11	2	5	10	20	30	25	5	5	3	1	10	9	1	53	14	神奈川県	2	7	6	3	ok	0	4042	105	0	0	1662	86	2380	19
V2-D-124	V2	D	2	10	2	5	10	20	30	25	5	5	3	1	10	9	1	40	23	愛知県	2	8	2	3	ok	0	4034	105	0	0	1658	86	2376	19
V2-D-125	V2	D	2	10	2	5	10	20	30	25	5	5	3	1	10	9	2	65	14	神奈川県	2	1	2	1	ok	0	4026	105	0	0	1654	86	2372	19
V2-D-126	V2	D	1	8	2	5	10	25	30	20	5	5	3	1	9	9	2	45	13	東京都	2	7	6	1	ok	0	4030	105	0	0	1656	86	2374	19
V2-D-127	V2	D	2	11	2	5	10	20	30	25	7	3	3	1	10	9	1	30	13	東京都	1	7	6	2	ok	0	4058	105	0	0	1670	86	2388	19
V2-D-128	V2	D	2	11	2	5	10	20	30	25	7	3	3	1	10	9	1	21	13	東京都	1	1	6	2	ok	0	4046	105	0	0	1664	86	2382	19
V2-D-129	V2	D	2	10	2	5	10	20	25	25	10	5	3	1	10	9	2	88	21	岐阜県	1	1	1	2	ok	0	4060	105	0	0	1671	86	2389	19
V2-D-130	V2	D	1	8	2	5	10	25	30	20	5	5	3	1	9	9	2	39	12	千葉県	1	7	2	1	ok	0	4056	105	0	0	1669	86	2387	19
V2-D-131	V2	D	2	10	2	5	10	20	30	25	7	3	3	1	10	9	2	54	13	東京都	1	8	6	5	ok	0	4048	105	0	0	1665	86	2383	19
V2-D-132	V2	D	1	8	2	5	10	25	30	20	5	5	3	1	9	11	1	77	34	広島県	2	8	1	1	ok	0	4030	105	0	0	1656	86	2374	19
V2-D-133	V2	D	2	11	2	5	10	20	30	25	5	5	3	1	10	9	2	83	28	兵庫県	2	3	2	3	ok	0	4068	105	0	0	1675	86	2393	19
V2-D-134	V2	D	1	8	2	5	10	25	30	20	5	5	3	1	9	9	1	85	27	大阪府	2	6	1	1	ok	0	4040	105	0	0	1661	86	2379	19
V2-D-135	V2	D	1	8	2	5	10	25	30	20	5	5	3	1	9	9	2	77	46	鹿児島県	1	1	1	2	ok	0	4062	105	0	0	1672	86	2390	19
V2-D-136	V2	D	2	10	2	5	10	25	30	20	5	5	3	1	10	9	1	75	8	茨城県	2	1	6	2	ok	0	4028	105	0	0	1655	86	2373	19
V2-D-137	V2	D	2	10	2	5	10	20	30	25	5	5	3	1	10	9	2	51	14	神奈川県	1	6	4	5	ok	0	4064	105	0	0	1673	86	2391	19
V2-D-138	V2	D	2	10	2	5	10	20	30	25	5	5	3	1	10	9	2	21	33	岡山県	1	7	2	1	ok	0	4056	105	0	0	1669	86	2387	19
V2-D-139	V2	D	2	10	2	5	10	20	30	25	5	5	3	1	10	9	2	85	45	宮崎県	1	1	1	4	ok	0	4060	105	0	0	1671	86	2389	19
V2-D-140	V2	D	2	10	2	5	10	20	30	25	7	3	3	1	10	9	1	41	34	広島県	1	4	6	4	ok	0	4040	105	0	0	1661	86	2379	19
V2-D-141	V2	D	2	10	2	5	10	20	30	25	5	5	3	1	10	9	2	54	28	兵庫県	2	7	2	8	ok	0	4040	105	0	0	1661	86	2379	19
V2-D-142	V2	D	1	8	2	5	10	25	30	20	5	5	3	1	9	9	1	45	13	東京都	1	8	2	1	ok	0	4044	105	0	0	1663	86	2381	19
V2-D-143	V2	D	2	10	2	5	10	20	30	25	5	5	3	1	10	9	1	21	27	大阪府	1	8	6	1	ok	0	4042	105	0	0	1662	86	2380	19
V2-D-144	V2	D	2	10	2	5	10	20	30	25	5	5	3	1	10	9	2	49	38	愛媛県	1	1	7	1	ok	0	4044	105	0	0	1663	86	2381	19
V2-D-145	V2	D	2	11	2	5	10	20	30	25	5	5	3	1	10	9	1	72	23	愛知県	2	3	2	2	ok	0	4066	105	0	0	1674	86	2392	19
V2-D-146	V2	D	1	8	2	5	10	25	30	20	5	5	3	1	9	9	2	67	13	東京都	2	2	2	1	ok	0	4016	105	0	0	1649	86	2367	19
V2-D-147	V2	D	2	11	2	5	10	20	30	25	5	5	3	1	10	9	1	29	28	兵庫県	1	6	2	3	ok	0	4064	105	0	0	1673	86	2391	19
V2-D-148	V2	D	2	10	2	5	10	25	30	20	5	5	3	1	10	9	2	63	27	大阪府	2	8	2	3	ok	0	4034	105	0	0	1658	86	2376	19
V2-D-149	V2	D	1	8	2	5	10	25	30	20	5	5	3	1	9	9	2	87	28	兵庫県	1	2	2	1	ok	0	4040	105	0	0	1661	86	2379	19
V2-D-150	V2	D	2	11	2	5	10	20	30	25	7	3	3	1	10	9	1	30	1	北海道	1	1	4	2	ok	0	4050	105	0	0	1666	86	2384	19
V2-D-151	V2	D	2	11	2	5	10	20	35	20	5	5	3	1	10	9	1	62	45	宮崎県	2	2	6	7	ok	0	4026	105	0	0	1654	86	2372	19
V2-D-152	V2	D	2	11	2	5	10	20	30	25	5	5	3	1	10	9	1	39	27	大阪府	2	6	2	3	ok	0	4042	105	0	0	1662	86	2380	19
V2-D-153	V2	D	2	11	2	5	10	20	30	25	5	5	3	1	11	9	2	100	13	東京都	1	1	1	1	ok	0	4048	105	0	0	1665	86	2383	19
V2-D-154	V2	D	2	11	2	5	10	20	30	25	5	5	3	1	10	9	2	20	8	茨城県	2	7	1	5	ok	0	4050	105	0	0	1666	86	2384	19
V2-D-155	V2	D	2	11	2	5	10	20	30	25	7	3	3	1	10	9	1	46	12	千葉県	2	1	6	3	ok	0	4028	105	0	0	1655	86	2373	19
V2-D-156	V2	D	2	10	2	5	10	20	30	25	5	5	3	1	10	9	2	43	34	広島県	2	1	1	5	ok	0	4036	105	0	0	1659	86	2377	19
V2-D-157	V2	D	2	11	2	5	10	20	25	25	10	5	3	1	11	9	2	96	34	広島県	1	6	1	1	ok	0	4058	105	0	0	1670	86	2388	19
V2-D-158	V2	D	2	11	2	5	10	25	35	20	3	2	3	1	10	9	1	58	13	東京都	2	1	6	8	ok	0	4020	105	0	0	1651	86	2369	19
V2-D-159	V2	D	1	8	2	5	10	25	30	20	5	5	3	1	9	11	2	44	27	大阪府	2	6	4	1	ok	0	4034	105	0	0	1658	86	2376	19
V2-D-160	V2	D	2	11	2	5	10	20	30	25	5	5	3	1	10	9	2	46	47	沖縄県	2	1	5	7	ok	0	4036	105	0	0	1659	86	2377	19
V2-D-161	V2	D	2	11	2	5	10	20	30	25	7	3	3	1	10	9	2	32	13	東京都	2	6	6	6	ok	0	4036	105	0	0	1659	86	2377	19
V2-D-162	V2	D	2	11	2	5	10	20	30	25	5	5	3	1	10	9	2	56	27	大阪府	2	6	2	4	ok	0	4042	105	0	0	1662	86	2380	19
V2-D-163	V2	D	2	11	2	5	10	20	30	25	5	5	3	1	11	9	2	98	28	兵庫県	1	1	1	2	ok	0	4060	105	0	0	1671	86	2389	19
V2-D-164	V2	D	2	10	2	5	10	25	30	20	7	3	3	1	10	9	2	62	14	神奈川県	2	1	5	4	ok	0	4034	105	0	0	1658	86	2376	19
V2-D-165	V2	D	2	10	2	5	10	20	30	25	5	5	3	1	10	9	1	33	11	埼玉県	2	6	1	5	ok	0	4050	105	0	0	1666	86	2384	19
V2-D-166	V2	D	2	10	2	5	10	20	30	25	7	3	3	1	10	9	2	27	13	東京都	1	4	2	3	ok	0	4044	105	0	0	1663	86	2381	19
V2-D-167	V2	D	2	10	2	5	10	20	30	25	5	5	3	1	10	9	1	78	14	神奈川県	2	3	6	2	ok	0	4064	105	0	0	1673	86	2391	19
V2-D-168	V2	D	2	10	2	5	10	20	30	25	5	5	3	1	10	9	2	51	2	青森県	2	7	5	5	ok	0	4042	105	0	0	1662	86	2380	19
V2-D-169	V2	D	2	11	2	5	10	20	30	25	5	5	3	1	10	9	2	44	21	岐阜県	2	8	4	3	ok	0	4036	105	0	0	1659	86	2377	19
V2-D-170	V2	D	1	8	2	5	10	25	30	20	5	5	3	1	9	9	2	50	9	栃木県	2	8	4	1	ok	0	4026	105	0	0	1654	86	2372	19
V2-D-171	V2	D	1	8	2	5	10	25	30	20	5	5	3	1	9	9	2	82	19	山梨県	2	8	1	2	ok	0	4040	105	0	0	1661	86	2379	19
V2-D-172	V2	D	2	11	2	5	10	20	30	25	7	3	3	1	10	9	2	42	14	神奈川県	1	8	4	8	ok	0	4050	105	0	0	1666	86	2384	19
V2-D-173	V2	D	2	10	2	5	10	20	30	25	5	5	3	1	10	9	1	77	21	岐阜県	1	2	4	2	ok	0	4048	105	0	0	1665	86	2383	19
V2-D-174	V2	D	2	11	2	5	10	20	30	25	5	5	3	1	10	9	2	32	23	愛知県	2	8	6	4	ok	0	4030	105	0	0	1656	86	2374	19
V2-D-175	V2	D	2	11	2	5	10	20	30	25	5	5	3	1	10	9	2	45	1	北海道	2	7	2	5	ok	0	4042	105	0	0	1662	86	2380	19
V2-D-176	V2	D	1	8	2	5	10	25	30	20	5	5	3	1	9	9	2	74	27	大阪府	2	8	2	1	ok	0	4026	105	0	0	1654	86	2372	19
V2-D-177	V2	D	2	11	2	5	10	20	30	25	5	5	3	1	10	9	2	51	1	北海道	2	4	6	3	ok	0	4020	105	0	0	1651	86	2369	19
V2-D-178	V2	D	2	11	2	5	10	20	30	25	5	5	3	1	10	9	1	37	11	埼玉県	2	8	2	2	ok	0	4036	105	0	0	1659	86	2377	19
V2-D-179	V2	D	2	11	2	5	10	20	30	25	5	5	3	1	10	9	1	57	27	大阪府	2	8	4	5	ok	0	4034	105	0	0	1658	86	2376	19
V2-D-180	V2	D	2	10	2	5	10	20	30	25	5	5	3	1	10	9	2	54	40	福岡県	2	8	2	5	ok	0	4034	105	0	0	1658	86	2376	19
V2-D-181	V2	D	2	10	2	5	10	25	30	20	5	5	3	1	10	9	1	64	13	東京都	2	1	6	1	ok	0	4018	105	0	0	1650	86	2368	19
V2-D-182	V2	D	2	10	2	5	10	20	30	25	5	5	3	1	10	9	1	74	23	愛知県	1	2	6	1	ok	0	4034	105	0	0	1658	86	2376	19
V2-D-183	V2	D	2	11	2	5	10	20	30	25	5	5	3	1	10	9	2	23	34	広島県	1	1	2	1	ok	0	4042	105	0	0	1662	86	2380	19
V2-D-184	V2	D	2	10	2	5	10	20	30	25	5	5	3	1	10	9	2	59	9	栃木県	2	1	2	5	ok	0	4032	105	0	0	1657	86	2375	19
V2-D-185	V2	D	2	11	2	5	10	20	30	25	5	5	3	1	10	9	2	28	27	大阪府	1	6	1	3	ok	0	4068	105	0	0	1675	86	2393	19
V2-D-186	V2	D	2	11	2	5	5	15	30	30	10	5	3	1	10	9	1	39	26	京都府	2	2	3	2	ok	0	4028	105	0	0	1655	86	2373	19
V2-D-187	V2	D	2	10	2	5	10	20	30	25	5	5	3	1	10	9	2	72	26	京都府	1	1	2	1	ok	0	4042	105	0	0	1662	86	2380	19
V2-D-188	V2	D	1	8	2	5	10	25	30	20	5	5	3	1	9	11	1	77	17	石川県	2	8	1	1	ok	0	4030	105	0	0	1656	86	2374	19
V2-D-189	V2	D	2	11	2	5	10	20	30	25	5	5	3	1	10	9	2	21	23	愛知県	1	8	4	2	ok	0	4054	105	0	0	1668	86	2386	19
V2-D-190	V2	D	2	10	2	5	10	20	30	25	5	5	3	1	10	9	1	74	35	山口県	2	1	2	2	ok	0	4030	105	0	0	1656	86	2374	19
V2-D-191	V2	D	2	11	2	5	10	20	30	25	7	3	3	1	10	9	2	45	13	東京都	2	1	5	2	ok	0	4030	105	0	0	1656	86	2374	19
V2-D-192	V2	D	2	11	2	5	10	20	30	25	7	3	3	1	10	9	2	40	14	神奈川県	2	7	6	6	ok	0	4042	105	0	0	1662	86	2380	19
V2-D-193	V2	D	2	11	2	5	5	20	35	25	5	5	3	1	10	9	2	31	12	千葉県	2	1	5	6	ok	0	4032	105	0	0	1657	86	2375	19
V2-D-194	V2	D	2	10	2	5	10	25	30	20	5	5	3	1	10	9	1	71	45	宮崎県	2	8	2	1	ok	0	4028	105	0	0	1655	86	2373	19
V2-D-195	V2	D	2	10	2	5	10	20	30	25	5	5	3	1	10	9	1	73	43	熊本県	2	8	1	1	ok	0	4032	105	0	0	1657	86	2375	19
V2-D-196	V2	D	2	10	2	5	10	20	30	25	5	5	3	1	10	9	1	53	21	岐阜県	1	8	1	1	ok	0	4054	105	0	0	1668	86	2386	19
V2-D-197	V2	D	2	10	2	5	5	20	35	25	5	5	3	1	10	9	1	48	13	東京都	1	1	6	5	ok	0	4046	105	0	0	1664	86	2382	19
V2-D-198	V2	D	2	10	2	5	10	20	30	25	5	5	3	1	10	9	2	56	14	神奈川県	1	7	2	3	ok	0	4066	105	0	0	1674	86	2392	19
V2-D-199	V2	D	2	11	2	5	10	20	30	25	5	5	3	1	11	9	2	97	9	栃木県	1	7	1	2	ok	0	4070	105	0	0	1676	86	2394	19
V2-D-200	V2	D	1	8	2	5	10	20	30	25	5	5	3	1	9	9	2	80	22	静岡県	1	8	2	1	ok	0	4046	105	0	0	1664	86	2382	19
V2-D-201	V2	D	2	11	2	5	10	20	30	25	5	5	3	1	10	9	1	38	14	神奈川県	1	6	2	3	ok	0	4064	105	0	0	1673	86	2391	19
V2-D-202	V2	D	2	10	2	5	10	25	30	20	5	5	3	1	10	9	1	76	14	神奈川県	2	1	6	2	ok	0	4030	105	0	0	1656	86	2374	19
V2-D-203	V2	D	1	8	2	5	10	25	30	20	5	5	3	1	10	9	2	76	13	東京都	2	7	2	3	ok	0	4042	105	0	0	1662	86	2380	19
V2-D-204	V2	D	1	8	2	5	10	25	30	20	5	5	3	1	9	9	2	62	13	東京都	2	8	2	1	ok	0	4024	105	0	0	1653	86	2371	19
V2-D-205	V2	D	2	11	2	5	10	20	30	25	5	5	3	1	10	9	1	55	14	神奈川県	2	1	4	2	ok	0	4034	105	0	0	1658	86	2376	19
V2-D-206	V2	D	2	11	2	5	10	20	30	25	5	5	3	1	10	9	2	80	31	鳥取県	1	8	2	4	ok	0	4056	105	0	0	1669	86	2387	19
V2-D-207	V2	D	2	11	2	5	10	25	30	20	5	5	3	1	10	9	1	68	12	千葉県	2	8	6	2	ok	0	4030	105	0	0	1656	86	2374	19
V2-D-208	V2	D	2	10	2	5	10	25	35	20	3	2	3	1	10	9	1	46	13	東京都	1	1	7	8	ok	0	4042	105	0	0	1662	86	2380	19
V2-D-209	V2	D	2	11	2	5	10	20	30	25	5	5	3	1	10	9	1	31	46	鹿児島県	2	7	2	6	ok	0	4048	105	0	0	1665	86	2383	19
V2-D-210	V2	D	2	10	2	5	10	25	30	20	5	5	3	1	10	9	1	46	40	福岡県	2	8	6	8	ok	0	4024	105	0	0	1653	86	2371	19
V2-D-211	V2	D	2	10	2	5	10	20	30	25	5	5	3	1	10	11	2	57	25	滋賀県	2	8	1	6	ok	0	4042	105	0	0	1662	86	2380	19
V2-D-212	V2	D	2	10	2	5	10	25	30	20	5	5	3	1	10	9	1	45	26	京都府	2	7	7	5	ok	0	4040	105	0	0	1661	86	2379	19
V2-D-213	V2	D	2	10	2	5	10	20	30	25	5	5	3	1	10	9	2	54	22	静岡県	2	8	6	1	ok	0	4022	105	0	0	1652	86	2370	19
V2-D-214	V2	D	2	11	2	5	10	25	30	20	5	5	3	1	10	9	2	55	22	静岡県	1	1	2	7	ok	0	4054	105	0	0	1668	86	2386	19
V2-D-215	V2	D	1	8	2	5	10	25	30	20	5	5	3	1	9	9	2	80	35	山口県	1	7	2	1	ok	0	4054	105	0	0	1668	86	2386	19
V2-D-216	V2	D	2	11	2	5	10	20	30	25	7	3	3	1	10	9	1	28	11	埼玉県	1	6	2	2	ok	0	4064	105	0	0	1673	86	2391	19
V2-D-217	V2	D	2	11	2	5	5	15	30	30	10	5	3	1	10	9	1	49	34	広島県	2	8	2	4	ok	0	4032	105	0	0	1657	86	2375	19
V2-D-218	V2	D	2	11	2	5	5	15	25	30	15	5	3	1	11	9	2	100	27	大阪府	1	1	1	1	ok	0	4050	105	0	0	1666	86	2384	19
V2-D-219	V2	D	2	10	2	5	10	20	35	20	5	5	3	1	10	9	2	52	13	東京都	2	6	6	6	ok	0	4036	105	0	0	1659	86	2377	19
V2-D-220	V2	D	2	10	2	5	10	25	30	20	5	5	3	1	10	9	1	28	13	東京都	1	1	6	2	ok	0	4046	105	0	0	1664	86	2382	19
V2-D-221	V2	D	1	8	2	5	10	25	30	20	5	5	3	1	9	9	2	72	12	千葉県	1	2	2	1	ok	0	4038	105	0	0	1660	86	2378	19
V2-D-222	V2	D	1	8	2	5	10	25	30	20	5	5	3	1	10	11	2	26	40	福岡県	1	7	6	1	ok	0	4050	103	0	0	1667	84	2383	19
V2-D-223	V2	D	2	11	2	5	10	20	30	25	5	5	3	1	10	9	2	95	9	栃木県	1	6	1	1	ok	0	4060	105	0	0	1671	86	2389	19
V2-D-224	V2	D	2	11	2	5	10	20	30	25	5	5	3	1	10	9	2	42	27	大阪府	1	1	5	2	ok	0	4052	105	0	0	1667	86	2385	19
V2-D-225	V2	D	2	10	2	5	10	25	30	20	5	5	3	1	10	9	2	24	14	神奈川県	1	8	4	1	ok	0	4048	105	0	0	1665	86	2383	19
V2-D-226	V2	D	2	10	2	5	10	20	30	25	5	5	3	1	10	9	2	78	23	愛知県	1	1	1	3	ok	0	4058	105	0	0	1670	86	2388	19
V2-D-227	V2	D	2	11	2	5	10	20	30	25	5	5	3	1	11	9	1	27	10	群馬県	2	8	2	2	ok	0	4034	105	0	0	1658	86	2376	19
V2-D-228	V2	D	2	11	2	5	10	20	30	25	5	5	3	1	10	9	1	73	22	静岡県	1	6	1	4	ok	0	4068	105	0	0	1675	86	2393	19
V2-D-229	V2	D	2	11	2	5	5	15	25	30	15	5	3	1	11	9	2	88	23	愛知県	1	8	2	4	ok	0	4054	105	0	0	1668	86	2386	19
V2-D-230	V2	D	2	11	2	5	10	20	30	25	5	5	3	1	10	9	2	74	13	東京都	1	2	5	2	ok	0	4044	105	0	0	1663	86	2381	19
V2-D-231	V2	D	2	11	2	5	5	15	25	30	15	5	3	1	11	9	1	88	44	大分県	1	7	1	1	ok	0	4060	105	0	0	1671	86	2389	19
V2-D-232	V2	D	2	11	2	5	10	20	30	25	5	5	3	1	10	9	1	44	14	神奈川県	2	7	4	5	ok	0	4046	105	0	0	1664	86	2382	19
V2-D-233	V2	D	2	10	2	5	10	20	30	25	7	3	3	1	10	9	2	52	23	愛知県	2	1	4	3	ok	0	4032	105	0	0	1657	86	2375	19
V2-D-234	V2	D	1	8	2	5	10	25	30	20	5	5	3	1	9	9	2	44	47	沖縄県	2	7	6	1	ok	0	4034	105	0	0	1658	86	2376	19
V2-D-235	V2	D	2	11	2	5	10	20	30	25	7	3	3	1	10	9	1	31	11	埼玉県	1	1	6	4	ok	0	4050	105	0	0	1666	86	2384	19
V2-D-236	V2	D	2	11	2	5	10	20	30	25	5	5	3	1	10	9	2	59	1	北海道	1	6	4	5	ok	0	4060	105	0	0	1671	86	2389	19
V2-D-237	V2	D	1	8	2	5	10	25	30	20	5	5	3	1	9	9	2	71	10	群馬県	1	1	1	1	ok	0	4050	105	0	0	1666	86	2384	19
V2-D-238	V2	D	2	11	2	5	10	20	30	25	5	5	3	1	10	9	1	74	13	東京都	1	1	6	4	ok	0	4046	105	0	0	1664	86	2382	19
V2-D-239	V2	D	2	11	2	5	10	25	30	20	5	5	3	1	11	9	1	27	11	埼玉県	1	6	6	1	ok	0	4052	105	0	0	1667	86	2385	19
V2-D-240	V2	D	2	11	2	5	5	15	30	30	10	5	3	1	10	9	1	68	46	鹿児島県	2	8	4	4	ok	0	4038	105	0	0	1660	86	2378	19
V2-D-241	V2	D	2	10	2	5	10	20	30	25	5	5	3	1	10	9	1	76	13	東京都	2	1	1	5	ok	0	4036	105	0	0	1659	86	2377	19
V2-D-242	V2	D	1	8	2	5	10	25	30	20	5	5	3	1	9	9	2	69	27	大阪府	2	8	2	1	ok	0	4026	105	0	0	1654	86	2372	19
V2-D-243	V2	D	2	11	2	5	10	20	30	25	5	5	3	1	10	9	2	29	14	神奈川県	2	7	2	1	ok	0	4038	105	0	0	1660	86	2378	19
V2-D-244	V2	D	1	8	2	5	10	25	30	20	5	5	3	1	9	9	2	25	11	埼玉県	1	6	2	1	ok	0	4056	105	0	0	1669	86	2387	19
V2-D-245	V2	D	2	10	2	5	10	25	30	20	5	5	3	1	10	9	2	28	27	大阪府	1	8	2	3	ok	0	4054	105	0	0	1668	86	2386	19
V2-D-246	V2	D	1	8	2	5	10	25	25	20	10	5	3	1	9	9	2	88	25	滋賀県	1	8	1	1	ok	0	4054	105	0	0	1668	86	2386	19
V2-D-247	V2	D	2	10	2	5	10	20	30	25	5	5	3	1	10	9	1	77	14	神奈川県	2	4	6	1	ok	0	4016	105	0	0	1649	86	2367	19
V2-D-248	V2	D	2	10	2	5	10	20	30	25	5	5	3	1	10	9	2	76	6	山形県	1	3	1	2	ok	0	4090	105	0	0	1686	86	2404	19
V2-D-249	V2	D	2	11	2	5	10	20	30	25	5	5	3	1	10	9	2	20	34	広島県	1	1	5	2	ok	0	4050	105	0	0	1666	86	2384	19
V2-D-250	V2	D	2	10	2	5	10	25	35	20	3	2	3	1	10	9	2	64	13	東京都	2	9	6	6	ok	0	4016	105	0	0	1649	86	2367	19
V3-A-001	V3	A	2	10	2	5	10	25	30	20	5	5			10	9	1	91	14	神奈川県	1	1	6	1	ok	0	3954	97	0	0	1678	86	2276	11
V3-A-002	V3	A	2	9	2	5	10	30	30	15	5	5			9	9	1	61	9	栃木県	1	1	2	6	ok	0	3966	97	0	0	1684	86	2282	11
V3-A-003	V3	A	2	9	2	5	10	30	30	15	5	5			9	11	2	26	12	千葉県	2	1	6	1	ok	0	3930	97	0	0	1666	86	2264	11
V3-A-004	V3	A	2	10	2	5	10	25	30	20	5	5			10	9	1	30	14	神奈川県	2	7	2	4	ok	0	3958	97	0	0	1680	86	2278	11
V3-A-005	V3	A	1	8	2	5	15	35	25	15	3	2			9	11	1	50	27	大阪府	1	2	4	2	ok	0	3956	97	0	0	1679	86	2277	11
V3-A-006	V3	A	2	10	2	5	10	25	30	20	5	5			10	9	2	59	40	福岡県	2	1	4	2	ok	0	3942	97	0	0	1672	86	2270	11
V3-A-007	V3	A	2	10	2	5	10	20	30	25	5	5			9	9	2	37	46	鹿児島県	1	7	6	4	ok	0	3982	97	0	0	1692	86	2290	11
V3-A-008	V3	A	2	10	2	5	10	25	30	20	5	5			10	9	1	43	14	神奈川県	2	1	2	2	ok	0	3946	97	0	0	1674	86	2272	11
V3-A-009	V3	A	2	10	2	5	10	20	30	25	5	5			9	9	2	83	7	福島県	1	6	2	1	ok	0	3954	97	0	0	1678	86	2276	11
V3-A-010	V3	A	2	10	2	5	10	20	30	20	10	5			10	9	2	96	46	鹿児島県	1	1	1	2	ok	0	3980	97	0	0	1691	86	2289	11
V3-A-011	V3	A	2	10	2	5	10	25	30	20	5	5			9	9	2	57	23	愛知県	1	7	2	4	ok	0	3976	97	0	0	1689	86	2287	11
V3-A-012	V3	A	2	10	2	5	10	25	35	15	5	5			10	9	1	25	14	神奈川県	1	6	2	4	ok	0	3976	97	0	0	1689	86	2287	11
V3-A-013	V3	A	2	10	2	5	10	25	35	15	5	5			9	9	1	59	23	愛知県	2	7	2	5	ok	0	3956	97	0	0	1679	86	2277	11
V3-A-014	V3	A	2	10	2	5	10	25	35	15	5	5			9	9	2	48	14	神奈川県	2	2	2	5	ok	0	3940	97	0	0	1671	86	2269	11
V3-A-015	V3	A	2	9	2	5	10	30	30	15	5	5			9	9	1	67	33	岡山県	1	8	2	2	ok	0	3960	97	0	0	1681	86	2279	11
V3-A-016	V3	A	2	9	2	5	10	30	30	15	5	5			9	11	2	34	13	東京都	2	8	6	4	ok	0	3938	97	0	0	1670	86	2268	11
V3-A-017	V3	A	2	9	2	5	10	30	30	15	5	5			9	9	1	86	27	大阪府	2	1	1	2	ok	0	3948	97	0	0	1675	86	2273	11
V3-A-018	V3	A	2	9	2	5	10	30	30	15	5	5			9	11	1	22	34	広島県	1	1	3	2	ok	0	3960	97	0	0	1681	86	2279	11
V3-A-019	V3	A	2	9	2	5	10	30	30	15	5	5			9	11	1	79	13	東京都	2	1	6	1	ok	0	3928	97	0	0	1665	86	2263	11
V3-A-020	V3	A	2	9	2	5	10	30	30	15	5	5			9	9	1	56	13	東京都	2	3	6	6	ok	0	3970	97	0	0	1686	86	2284	11
V3-A-021	V3	A	2	9	2	5	10	30	30	15	5	5			9	11	1	31	27	大阪府	1	8	6	4	ok	0	3960	97	0	0	1681	86	2279	11
V3-A-022	V3	A	1	9	2	5	10	30	30	15	5	5			9	11	2	84	1	北海道	2	1	1	1	ok	0	3936	97	0	0	1669	86	2267	11
V3-A-023	V3	A	1	9	2	5	10	35	30	15	3	2			9	11	2	52	26	京都府	2	9	6	1	ok	0	3914	97	0	0	1658	86	2256	11
V3-A-024	V3	A	1	8	2	10	15	30	25	15	3	2			9	11	2	73	22	静岡県	2	6	1	5	ok	0	3958	97	0	0	1680	86	2278	11
V3-A-025	V3	A	2	10	2	5	10	25	30	20	5	5			10	9	2	78	28	兵庫県	1	1	2	1	ok	0	3958	97	0	0	1680	86	2278	11
V3-A-026	V3	A	2	9	2	5	10	30	30	15	5	5			9	11	1	51	27	大阪府	1	6	6	5	ok	0	3968	97	0	0	1685	86	2283	11
V3-A-027	V3	A	2	10	2	5	10	25	30	20	5	5			10	9	2	35	25	滋賀県	2	8	5	4	ok	0	3946	97	0	0	1674	86	2272	11
V3-A-028	V3	A	1	8	2	10	15	30	25	15	3	2			8	11	1	86	8	茨城県	2	1	1	2	ok	0	3948	97	0	0	1675	86	2273	11
V3-A-029	V3	A	1	8	2	5	10	30	30	15	5	5			9	11	2	84	14	神奈川県	2	1	2	1	ok	0	3938	97	0	0	1670	86	2268	11
V3-A-030	V3	A	2	10	2	5	10	25	30	20	5	5			9	9	1	74	19	山梨県	2	2	6	1	ok	0	3924	97	0	0	1663	86	2261	11
V3-A-031	V3	A	2	9	2	5	10	30	30	15	5	5			9	9	1	48	12	千葉県	2	4	2	3	ok	0	3936	97	0	0	1669	86	2267	11
V3-A-032	V3	A	1	8	2	5	15	35	25	15	3	2			9	9	1	69	13	東京都	2	7	4	2	ok	0	3952	97	0	0	1677	86	2275	11
V3-A-033	V3	A	1	9	2	5	15	35	25	15	3	2			9	11	1	28	13	東京都	1	8	2	1	ok	0	3954	97	0	0	1678	86	2276	11
V3-A-034	V3	A	2	10	2	5	10	25	35	15	5	5			10	9	1	54	23	愛知県	1	7	3	5	ok	0	3980	97	0	0	1691	86	2289	11
V3-A-035	V3	A	2	9	2	5	10	30	30	15	5	5			9	9	2	22	11	埼玉県	1	7	6	5	ok	0	3976	97	0	0	1689	86	2287	11
V3-A-036	V3	A	2	9	2	5	10	30	30	15	5	5			9	9	1	76	27	大阪府	2	3	6	5	ok	0	3972	97	0	0	1687	86	2285	11
V3-A-037	V3	A	2	9	2	5	10	30	30	15	5	5			9	9	1	41	9	栃木県	1	1	2	5	ok	0	3966	97	0	0	1684	86	2282	11
V3-A-038	V3	A	2	10	2	5	10	25	30	20	5	5			10	11	1	22	14	神奈川県	1	1	4	1	ok	0	3958	97	0	0	1680	86	2278	11
V3-A-039	V3	A	2	9	2	5	10	30	30	15	5	5			9	9	1	80	27	大阪府	2	1	6	2	ok	0	3938	97	0	0	1670	86	2268	11
V3-A-040	V3	A	2	10	2	5	10	25	30	20	5	5			10	9	2	43	42	長崎県	2	8	2	2	ok	0	3944	97	0	0	1673	86	2271	11
V3-A-041	V3	A	2	10	2	5	10	30	30	15	5	5			9	11	1	67	23	愛知県	2	8	6	7	ok	0	3944	97	0	0	1673	86	2271	11
V3-A-042	V3	A	2	9	2	5	10	30	30	15	5	5			9	11	1	43	12	千葉県	2	7	4	6	ok	0	3954	97	0	0	1678	86	2276	11
V3-A-043	V3	A	2	10	2	5	10	25	30	20	5	5			10	9	1	71	23	愛知県	2	7	2	7	ok	0	3958	97	0	0	1680	86	2278	11
V3-A-044	V3	A	2	9	2	5	10	25	30	20	5	5			9	11	1	69	12	千葉県	2	7	1	4	ok	0	3960	97	0	0	1681	86	2279	11
V3-A-045	V3	A	2	10	2	5	10	25	30	20	5	5			9	9	2	53	20	長野県	2	1	2	1	ok	0	3924	97	0	0	1663	86	2261	11
V3-A-046	V3	A	2	9	2	5	10	25	30	20	5	5			9	9	2	39	11	埼玉県	2	8	3	5	ok	0	3954	97	0	0	1678	86	2276	11
V3-A-047	V3	A	2	9	2	5	10	25	30	20	5	5			9	9	2	95	27	大阪府	1	7	1	8	ok	0	3974	97	0	0	1688	86	2286	11
V3-A-048	V3	A	1	8	2	5	10	30	30	15	5	5			9	9	1	78	11	埼玉県	2	2	1	2	ok	0	3948	97	0	0	1675	86	2273	11
V3-A-049	V3	A	2	9	2	5	10	30	30	15	5	5			9	11	1	53	11	埼玉県	2	7	1	7	ok	0	3968	97	0	0	1685	86	2283	11
V3-A-050	V3	A	2	9	2	5	10	30	30	15	5	5			9	9	1	59	4	宮城県	2	3	2	5	ok	0	3976	97	0	0	1689	86	2287	11
V3-A-051	V3	A	1	8	2	5	15	40	25	10	3	2			9	11	1	75	13	東京都	2	8	6	1	ok	0	3928	95	0	0	1666	84	2262	11
V3-A-052	V3	A	1	9	2	5	10	30	30	15	5	5			9	11	2	77	13	東京都	1	1	1	3	ok	0	3964	95	0	0	1684	84	2280	11
V3-A-053	V3	A	1	8	2	5	10	25	30	20	5	5			9	9	2	93	23	愛知県	1	6	1	1	ok	0	3972	97	0	0	1687	86	2285	11
V3-A-054	V3	A	2	9	2	5	10	30	30	15	5	5			9	11	1	50	13	東京都	2	7	6	6	ok	0	3948	97	0	0	1675	86	2273	11
V3-A-055	V3	A	1	9	2	5	10	30	30	15	5	5			9	11	2	85	11	埼玉県	1	8	2	1	ok	0	3962	97	0	0	1682	86	2280	11
V3-A-056	V3	A	2	9	2	5	10	30	30	15	5	5			9	9	1	55	11	埼玉県	1	1	2	6	ok	0	3968	97	0	0	1685	86	2283	11
V3-A-057	V3	A	1	9	2	5	15	35	25	15	3	2			9	11	1	81	1	北海道	2	8	2	4	ok	0	3940	97	0	0	1671	86	2269	11
V3-A-058	V3	A	2	10	2	5	10	25	30	20	5	5			10	9	2	70	31	鳥取県	1	7	2	2	ok	0	3980	97	0	0	1691	86	2289	11
V3-A-059	V3	A	1	8	2	10	15	30	25	15	3	2			8	11	2	71	14	神奈川県	1	6	5	1	ok	0	3968	97	0	0	1685	86	2283	11
V3-A-060	V3	A	1	8	2	5	15	35	25	15	3	2			9	11	1	54	22	静岡県	1	7	1	4	ok	0	3980	97	0	0	1691	86	2289	11
V3-A-061	V3	A	2	9	2	5	10	30	30	15	5	5			9	9	1	39	1	北海道	1	6	2	5	ok	0	3968	97	0	0	1685	86	2283	11
V3-A-062	V3	A	1	9	2	5	15	30	25	15	5	5			9	11	1	80	11	埼玉県	2	8	1	2	ok	0	3954	95	0	0	1679	84	2275	11
V3-A-063	V3	A	1	8	2	10	15	30	25	15	3	2			9	11	1	25	22	静岡県	1	1	2	1	ok	0	3954	97	0	0	1678	86	2276	11
V3-A-064	V3	A	1	8	2	5	15	35	25	15	3	2			9	11	2	63	13	東京都	2	1	6	2	ok	0	3936	97	0	0	1669	86	2267	11
V3-A-065	V3	A	2	10	2	5	10	25	30	20	5	5			10	9	2	56	15	新潟県	1	8	2	4	ok	0	3960	97	0	0	1681	86	2279	11
V3-A-066	V3	A	2	10	2	5	10	25	30	20	5	5			10	9	1	67	30	和歌山県	1	1	1	4	ok	0	3974	97	0	0	1688	86	2286	11
V3-A-067	V3	A	1	7	2	10	15	30	25	15	3	2			8	9	2	60	2	青森県	2	4	2	1	ok	0	3920	95	0	0	1662	84	2258	11
V3-A-068	V3	A	1	9	2	5	10	30	30	15	5	5			9	11	1	77	27	大阪府	2	6	6	3	ok	0	3948	97	0	0	1675	86	2273	11
V3-A-069	V3	A	1	9	2	5	15	30	25	15	5	5			9	9	2	87	9	栃木県	1	8	1	1	ok	0	3966	97	0	0	1684	86	2282	11
V3-A-070	V3	A	1	9	2	5	15	40	25	10	3	2			9	11	2	66	13	東京都	2	6	6	5	ok	0	3946	97	0	0	1674	86	2272	11
V3-A-071	V3	A	1	8	2	5	10	30	30	15	5	5			9	9	2	78	16	富山県	1	6	1	1	ok	0	3960	97	0	0	1681	86	2279	11
V3-A-072	V3	A	1	9	2	10	15	30	25	15	3	2			9	9	2	84	27	大阪府	1	6	1	6	ok	0	3978	97	0	0	1690	86	2288	11
V3-A-073	V3	A	2	10	2	5	10	25	30	20	7	3			10	9	1	40	14	神奈川県	2	7	6	6	ok	0	3954	97	0	0	1678	86	2276	11
V3-A-074	V3	A	2	10	2	5	10	25	30	20	5	5			10	9	2	49	28	兵庫県	1	6	2	6	ok	0	3976	97	0	0	1689	86	2287	11
V3-A-075	V3	A	2	10	2	5	10	25	30	20	5	5			9	9	1	29	14	神奈川県	1	6	2	1	ok	0	3968	97	0	0	1685	86	2283	11
V3-A-076	V3	A	2	9	2	5	10	30	30	15	5	5			9	11	1	50	13	東京都	2	4	6	6	ok	0	3930	97	0	0	1666	86	2264	11
V3-A-077	V3	A	1	8	2	5	10	30	30	15	5	5			9	9	2	59	27	大阪府	2	6	2	2	ok	0	3952	97	0	0	1677	86	2275	11
V3-A-078	V3	A	2	10	2	5	10	25	35	15	5	5			10	9	2	55	40	福岡県	2	2	6	6	ok	0	3932	97	0	0	1667	86	2265	11
V3-A-079	V3	A	2	9	2	5	10	30	30	15	5	5			9	9	1	40	22	静岡県	1	1	2	7	ok	0	3964	97	0	0	1683	86	2281	11
V3-A-080	V3	A	2	9	2	5	10	30	30	15	5	5			9	9	2	92	38	愛媛県	1	1	1	2	ok	0	3966	97	0	0	1684	86	2282	11
V3-A-081	V3	A	1	8	2	5	10	30	30	15	5	5			9	11	2	68	1	北海道	2	3	2	5	ok	0	3970	95	0	0	1687	84	2283	11
V3-A-082	V3	A	2	10	2	5	10	25	30	20	5	5			10	9	2	42	14	神奈川県	2	8	5	1	ok	0	3940	97	0	0	1671	86	2269	11
V3-A-083	V3	A	1	8	2	10	15	30	25	15	3	2			9	9	2	36	11	埼玉県	1	7	2	1	ok	0	3972	97	0	0	1687	86	2285	11
V3-A-084	V3	A	2	9	2	5	10	30	30	15	5	5			9	11	1	59	12	千葉県	2	1	6	1	ok	0	3930	97	0	0	1666	86	2264	11
V3-A-085	V3	A	1	8	2	10	15	30	25	15	3	2			8	11	2	65	1	北海道	2	8	2	1	ok	0	3932	97	0	0	1667	86	2265	11
V3-A-086	V3	A	2	9	2	5	10	30	30	15	5	5			9	11	1	31	13	東京都	2	7	6	5	ok	0	3948	97	0	0	1675	86	2273	11
V3-A-087	V3	A	2	9	2	5	10	30	30	15	5	5			9	9	1	72	13	東京都	2	1	2	3	ok	0	3940	97	0	0	1671	86	2269	11
V3-A-088	V3	A	1	9	2	5	15	35	25	15	3	2			9	11	2	27	13	東京都	1	6	2	5	ok	0	3970	97	0	0	1686	86	2284	11
V3-A-089	V3	A	2	10	2	5	10	25	30	20	5	5			9	9	2	45	14	神奈川県	2	7	6	4	ok	0	3954	97	0	0	1678	86	2276	11
V3-A-090	V3	A	2	10	2	5	10	25	30	20	5	5			10	9	2	82	23	愛知県	1	1	1	1	ok	0	3962	97	0	0	1682	86	2280	11
V3-A-091	V3	A	1	8	2	5	15	35	25	15	3	2			9	11	2	35	13	東京都	1	8	6	2	ok	0	3958	97	0	0	1680	86	2278	11
V3-A-092	V3	A	2	9	2	5	10	30	30	15	5	5			9	9	2	95	38	愛媛県	1	1	2	2	ok	0	3960	97	0	0	1681	86	2279	11
V3-A-093	V3	A	2	9	2	5	10	30	30	15	5	5			9	9	2	48	12	千葉県	2	3	2	8	ok	0	3970	97	0	0	1686	86	2284	11
V3-A-094	V3	A	2	9	2	5	10	30	30	15	5	5			9	9	2	27	11	埼玉県	2	1	5	2	ok	0	3948	97	0	0	1675	86	2273	11
V3-A-095	V3	A	1	8	2	5	15	35	25	15	3	2			9	11	1	64	13	東京都	1	8	4	3	ok	0	3962	97	0	0	1682	86	2280	11
V3-A-096	V3	A	1	8	2	5	10	30	30	15	5	5			9	11	2	66	27	大阪府	2	7	4	2	ok	0	3954	97	0	0	1678	86	2276	11
V3-A-097	V3	A	2	9	2	5	10	30	30	15	5	5			9	9	1	23	13	東京都	1	8	6	1	ok	0	3950	97	0	0	1676	86	2274	11
V3-A-098	V3	A	2	9	2	5	10	30	30	15	5	5			9	9	1	52	12	千葉県	2	8	6	2	ok	0	3940	97	0	0	1671	86	2269	11
V3-A-099	V3	A	2	9	2	5	10	30	30	15	5	5			9	9	1	25	26	京都府	1	1	6	2	ok	0	3952	97	0	0	1677	86	2275	11
V3-A-100	V3	A	1	8	2	5	15	35	25	15	3	2			9	9	2	37	27	大阪府	2	7	5	4	ok	0	3954	97	0	0	1678	86	2276	11
V3-A-101	V3	A	2	10	2	5	10	25	30	20	5	5			10	9	1	74	14	神奈川県	2	1	6	4	ok	0	3942	97	0	0	1672	86	2270	11
V3-A-102	V3	A	2	10	2	5	10	25	30	20	5	5			10	9	2	37	29	奈良県	2	8	2	4	ok	0	3944	97	0	0	1673	86	2271	11
V3-A-103	V3	A	1	8	2	10	15	30	25	15	3	2			9	11	2	78	45	宮崎県	1	1	1	1	ok	0	3966	97	0	0	1684	86	2282	11
V3-A-104	V3	A	1	8	2	10	15	35	20	10	5	5			8	11	1	42	8	茨城県	2	1	1	4	ok	0	3948	97	0	0	1675	86	2273	11
V3-A-105	V3	A	1	8	2	10	15	30	20	15	5	5			8	9	2	72	1	北海道	2	1	1	1	ok	0	3936	97	0	0	1669	86	2267	11
V3-A-106	V3	A	2	9	2	5	10	30	30	15	5	5			9	11	2	55	4	宮城県	2	1	2	6	ok	0	3942	97	0	0	1672	86	2270	11
V3-A-107	V3	A	2	9	2	5	10	30	30	15	5	5			9	11	1	50	27	大阪府	2	7	2	6	ok	0	3954	97	0	0	1678	86	2276	11
V3-A-108	V3	A	2	10	2	5	10	25	30	20	5	5			10	9	1	31	14	神奈川県	1	1	6	2	ok	0	3962	97	0	0	1682	86	2280	11
V3-A-109	V3	A	1	9	2	5	10	30	30	15	5	5			9	11	1	82	13	東京都	2	8	1	2	ok	0	3948	97	0	0	1675	86	2273	11
V3-A-110	V3	A	2	10	2	5	10	25	35	20	3	2			9	9	1	65	23	愛知県	2	2	2	4	ok	0	3938	97	0	0	1670	86	2268	11
V3-A-111	V3	A	1	8	2	5	15	35	25	15	3	2			9	11	1	43	27	大阪府	1	7	6	1	ok	0	3962	97	0	0	1682	86	2280	11
V3-A-112	V3	A	2	9	2	5	10	25	35	15	5	5			9	9	1	57	4	宮城県	2	1	6	4	ok	0	3938	97	0	0	1670	86	2268	11
V3-A-113	V3	A	2	9	2	5	10	30	30	15	5	5			9	9	1	58	14	神奈川県	1	8	6	1	ok	0	3956	97	0	0	1679	86	2277	11
V3-A-114	V3	A	2	9	2	5	10	30	30	15	5	5			9	9	1	49	1	北海道	1	1	6	6	ok	0	3954	97	0	0	1678	86	2276	11
V3-A-115	V3	A	2	10	2	5	10	25	30	20	5	5			10	9	1	71	40	福岡県	2	1	6	4	ok	0	3938	97	0	0	1670	86	2268	11
V3-A-116	V3	A	1	8	2	5	10	25	30	20	5	5			9	11	2	80	23	愛知県	1	1	2	1	ok	0	3956	97	0	0	1679	86	2277	11
V3-A-117	V3	A	1	9	2	5	15	35	25	15	3	2			9	11	1	25	26	京都府	2	6	1	2	ok	0	3952	97	0	0	1677	86	2275	11
V3-A-118	V3	A	2	10	2	5	10	20	30	25	5	5			10	9	2	94	10	群馬県	1	8	1	3	ok	0	3970	97	0	0	1686	86	2284	11
V3-A-119	V3	A	1	8	2	5	10	30	30	15	5	5			8	9	2	88	8	茨城県	1	3	2	1	ok	0	3988	97	0	0	1695	86	2293	11
V3-A-120	V3	A	1	9	2	5	15	35	25	15	3	2			9	11	1	70	27	大阪府	2	2	2	2	ok	0	3936	97	0	0	1669	86	2267	11
V3-A-121	V3	A	1	8	2	5	15	35	25	15	3	2			9	11	2	46	40	福岡県	2	2	4	1	ok	0	3926	95	0	0	1665	84	2261	11
V3-A-122	V3	A	1	8	2	10	15	30	25	15	3	2			8	11	1	73	11	埼玉県	2	6	1	1	ok	0	3956	97	0	0	1679	86	2277	11
V3-A-123	V3	A	2	10	2	5	10	25	35	15	5	5			10	9	1	45	28	兵庫県	2	8	6	7	ok	0	3946	97	0	0	1674	86	2272	11
V3-A-124	V3	A	1	8	2	5	10	25	30	20	5	5			9	9	2	85	43	熊本県	1	9	2	2	ok	0	3952	97	0	0	1677	86	2275	11
V3-A-125	V3	A	2	10	2	5	10	25	30	20	5	5			9	11	1	41	23	愛知県	1	1	1	5	ok	0	3970	97	0	0	1686	86	2284	11
V3-A-126	V3	A	2	10	2	5	10	20	30	25	5	5			10	9	2	88	25	滋賀県	1	8	1	6	ok	0	3972	97	0	0	1687	86	2285	11
V3-A-127	V3	A	1	9	2	10	15	30	25	15	3	2			9	11	1	30	12	千葉県	2	6	2	1	ok	0	3944	97	0	0	1673	86	2271	11
V3-A-128	V3	A	2	10	2	5	10	25	35	15	5	5			10	9	2	64	28	兵庫県	2	1	6	7	ok	0	3944	97	0	0	1673	86	2271	11
V3-A-129	V3	A	1	8	2	5	10	30	30	15	5	5			9	11	2	89	14	神奈川県	1	7	2	3	ok	0	3978	97	0	0	1690	86	2288	11
V3-A-130	V3	A	2	9	2	5	10	25	30	20	5	5			9	9	2	32	16	富山県	1	1	2	4	ok	0	3952	97	0	0	1677	86	2275	11
V3-A-131	V3	A	2	9	2	5	10	30	30	15	5	5			9	9	1	45	13	東京都	2	2	2	5	ok	0	3934	97	0	0	1668	86	2266	11
V3-A-132	V3	A	2	10	2	5	10	25	30	20	5	5			10	9	1	51	30	和歌山県	2	8	4	2	ok	0	3950	97	0	0	1676	86	2274	11
V3-A-133	V3	A	2	9	2	5	10	30	30	15	5	5			9	9	2	63	11	埼玉県	2	8	2	4	ok	0	3950	97	0	0	1676	86	2274	11
V3-A-134	V3	A	1	8	2	5	15	35	25	15	3	2			9	11	2	74	13	東京都	2	7	2	1	ok	0	3944	97	0	0	1673	86	2271	11
V3-A-135	V3	A	1	8	2	5	10	35	25	15	5	5			9	11	2	65	18	福井県	2	1	2	1	ok	0	3928	97	0	0	1665	86	2263	11
V3-A-136	V3	A	2	10	2	5	10	25	30	20	5	5			10	9	1	69	25	滋賀県	1	8	2	2	ok	0	3966	97	0	0	1684	86	2282	11
V3-A-137	V3	A	1	8	2	5	10	30	30	15	5	5			9	11	2	81	11	埼玉県	1	1	2	1	ok	0	3960	97	0	0	1681	86	2279	11
V3-A-138	V3	A	2	9	2	5	10	30	30	15	5	5			9	11	1	30	13	東京都	2	2	6	5	ok	0	3928	95	0	0	1666	84	2262	11
V3-A-139	V3	A	2	9	2	5	10	30	30	15	5	5			9	11	1	67	13	東京都	2	1	6	3	ok	0	3936	97	0	0	1669	86	2267	11
V3-A-140	V3	A	1	8	2	5	10	30	30	15	5	5			9	11	1	27	11	埼玉県	1	7	6	1	ok	0	3968	97	0	0	1685	86	2283	11
V3-A-141	V3	A	1	8	2	10	15	30	25	10	5	5			9	11	2	26	11	埼玉県	1	7	6	1	ok	0	3966	95	0	0	1685	84	2281	11
V3-A-142	V3	A	2	9	2	5	10	35	30	15	3	2			9	11	1	54	13	東京都	2	3	7	4	ok	0	3972	97	0	0	1687	86	2285	11
V3-A-143	V3	A	1	8	2	5	15	35	25	15	3	2			9	11	1	60	28	兵庫県	2	8	2	1	ok	0	3938	95	0	0	1671	84	2267	11
V3-A-144	V3	A	2	10	2	5	10	20	30	20	10	5			10	9	2	93	28	兵庫県	1	1	2	2	ok	0	3966	97	0	0	1684	86	2282	11
V3-A-145	V3	A	2	9	2	5	10	35	30	15	3	2			9	9	1	44	13	東京都	2	8	2	7	ok	0	3944	97	0	0	1673	86	2271	11
V3-A-146	V3	A	2	10	2	5	10	25	30	20	5	5			9	9	1	46	14	神奈川県	2	7	6	3	ok	0	3954	97	0	0	1678	86	2276	11
V3-A-147	V3	A	2	10	2	5	10	25	35	15	5	5			10	9	1	33	28	兵庫県	2	1	2	5	ok	0	3946	97	0	0	1674	86	2272	11
V3-A-148	V3	A	2	9	2	5	10	30	30	15	5	5			9	9	2	53	11	埼玉県	2	7	2	8	ok	0	3954	97	0	0	1678	86	2276	11
V3-A-149	V3	A	2	9	2	5	10	25	30	20	5	5			9	9	1	37	11	埼玉県	2	8	2	4	ok	0	3950	97	0	0	1676	86	2274	11
V3-A-150	V3	A	1	8	2	5	10	30	30	15	5	5			9	11	1	54	11	埼玉県	2	8	2	5	ok	0	3950	97	0	0	1676	86	2274	11
V3-A-151	V3	A	2	10	2	5	10	25	30	20	5	5			10	11	2	31	7	福島県	2	2	2	5	ok	0	3926	97	0	0	1664	86	2262	11
V3-A-152	V3	A	2	9	2	5	10	30	30	15	5	5			9	9	1	39	11	埼玉県	2	6	4	4	ok	0	3958	97	0	0	1680	86	2278	11
V3-A-153	V3	A	2	9	2	5	10	30	30	15	5	5			9	11	1	64	11	埼玉県	2	1	6	4	ok	0	3944	97	0	0	1673	86	2271	11
V3-A-154	V3	A	2	9	2	5	10	30	30	15	5	5			9	9	1	32	12	千葉県	1	6	6	4	ok	0	3968	97	0	0	1685	86	2283	11
V3-A-155	V3	A	2	10	2	5	10	25	30	20	5	5			10	9	1	55	40	福岡県	2	1	2	3	ok	0	3942	97	0	0	1672	86	2270	11
V3-A-156	V3	A	1	8	2	5	15	35	25	15	3	2			9	11	1	36	13	東京都	1	1	6	1	ok	0	3948	97	0	0	1675	86	2273	11
V3-A-157	V3	A	1	9	2	5	15	35	25	15	3	2			9	11	2	38	27	大阪府	2	1	2	4	ok	0	3942	97	0	0	1672	86	2270	11
V3-A-158	V3	A	2	9	2	5	10	30	30	15	5	5			9	9	1	55	1	北海道	1	7	2	4	ok	0	3970	97	0	0	1686	86	2284	11
V3-A-159	V3	A	2	9	2	5	10	30	30	15	5	5			9	9	1	42	11	埼玉県	2	6	6	3	ok	0	3954	97	0	0	1678	86	2276	11
V3-A-160	V3	A	1	8	2	5	15	30	25	15	5	5			9	11	2	73	27	大阪府	1	2	2	2	ok	0	3956	97	0	0	1679	86	2277	11
V3-A-161	V3	A	2	10	2	5	10	25	35	15	5	5			10	9	2	28	40	福岡県	1	1	5	4	ok	0	3962	97	0	0	1682	86	2280	11
V3-A-162	V3	A	2	9	2	5	10	30	30	15	5	5			9	11	2	42	4	宮城県	2	6	2	7	ok	0	3954	97	0	0	1678	86	2276	11
V3-A-163	V3	A	2	10	2	5	10	20	30	25	5	5			10	9	1	76	31	鳥取県	2	7	6	3	ok	0	3956	97	0	0	1679	86	2277	11
V3-A-164	V3	A	1	9	2	5	15	40	20	10	5	5			9	11	2	84	13	東京都	1	1	2	2	ok	0	3960	97	0	0	1681	86	2279	11
V3-A-165	V3	A	1	9	2	5	15	35	25	15	3	2			9	11	2	74	1	北海道	2	8	2	2	ok	0	3940	97	0	0	1671	86	2269	11
V3-A-166	V3	A	1	8	2	10	15	30	25	15	3	2			8	11	2	87	38	愛媛県	2	6	2	2	ok	0	3950	97	0	0	1676	86	2274	11
V3-A-167	V3	A	2	10	2	5	10	25	30	20	5	5			9	9	2	65	14	神奈川県	2	8	5	5	ok	0	3948	97	0	0	1675	86	2273	11
V3-A-168	V3	A	2	9	2	5	10	25	35	15	5	5			9	11	2	53	20	長野県	1	1	2	6	ok	0	3952	97	0	0	1677	86	2275	11
V3-A-169	V3	A	1	8	2	5	10	30	30	15	5	5			9	11	2	54	11	埼玉県	1	6	6	6	ok	0	3972	95	0	0	1688	84	2284	11
V3-A-170	V3	A	1	8	2	5	10	30	30	15	5	5			9	11	2	74	12	千葉県	2	2	2	4	ok	0	3936	97	0	0	1669	86	2267	11
V3-A-171	V3	A	2	10	2	5	10	25	30	20	5	5			10	9	1	21	14	神奈川県	1	8	2	1	ok	0	3960	97	0	0	1681	86	2279	11
V3-A-172	V3	A	1	8	2	5	15	35	25	15	3	2			9	11	2	50	13	東京都	2	7	2	4	ok	0	3952	97	0	0	1677	86	2275	11
V3-A-173	V3	A	1	8	2	5	10	25	30	20	5	5			9	9	2	73	29	奈良県	2	7	2	4	ok	0	3954	97	0	0	1678	86	2276	11
V3-A-174	V3	A	2	10	2	5	10	25	30	20	5	5			9	9	2	31	14	神奈川県	1	7	5	2	ok	0	3978	97	0	0	1690	86	2288	11
V3-A-175	V3	A	1	8	2	5	10	30	30	15	5	5			9	9	2	57	23	愛知県	2	1	4	2	ok	0	3944	97	0	0	1673	86	2271	11
V3-A-176	V3	A	1	8	2	5	10	30	30	15	5	5			9	11	2	64	35	山口県	2	8	2	1	ok	0	3926	97	0	0	1664	86	2262	11
V3-A-177	V3	A	2	10	2	5	10	25	30	20	5	5			10	9	2	66	42	長崎県	2	2	2	3	ok	0	3936	97	0	0	1669	86	2267	11
V3-A-178	V3	A	1	8	2	5	10	30	30	15	5	5			9	11	1	48	27	大阪府	2	8	4	3	ok	0	3944	97	0	0	1673	86	2271	11
V3-A-179	V3	A	1	8	2	5	15	35	25	15	3	2			9	11	2	61	34	広島県	2	7	5	2	ok	0	3946	95	0	0	1675	84	2271	11
V3-A-180	V3	A	2	10	2	5	10	25	35	15	5	5			9	11	1	48	14	神奈川県	2	1	6	1	ok	0	3934	97	0	0	1668	86	2266	11
V3-A-181	V3	A	1	8	2	5	10	30	30	15	5	5			9	11	1	49	22	静岡県	2	7	1	5	ok	0	3960	97	0	0	1681	86	2279	11
V3-A-182	V3	A	1	8	2	10	15	30	25	15	3	2			9	9	2	61	27	大阪府	1	8	2	1	ok	0	3954	95	0	0	1679	84	2275	11
V3-A-183	V3	A	2	9	2	5	10	30	30	15	5	5			9	11	1	69	27	大阪府	2	6	6	2	ok	0	3948	97	0	0	1675	86	2273	11
V3-A-184	V3	A	2	10	2	5	10	25	35	15	5	5			9	9	2	36	14	神奈川県	2	1	5	5	ok	0	3946	97	0	0	1674	86	2272	11
V3-A-185	V3	A	2	9	2	5	10	30	30	15	5	5			9	9	1	69	27	大阪府	1	1	2	6	ok	0	3962	97	0	0	1682	86	2280	11
V3-A-186	V3	A	2	9	2	5	10	30	30	15	5	5			9	9	2	42	21	岐阜県	2	7	6	5	ok	0	3956	97	0	0	1679	86	2277	11
V3-A-187	V3	A	2	9	2	5	10	30	30	15	5	5			9	9	2	55	39	高知県	1	6	2	4	ok	0	3966	97	0	0	1684	86	2282	11
V3-A-188	V3	A	2	8	2	5	10	30	30	15	5	5			9	9	1	22	8	茨城県	1	6	4	2	ok	0	3972	97	0	0	1687	86	2285	11
V3-A-189	V3	A	2	10	2	5	10	25	30	20	5	5			10	9	2	20	20	長野県	1	1	6	4	ok	0	3948	97	0	0	1675	86	2273	11
V3-A-190	V3	A	2	10	2	5	10	20	30	25	5	5			10	9	1	83	15	新潟県	1	7	2	1	ok	0	3962	97	0	0	1682	86	2280	11
V3-A-191	V3	A	1	8	2	5	10	25	30	20	5	5			9	11	2	73	40	福岡県	2	1	2	1	ok	0	3934	97	0	0	1668	86	2266	11
V3-A-192	V3	A	2	9	2	5	10	30	30	15	5	5			9	9	2	37	1	北海道	1	7	6	8	ok	0	3960	97	0	0	1681	86	2279	11
V3-A-193	V3	A	1	8	2	5	15	30	25	15	5	5			9	11	1	39	12	千葉県	1	7	6	1	ok	0	3962	97	0	0	1682	86	2280	11
V3-A-194	V3	A	2	9	2	5	10	25	30	20	5	5			9	9	1	46	9	栃木県	2	8	2	1	ok	0	3940	97	0	0	1671	86	2269	11
V3-A-195	V3	A	1	8	2	5	15	35	25	15	3	2			9	9	1	76	22	静岡県	2	7	1	2	ok	0	3960	97	0	0	1681	86	2279	11
V3-A-196	V3	A	2	10	2	5	10	25	30	20	5	5			10	9	2	84	28	兵庫県	1	1	2	3	ok	0	3966	97	0	0	1684	86	2282	11
V3-A-197	V3	A	1	8	2	5	10	30	30	15	5	5			9	11	2	60	14	神奈川県	2	7	2	5	ok	0	3958	97	0	0	1680	86	2278	11
V3-A-198	V3	A	1	9	2	5	15	35	25	15	3	2			9	11	2	28	13	東京都	2	1	6	2	ok	0	3936	97	0	0	1669	86	2267	11
V3-A-199	V3	A	2	10	2	5	10	25	30	20	5	5			9	11	2	33	28	兵庫県	1	7	2	3	ok	0	3978	97	0	0	1690	86	2288	11
V3-A-200	V3	A	2	9	2	5	10	30	30	15	5	5			9	11	2	41	27	大阪府	1	8	4	5	ok	0	3964	97	0	0	1683	86	2281	11
V3-A-201	V3	A	1	9	2	5	15	30	25	15	5	5			9	11	2	50	12	千葉県	2	6	2	5	ok	0	3952	97	0	0	1677	86	2275	11
V3-A-202	V3	A	2	9	2	5	10	30	30	15	5	5			9	9	1	20	27	大阪府	1	1	6	1	ok	0	3950	97	0	0	1676	86	2274	11
V3-A-203	V3	A	1	9	2	5	10	30	30	15	5	5			9	9	1	89	13	東京都	2	8	1	1	ok	0	3940	97	0	0	1671	86	2269	11
V3-A-204	V3	A	1	8	2	5	10	25	30	20	5	5			9	11	2	76	37	香川県	2	7	1	1	ok	0	3946	97	0	0	1674	86	2272	11
V3-A-205	V3	A	1	8	2	5	15	35	25	15	3	2			9	11	1	39	13	東京都	2	1	6	1	ok	0	3928	97	0	0	1665	86	2263	11
V3-A-206	V3	A	2	10	2	5	10	20	30	25	5	5			10	9	2	39	15	新潟県	2	1	2	2	ok	0	3938	97	0	0	1670	86	2268	11
V3-A-207	V3	A	2	9	2	5	10	25	30	20	5	5			9	9	1	47	11	埼玉県	2	8	2	4	ok	0	3950	97	0	0	1676	86	2274	11
V3-A-208	V3	A	1	9	2	5	15	35	25	15	3	2			9	11	2	83	13	東京都	1	1	2	1	ok	0	3952	97	0	0	1677	86	2275	11
V3-A-209	V3	A	1	8	2	10	20	30	20	10	5	5			8	9	2	80	1	北海道	1	7	1	2	ok	0	3974	95	0	0	1689	84	2285	11
V3-A-210	V3	A	2	9	2	5	10	30	30	15	5	5			9	9	1	54	21	岐阜県	2	8	6	8	ok	0	3940	97	0	0	1671	86	2269	11
V3-A-211	V3	A	2	9	2	5	10	30	30	15	5	5			9	11	2	41	34	広島県	2	8	5	5	ok	0	3938	97	0	0	1670	86	2268	11
V3-A-212	V3	A	2	10	2	5	10	25	30	20	5	5			9	9	1	71	14	神奈川県	2	2	2	4	ok	0	3940	97	0	0	1671	86	2269	11
V3-A-213	V3	A	2	9	2	5	10	30	30	15	5	5			9	11	1	76	13	東京都	1	1	7	1	ok	0	3950	97	0	0	1676	86	2274	11
V3-A-214	V3	A	2	10	2	5	10	25	35	15	5	5			9	9	2	51	14	神奈川県	2	3	4	6	ok	0	3980	97	0	0	1691	86	2289	11
V3-A-215	V3	A	1	8	2	10	15	30	25	15	3	2			8	11	2	29	27	大阪府	1	8	1	1	ok	0	3962	97	0	0	1682	86	2280	11
V3-A-216	V3	A	1	8	2	5	15	35	25	15	3	2			9	11	2	62	13	東京都	2	1	4	1	ok	0	3932	97	0	0	1667	86	2265	11
V3-A-217	V3	A	1	9	2	5	15	40	25	10	3	2			9	11	1	25	13	東京都	1	8	6	2	ok	0	3958	97	0	0	1680	86	2278	11
V3-A-218	V3	A	1	8	2	5	10	30	30	15	5	5			9	11	2	37	12	千葉県	2	1	5	3	ok	0	3942	97	0	0	1672	86	2270	11
V3-A-219	V3	A	2	9	2	5	10	25	35	15	5	5			9	9	1	78	12	千葉県	2	6	2	7	ok	0	3954	97	0	0	1678	86	2276	11
V3-A-220	V3	A	2	9	2	5	10	30	30	15	5	5			9	11	1	65	13	東京都	1	6	2	5	ok	0	3970	97	0	0	1686	86	2284	11
V3-A-221	V3	A	2	9	2	5	10	25	30	20	5	5			9	9	1	90	21	岐阜県	2	8	1	1	ok	0	3948	97	0	0	1675	86	2273	11
V3-A-222	V3	A	1	9	2	5	10	30	30	15	5	5			9	11	1	85	11	埼玉県	1	6	1	1	ok	0	3976	97	0	0	1689	86	2287	11
V3-A-223	V3	A	2	9	2	5	10	30	30	15	5	5			9	9	1	89	5	秋田県	1	3	1	1	ok	0	3994	97	0	0	1698	86	2296	11
V3-A-224	V3	A	2	10	2	5	10	25	30	20	5	5			10	9	1	77	14	神奈川県	1	1	1	3	ok	0	3972	97	0	0	1687	86	2285	11
V3-A-225	V3	A	1	9	2	5	15	35	25	15	3	2			9	11	2	87	13	東京都	1	8	2	3	ok	0	3962	97	0	0	1682	86	2280	11
V3-A-226	V3	A	2	10	2	5	10	25	30	20	5	5			10	9	1	64	46	鹿児島県	2	6	2	4	ok	0	3964	97	0	0	1683	86	2281	11
V3-A-227	V3	A	1	8	2	5	10	30	30	15	5	5			9	11	2	76	37	香川県	1	1	1	1	ok	0	3954	97	0	0	1678	86	2276	11
V3-A-228	V3	A	2	9	2	5	10	30	30	15	5	5			9	9	1	51	12	千葉県	1	1	6	7	ok	0	3960	97	0	0	1681	86	2279	11
V3-A-229	V3	A	2	9	2	5	10	30	30	15	5	5			9	11	1	53	13	東京都	2	7	6	5	ok	0	3948	97	0	0	1675	86	2273	11
V3-A-230	V3	A	2	10	2	5	10	25	35	20	3	2			9	11	1	50	37	香川県	1	8	6	5	ok	0	3954	97	0	0	1678	86	2276	11
V3-A-231	V3	A	2	11	2	5	10	20	30	25	5	5			10	9	1	37	47	沖縄県	1	6	2	2	ok	0	3976	97	0	0	1689	86	2287	11
V3-A-232	V3	A	2	9	2	5	10	30	30	15	5	5			9	11	2	47	34	広島県	2	8	6	8	ok	0	3928	97	0	0	1665	86	2263	11
V3-A-233	V3	A	1	9	2	10	15	30	20	15	5	5			9	11	2	86	13	東京都	1	7	1	2	ok	0	3978	97	0	0	1690	86	2288	11
V3-A-234	V3	A	1	8	2	5	10	35	30	15	3	2			9	11	1	75	13	東京都	2	1	6	2	ok	0	3936	97	0	0	1669	86	2267	11
V3-A-235	V3	A	2	10	2	5	10	25	30	20	5	5			10	9	2	63	42	長崎県	1	4	2	1	ok	0	3948	97	0	0	1675	86	2273	11
V3-A-236	V3	A	2	10	2	5	10	20	30	20	10	5			10	9	1	85	15	新潟県	2	6	1	4	ok	0	3954	97	0	0	1678	86	2276	11
V3-A-237	V3	A	1	9	2	5	10	30	30	15	5	5			9	11	2	87	13	東京都	1	6	1	6	ok	0	3976	97	0	0	1689	86	2287	11
V3-A-238	V3	A	2	9	2	5	10	25	30	20	5	5			9	9	1	33	34	広島県	1	1	2	1	ok	0	3948	97	0	0	1675	86	2273	11
V3-A-239	V3	A	1	9	2	5	10	30	30	15	5	5			9	9	2	80	9	栃木県	2	6	1	4	ok	0	3962	97	0	0	1682	86	2280	11
V3-A-240	V3	A	1	9	2	5	15	35	25	15	3	2			9	11	1	70	13	東京都	1	6	6	1	ok	0	3958	97	0	0	1680	86	2278	11
V3-A-241	V3	A	1	8	2	10	15	30	25	10	5	5			9	11	2	80	17	石川県	2	8	2	2	ok	0	3940	97	0	0	1671	86	2269	11
V3-A-242	V3	A	1	8	2	5	15	35	25	15	3	2			9	9	1	39	38	愛媛県	2	1	2	2	ok	0	3940	97	0	0	1671	86	2269	11
V3-A-243	V3	A	1	9	2	5	10	30	30	15	5	5			9	11	1	75	21	岐阜県	1	3	2	1	ok	0	3994	97	0	0	1698	86	2296	11
V3-A-244	V3	A	2	10	2	5	10	25	30	20	5	5			10	9	1	42	14	神奈川県	2	1	3	2	ok	0	3950	97	0	0	1676	86	2274	11
V3-A-245	V3	A	2	10	2	5	10	25	30	20	5	5			10	9	1	76	10	群馬県	2	1	2	2	ok	0	3942	97	0	0	1672	86	2270	11
V3-A-246	V3	A	2	10	2	5	10	25	30	20	5	5			9	9	1	45	40	福岡県	2	2	2	4	ok	0	3936	97	0	0	1669	86	2267	11
V3-A-247	V3	A	1	8	2	5	10	30	30	15	5	5			9	9	2	26	21	岐阜県	1	6	6	1	ok	0	3966	97	0	0	1684	86	2282	11
V3-A-248	V3	A	2	10	2	5	10	25	30	20	5	5			9	9	1	38	17	石川県	2	2	6	2	ok	0	3928	97	0	0	1665	86	2263	11
V3-A-249	V3	A	2	9	2	5	10	30	30	15	5	5			9	9	1	22	13	東京都	1	6	2	2	ok	0	3970	97	0	0	1686	86	2284	11
V3-A-250	V3	A	2	9	2	5	10	30	30	15	5	5			9	9	2	46	13	東京都	2	3	2	5	ok	0	3974	97	0	0	1688	86	2286	11
V3-B-001	V3	B	2	9	2	5	10	30	30	15	5	5	2	1	9	11	1	40	21	岐阜県	1	8	2	1	ok	0	4120	105	0	0	1682	86	2438	19
V3-B-002	V3	B	2	10	2	5	10	20	30	25	5	5	2	1	10	9	2	81	47	沖縄県	1	2	1	1	ok	0	4116	105	0	0	1680	86	2436	19
V3-B-003	V3	B	2	9	2	5	10	30	30	15	5	5	2	1	9	9	2	62	35	山口県	1	2	2	6	ok	0	4104	105	0	0	1674	86	2430	19
V3-B-004	V3	B	1	8	2	5	15	35	25	15	3	2	2	1	9	9	2	22	13	東京都	1	6	5	2	ok	0	4128	105	0	0	1686	86	2442	19
V3-B-005	V3	B	1	8	2	5	10	25	30	20	5	5	2	1	9	9	2	55	7	福島県	2	8	6	1	ok	0	4080	105	0	0	1662	86	2418	19
V3-B-006	V3	B	2	10	2	5	10	25	30	20	5	5	2	1	10	9	2	83	28	兵庫県	2	8	2	6	ok	0	4106	105	0	0	1675	86	2431	19
V3-B-007	V3	B	2	10	2	5	10	25	30	20	5	5	2	1	10	11	1	63	28	兵庫県	2	6	2	3	ok	0	4114	105	0	0	1679	86	2435	19
V3-B-008	V3	B	2	10	2	5	10	25	30	20	5	5	2	1	10	9	2	50	40	福岡県	2	8	2	5	ok	0	4102	105	0	0	1673	86	2429	19
V3-B-009	V3	B	2	10	2	5	10	25	30	20	5	5	2	1	10	9	1	31	14	神奈川県	2	8	7	4	ok	0	4104	105	0	0	1674	86	2430	19
V3-B-010	V3	B	1	8	2	10	15	30	25	15	3	2	2	1	9	9	2	74	23	愛知県	2	9	2	1	ok	0	4084	105	0	0	1664	86	2420	19
V3-B-011	V3	B	1	9	2	5	15	35	25	15	3	2	2	1	9	11	2	51	13	東京都	1	7	3	4	ok	0	4134	105	0	0	1689	86	2445	19
V3-B-012	V3	B	2	10	2	5	10	25	30	20	5	5	2	1	10	11	1	23	28	兵庫県	1	1	2	3	ok	0	4124	105	0	0	1684	86	2440	19
V3-B-013	V3	B	2	10	2	5	10	25	35	15	5	5	2	1	10	9	1	65	14	神奈川県	2	1	2	6	ok	0	4104	105	0	0	1674	86	2430	19
V3-B-014	V3	B	2	10	2	5	10	20	30	25	5	5	2	1	10	9	2	50	7	福島県	2	8	2	4	ok	0	4092	105	0	0	1668	86	2424	19
V3-B-015	V3	B	1	9	2	5	10	30	30	15	5	5	2	1	9	11	1	78	11	埼玉県	2	8	2	1	ok	0	4100	105	0	0	1672	86	2428	19
V3-B-016	V3	B	1	8	2	5	15	30	30	15	3	2	2	1	9	11	2	57	12	千葉県	1	6	3	2	ok	0	4134	105	0	0	1689	86	2445	19
V3-B-017	V3	B	2	9	2	5	10	30	30	15	5	5	2	1	9	9	2	54	1	北海道	2	1	6	2	ok	0	4092	105	0	0	1668	86	2424	19
V3-B-018	V3	B	1	9	2	5	15	35	25	15	3	2	2	1	9	11	1	69	24	三重県	2	1	1	3	ok	0	4098	105	0	0	1671	86	2427	19
V3-B-019	V3	B	2	9	2	5	10	30	30	15	5	5	2	1	9	9	1	68	1	北海道	2	8	1	4	ok	0	4104	105	0	0	1674	86	2430	19
V3-B-020	V3	B	1	8	2	5	10	30	30	15	5	5	2	1	9	9	2	79	21	岐阜県	2	7	1	1	ok	0	4116	105	0	0	1680	86	2436	19
V3-B-021	V3	B	1	8	2	10	15	30	25	15	3	2	2	1	9	11	2	53	14	神奈川県	1	7	5	1	ok	0	4126	103	0	0	1686	84	2440	19
V3-B-022	V3	B	2	10	2	5	10	25	30	20	5	5	2	1	10	9	2	59	28	兵庫県	2	3	2	6	ok	0	4138	105	0	0	1691	86	2447	19
V3-B-023	V3	B	2	10	2	5	10	25	35	15	5	5	2	1	10	9	2	55	43	熊本県	2	8	4	8	ok	0	4096	105	0	0	1670	86	2426	19
V3-B-024	V3	B	2	9	2	5	10	30	30	15	5	5	2	1	9	11	1	57	27	大阪府	2	8	2	6	ok	0	4102	105	0	0	1673	86	2429	19
V3-B-025	V3	B	2	9	2	5	10	30	30	15	5	5	2	1	9	9	2	29	13	東京都	1	6	7	2	ok	0	4126	105	0	0	1685	86	2441	19
V3-B-026	V3	B	2	9	2	5	10	30	30	15	5	5	2	1	9	9	1	58	13	東京都	2	4	6	6	ok	0	4088	105	0	0	1666	86	2422	19
V3-B-027	V3	B	2	9	2	5	10	25	30	20	5	5	2	1	9	9	1	73	14	神奈川県	2	1	2	3	ok	0	4104	105	0	0	1674	86	2430	19
V3-B-028	V3	B	2	10	2	5	10	25	35	15	5	5	2	1	10	9	1	57	40	福岡県	1	1	6	6	ok	0	4116	105	0	0	1680	86	2436	19
V3-B-029	V3	B	2	9	2	5	10	30	30	15	5	5	2	1	9	9	2	49	37	香川県	2	6	2	4	ok	0	4104	105	0	0	1674	86	2430	19
V3-B-030	V3	B	2	10	2	5	10	25	35	15	5	5	2	1	10	9	1	69	23	愛知県	1	1	6	8	ok	0	4112	105	0	0	1678	86	2434	19
V3-B-031	V3	B	2	9	2	5	10	30	30	15	5	5	2	1	9	9	2	41	11	埼玉県	1	8	5	6	ok	0	4128	105	0	0	1686	86	2442	19
V3-B-032	V3	B	1	8	2	10	15	30	25	15	3	2	2	1	9	11	2	30	23	愛知県	1	7	2	2	ok	0	4134	105	0	0	1689	86	2445	19
V3-B-033	V3	B	2	10	2	5	10	25	30	20	5	5	2	1	10	11	2	49	23	愛知県	2	2	5	8	ok	0	4090	105	0	0	1667	86	2423	19
V3-B-034	V3	B	2	10	2	5	10	25	30	20	5	5	2	1	10	11	2	61	14	神奈川県	2	1	2	5	ok	0	4104	105	0	0	1674	86	2430	19
V3-B-035	V3	B	1	8	2	5	10	30	30	15	5	5	2	1	9	9	2	51	11	埼玉県	2	3	2	1	ok	0	4132	105	0	0	1688	86	2444	19
V3-B-036	V3	B	2	9	2	5	10	30	30	15	5	5	2	1	9	9	2	86	13	東京都	1	1	2	1	ok	0	4110	105	0	0	1677	86	2433	19
V3-B-037	V3	B	1	9	2	5	15	35	25	15	3	2	2	1	9	11	2	79	27	大阪府	2	2	2	1	ok	0	4086	105	0	0	1665	86	2421	19
V3-B-038	V3	B	2	10	2	5	10	25	30	20	5	5	2	1	10	9	1	84	14	神奈川県	2	7	6	1	ok	0	4104	105	0	0	1674	86	2430	19
V3-B-039	V3	B	2	10	2	5	10	25	30	20	5	5	2	1	10	9	1	23	42	長崎県	1	7	6	5	ok	0	4128	105	0	0	1686	86	2442	19
V3-B-040	V3	B	2	9	2	5	10	30	30	15	5	5	2	1	9	9	1	68	13	東京都	2	1	6	6	ok	0	4094	105	0	0	1669	86	2425	19
V3-B-041	V3	B	1	8	2	5	15	35	25	15	3	2	2	1	9	9	2	76	13	東京都	2	6	2	1	ok	0	4100	105	0	0	1672	86	2428	19
V3-B-042	V3	B	2	9	2	5	10	30	30	15	5	5	2	1	9	9	1	42	24	三重県	1	1	7	5	ok	0	4110	105	0	0	1677	86	2433	19
V3-B-043	V3	B	2	9	2	5	10	30	30	15	5	5	2	1	9	9	1	42	12	千葉県	2	6	2	4	ok	0	4110	105	0	0	1677	86	2433	19
V3-B-044	V3	B	1	9	2	5	15	35	25	15	3	2	2	1	9	11	1	72	13	東京都	1	7	4	2	ok	0	4130	105	0	0	1687	86	2443	19
V3-B-045	V3	B	1	8	2	5	10	30	30	15	5	5	2	1	9	9	2	74	23	愛知県	2	7	6	2	ok	0	4110	105	0	0	1677	86	2433	19
V3-B-046	V3	B	2	9	2	5	10	30	30	15	5	5	2	1	9	9	1	69	12	千葉県	1	1	6	1	ok	0	4108	105	0	0	1676	86	2432	19
V3-B-047	V3	B	2	9	2	5	10	30	30	15	5	5	2	1	9	11	1	69	11	埼玉県	1	2	6	3	ok	0	4116	105	0	0	1680	86	2436	19
V3-B-048	V3	B	2	9	2	5	10	30	30	15	5	5	2	1	9	9	2	72	13	東京都	1	1	4	5	ok	0	4118	105	0	0	1681	86	2437	19
V3-B-049	V3	B	1	7	2	10	15	30	20	15	5	5	2	1	7	11	2	98	2	青森県	1	1	2	1	ok	0	4106	105	0	0	1675	86	2431	19
V3-B-050	V3	B	1	8	2	5	15	35	25	15	3	2	2	1	9	9	2	77	13	東京都	2	1	2	6	ok	0	4098	105	0	0	1671	86	2427	19
V3-B-051	V3	B	1	9	2	5	15	30	25	15	5	5	2	1	9	11	2	80	21	岐阜県	1	8	1	3	ok	0	4134	105	0	0	1689	86	2445	19
V3-B-052	V3	B	1	8	2	5	15	35	25	15	3	2	2	1	9	11	1	29	13	東京都	1	7	6	2	ok	0	4126	105	0	0	1685	86	2441	19
V3-B-053	V3	B	2	9	2	5	10	30	30	15	5	5	2	1	9	9	1	78	1	北海道	2	3	6	2	ok	0	4126	105	0	0	1685	86	2441	19
V3-B-054	V3	B	2	9	2	5	10	30	30	15	5	5	2	1	9	11	1	50	27	大阪府	2	6	2	6	ok	0	4110	105	0	0	1677	86	2433	19
V3-B-055	V3	B	2	10	2	5	10	25	30	20	5	5	2	1	10	9	2	88	40	福岡県	1	8	2	2	ok	0	4122	105	0	0	1683	86	2439	19
V3-B-056	V3	B	2	9	2	5	10	30	30	15	5	5	2	1	9	9	2	43	11	埼玉県	2	1	6	1	ok	0	4094	105	0	0	1669	86	2425	19
V3-B-057	V3	B	1	9	2	5	15	40	25	10	3	2	2	1	9	11	1	75	13	東京都	1	1	6	1	ok	0	4106	105	0	0	1675	86	2431	19
V3-B-058	V3	B	2	9	2	5	10	25	30	20	5	5	2	1	9	11	2	45	11	埼玉県	2	1	1	8	ok	0	4106	105	0	0	1675	86	2431	19
V3-B-059	V3	B	1	8	2	5	10	35	30	15	3	2	2	1	9	11	1	64	13	東京都	2	6	6	2	ok	0	4104	105	0	0	1674	86	2430	19
V3-B-060	V3	B	2	9	2	5	10	30	30	15	5	5	2	1	9	9	1	62	1	北海道	2	3	2	1	ok	0	4122	105	0	0	1683	86	2439	19
V3-B-061	V3	B	1	9	2	10	15	30	25	15	3	2	2	1	9	11	1	20	13	東京都	2	7	2	1	ok	0	4102	105	0	0	1673	86	2429	19
V3-B-062	V3	B	2	10	2	5	10	25	30	20	5	5	2	1	10	9	2	56	25	滋賀県	1	8	2	5	ok	0	4124	105	0	0	1684	86	2440	19
V3-B-063	V3	B	2	9	2	5	10	30	30	15	5	5	2	1	9	9	1	24	13	東京都	1	1	6	1	ok	0	4106	105	0	0	1675	86	2431	19
V3-B-064	V3	B	2	9	2	5	10	30	30	15	5	5	2	1	9	11	2	40	13	東京都	1	1	4	6	ok	0	4118	105	0	0	1681	86	2437	19
V3-B-065	V3	B	1	10	2	5	10	25	30	20	5	5	2	1	10	11	1	87	23	愛知県	2	8	1	2	ok	0	4110	105	0	0	1677	86	2433	19
V3-B-066	V3	B	1	8	2	5	15	35	25	15	3	2	2	1	9	11	1	52	13	東京都	1	1	3	2	ok	0	4122	105	0	0	1683	86	2439	19
V3-B-067	V3	B	2	10	2	5	10	25	30	20	5	5	2	1	10	11	1	46	28	兵庫県	2	1	6	1	ok	0	4092	105	0	0	1668	86	2424	19
V3-B-068	V3	B	1	8	2	5	15	35	25	15	3	2	2	1	9	11	2	69	13	東京都	1	1	6	1	ok	0	4106	105	0	0	1675	86	2431	19
V3-B-069	V3	B	1	9	2	5	15	35	25	15	3	2	2	1	9	11	1	33	13	東京都	2	1	2	3	ok	0	4098	105	0	0	1671	86	2427	19
V3-B-070	V3	B	2	10	2	5	10	30	30	15	5	5	2	1	10	9	2	59	14	神奈川県	2	1	5	5	ok	0	4104	105	0	0	1674	86	2430	19
V3-B-071	V3	B	1	8	2	5	15	35	25	15	3	2	2	1	9	9	2	57	9	栃木県	2	8	2	2	ok	0	4104	103	0	0	1675	84	2429	19
V3-B-072	V3	B	1	9	2	5	15	35	25	15	3	2	2	1	9	11	2	70	13	東京都	1	6	6	1	ok	0	4116	105	0	0	1680	86	2436	19
V3-B-073	V3	B	2	9	2	5	10	30	30	15	5	5	2	1	9	11	2	26	27	大阪府	1	2	6	3	ok	0	4110	105	0	0	1677	86	2433	19
V3-B-074	V3	B	2	9	2	5	10	30	30	15	5	5	2	1	9	9	2	62	27	大阪府	2	8	5	8	ok	0	4096	105	0	0	1670	86	2426	19
V3-B-075	V3	B	2	10	2	5	10	25	30	20	5	5	2	1	10	9	1	79	14	神奈川県	2	7	2	1	ok	0	4108	105	0	0	1676	86	2432	19
V3-B-076	V3	B	2	10	2	5	10	20	30	25	5	5	2	1	10	9	2	89	42	長崎県	2	7	2	1	ok	0	4104	105	0	0	1674	86	2430	19
V3-B-077	V3	B	1	8	2	5	10	30	30	15	5	5	2	1	9	11	2	62	34	広島県	2	8	4	3	ok	0	4096	105	0	0	1670	86	2426	19
V3-B-078	V3	B	1	8	2	5	15	30	25	15	5	5	2	1	9	11	1	87	40	福岡県	2	9	1	2	ok	0	4096	105	0	0	1670	86	2426	19
V3-B-079	V3	B	2	10	2	5	10	25	30	20	5	5	2	1	10	9	1	37	33	岡山県	1	8	3	3	ok	0	4122	105	0	0	1683	86	2439	19
V3-B-080	V3	B	2	9	2	5	10	25	35	15	5	5	2	1	9	9	1	32	11	埼玉県	1	1	4	5	ok	0	4126	105	0	0	1685	86	2441	19
V3-B-081	V3	B	2	10	2	5	10	25	30	20	5	5	2	1	10	9	2	65	28	兵庫県	1	1	2	5	ok	0	4124	105	0	0	1684	86	2440	19
V3-B-082	V3	B	1	8	2	5	15	30	25	15	5	5	2	1	9	11	1	79	35	山口県	2	1	1	4	ok	0	4096	105	0	0	1670	86	2426	19
V3-B-083	V3	B	1	9	2	5	10	30	30	15	5	5	2	1	9	9	2	78	12	千葉県	1	6	2	1	ok	0	4122	105	0	0	1683	86	2439	19
V3-B-084	V3	B	2	9	2	5	10	30	30	20	3	2	2	1	9	9	1	55	22	静岡県	1	1	6	8	ok	0	4110	105	0	0	1677	86	2433	19
V3-B-085	V3	B	1	9	2	10	15	30	25	15	3	2	2	1	9	11	2	83	27	大阪府	1	6	1	7	ok	0	4138	105	0	0	1691	86	2447	19
V3-B-086	V3	B	1	9	2	5	15	35	25	15	3	2	2	1	9	11	1	54	27	大阪府	2	2	2	2	ok	0	4094	105	0	0	1669	86	2425	19
V3-B-087	V3	B	2	9	2	5	10	30	30	15	5	5	2	1	9	9	2	46	33	岡山県	2	1	5	2	ok	0	4096	105	0	0	1670	86	2426	19
V3-B-088	V3	B	2	9	2	5	10	30	30	15	5	5	2	1	9	11	1	62	27	大阪府	2	8	2	6	ok	0	4102	105	0	0	1673	86	2429	19
V3-B-089	V3	B	1	8	2	5	10	30	30	15	5	5	2	1	9	11	2	37	11	埼玉県	2	1	5	2	ok	0	4106	105	0	0	1675	86	2431	19
V3-B-090	V3	B	1	8	2	5	10	25	30	20	5	5	2	1	9	9	2	74	16	富山県	2	7	2	1	ok	0	4094	105	0	0	1669	86	2425	19
V3-B-091	V3	B	2	9	2	5	10	30	30	15	5	5	2	1	9	11	1	40	13	東京都	2	3	7	5	ok	0	4130	105	0	0	1687	86	2443	19
V3-B-092	V3	B	2	10	2	5	10	25	35	20	3	2	2	1	10	9	1	51	14	神奈川県	2	6	3	8	ok	0	4112	105	0	0	1678	86	2434	19
V3-B-093	V3	B	1	8	2	10	15	30	25	15	3	2	2	1	9	11	2	89	14	神奈川県	1	7	1	4	ok	0	4142	105	0	0	1693	86	2449	19
V3-B-094	V3	B	1	8	2	5	15	35	25	15	3	2	2	1	9	11	2	42	13	東京都	1	1	6	1	ok	0	4106	105	0	0	1675	86	2431	19
V3-B-095	V3	B	2	9	2	5	10	30	30	15	5	5	2	1	9	9	1	93	24	三重県	2	6	1	1	ok	0	4100	105	0	0	1672	86	2428	19
V3-B-096	V3	B	2	10	2	5	10	25	30	20	5	5	2	1	10	9	2	20	14	神奈川県	1	3	2	1	ok	0	4150	105	0	0	1697	86	2453	19
V3-B-097	V3	B	2	10	2	5	10	25	30	20	5	5	2	1	10	9	1	66	23	愛知県	2	7	2	1	ok	0	4106	105	0	0	1675	86	2431	19
V3-B-098	V3	B	2	10	2	5	10	20	30	20	10	5	2	1	10	9	1	20	15	新潟県	1	8	2	2	ok	0	4118	105	0	0	1681	86	2437	19
V3-B-099	V3	B	2	9	2	5	10	30	30	15	5	5	2	1	9	9	2	22	11	埼玉県	1	2	6	2	ok	0	4116	105	0	0	1680	86	2436	19
V3-B-100	V3	B	2	9	2	5	10	30	30	15	5	5	2	1	9	9	2	66	33	岡山県	2	7	6	3	ok	0	4104	105	0	0	1674	86	2430	19
V3-B-101	V3	B	2	10	2	5	10	25	30	20	5	5	2	1	10	9	1	83	40	福岡県	2	4	2	7	ok	0	4096	105	0	0	1670	86	2426	19
V3-B-102	V3	B	1	9	2	10	15	30	25	15	3	2	2	1	9	11	2	83	27	大阪府	1	7	2	1	ok	0	4124	105	0	0	1684	86	2440	19
V3-B-103	V3	B	2	9	2	5	10	30	30	15	5	5	2	1	9	9	2	52	1	北海道	1	3	2	6	ok	0	4150	105	0	0	1697	86	2453	19
V3-B-104	V3	B	2	9	2	5	10	35	25	15	5	5	2	1	9	9	1	36	13	東京都	1	1	2	2	ok	0	4118	105	0	0	1681	86	2437	19
V3-B-105	V3	B	2	9	2	5	10	25	30	20	5	5	2	1	9	11	1	40	33	岡山県	2	1	2	2	ok	0	4096	105	0	0	1670	86	2426	19
V3-B-106	V3	B	2	9	2	5	10	30	30	15	5	5	2	1	9	9	1	75	38	愛媛県	1	8	1	1	ok	0	4118	105	0	0	1681	86	2437	19
V3-B-107	V3	B	1	9	2	5	10	30	30	15	5	5	2	1	9	11	1	86	39	高知県	2	8	1	1	ok	0	4094	105	0	0	1669	86	2425	19
V3-B-108	V3	B	2	9	2	5	10	30	30	15	5	5	2	1	9	9	1	79	12	千葉県	2	7	6	8	ok	0	4102	105	0	0	1673	86	2429	19
V3-B-109	V3	B	2	10	2	5	10	25	30	20	5	5	2	1	10	11	2	47	25	滋賀県	1	8	2	5	ok	0	4124	105	0	0	1684	86	2440	19
V3-B-110	V3	B	2	9	2	5	10	30	30	15	5	5	2	1	9	9	1	33	12	千葉県	1	4	6	2	ok	0	4110	105	0	0	1677	86	2433	19
V3-B-111	V3	B	1	8	2	5	15	35	25	15	3	2	2	1	9	11	2	39	13	東京都	2	3	2	2	ok	0	4132	105	0	0	1688	86	2444	19
V3-B-112	V3	B	1	9	2	5	15	35	25	15	3	2	2	1	9	11	2	36	27	大阪府	2	7	4	5	ok	0	4112	105	0	0	1678	86	2434	19
V3-B-113	V3	B	1	9	2	5	10	30	30	15	5	5	2	1	9	11	1	75	27	大阪府	2	8	2	1	ok	0	4094	105	0	0	1669	86	2425	19
V3-B-114	V3	B	2	9	2	5	10	30	30	15	5	5	2	1	9	9	1	20	13	東京都	1	6	2	2	ok	0	4128	105	0	0	1686	86	2442	19
V3-B-115	V3	B	2	10	2	5	10	20	30	20	10	5	2	1	10	9	2	79	6	山形県	2	1	1	2	ok	0	4100	105	0	0	1672	86	2428	19
V3-B-116	V3	B	1	8	2	5	10	30	30	15	5	5	2	1	9	11	1	75	14	神奈川県	2	7	2	1	ok	0	4108	105	0	0	1676	86	2432	19
V3-B-117	V3	B	1	9	2	5	15	35	25	15	3	2	2	1	9	11	2	36	24	三重県	2	1	2	5	ok	0	4092	105	0	0	1668	86	2424	19
V3-B-118	V3	B	1	8	2	5	10	25	30	20	5	5	2	1	9	11	2	73	21	岐阜県	2	6	1	1	ok	0	4114	105	0	0	1679	86	2435	19
V3-B-119	V3	B	2	9	2	5	10	30	30	15	5	5	2	1	9	11	1	21	27	大阪府	1	1	6	2	ok	0	4116	105	0	0	1680	86	2436	19
V3-B-120	V3	B	1	9	2	10	15	30	25	15	3	2	2	1	9	11	2	47	26	京都府	2	7	2	3	ok	0	4106	105	0	0	1675	86	2431	19
V3-B-121	V3	B	1	9	2	5	15	35	25	15	3	2	2	1	9	11	2	23	26	京都府	1	6	2	4	ok	0	4124	105	0	0	1684	86	2440	19
V3-B-122	V3	B	1	8	2	5	15	35	25	15	3	2	2	1	8	11	1	54	22	静岡県	1	6	2	1	ok	0	4122	105	0	0	1683	86	2439	19
V3-B-123	V3	B	1	9	2	5	10	30	30	15	5	5	2	1	9	11	2	83	12	千葉県	2	8	5	1	ok	0	4094	105	0	0	1669	86	2425	19
V3-B-124	V3	B	1	9	2	5	10	30	30	15	5	5	2	1	9	11	2	74	11	埼玉県	2	1	5	3	ok	0	4104	103	0	0	1675	84	2429	19
V3-B-125	V3	B	1	8	2	5	10	30	30	15	5	5	2	1	9	11	2	55	23	愛知県	1	6	5	1	ok	0	4124	105	0	0	1684	86	2440	19
V3-B-126	V3	B	2	10	2	5	10	25	30	20	5	5	2	1	10	9	2	35	28	兵庫県	2	8	1	8	ok	0	4106	105	0	0	1675	86	2431	19
V3-B-127	V3	B	2	10	2	5	10	25	30	20	5	5	2	1	9	11	2	65	16	富山県	1	7	2	7	ok	0	4124	105	0	0	1684	86	2440	19
V3-B-128	V3	B	2	9	2	5	10	25	30	20	5	5	2	1	9	9	1	94	11	埼玉県	2	1	6	2	ok	0	4102	105	0	0	1673	86	2429	19
V3-B-129	V3	B	2	10	2	5	10	25	30	20	5	5	2	1	10	9	1	81	28	兵庫県	2	1	2	7	ok	0	4106	105	0	0	1675	86	2431	19
V3-B-130	V3	B	2	10	2	5	10	25	35	20	3	2	2	1	10	9	2	56	14	神奈川県	2	6	6	5	ok	0	4110	105	0	0	1677	86	2433	19
V3-B-131	V3	B	1	9	2	5	15	35	25	15	3	2	2	1	9	11	2	53	27	大阪府	2	8	6	5	ok	0	4096	103	0	0	1671	84	2425	19
V3-B-132	V3	B	1	9	2	5	15	35	25	15	3	2	2	1	9	9	2	83	27	大阪府	1	8	2	1	ok	0	4114	105	0	0	1679	86	2435	19
V3-B-133	V3	B	2	10	2	5	10	25	30	20	5	5	2	1	9	9	2	27	20	長野県	2	8	2	2	ok	0	4092	105	0	0	1668	86	2424	19
V3-B-134	V3	B	2	9	2	5	10	30	30	15	5	5	2	1	9	11	1	33	1	北海道	2	1	2	2	ok	0	4096	105	0	0	1670	86	2426	19
V3-B-135	V3	B	2	10	2	5	10	20	30	20	10	5	2	1	10	9	1	82	47	沖縄県	2	6	1	3	ok	0	4120	105	0	0	1682	86	2438	19
V3-B-136	V3	B	2	9	2	5	10	30	30	15	5	5	2	1	9	11	1	54	12	千葉県	1	6	6	5	ok	0	4126	105	0	0	1685	86	2441	19
V3-B-137	V3	B	1	8	2	5	15	35	25	15	3	2	2	1	9	11	2	63	13	東京都	2	8	2	2	ok	0	4098	103	0	0	1672	84	2426	19
V3-B-138	V3	B	1	9	2	5	15	30	25	15	5	5	2	1	9	11	1	27	22	静岡県	1	6	2	2	ok	0	4130	105	0	0	1687	86	2443	19
V3-B-139	V3	B	2	10	2	5	10	25	35	15	5	5	2	1	10	11	1	41	30	和歌山県	1	1	6	5	ok	0	4122	105	0	0	1683	86	2439	19
V3-B-140	V3	B	1	8	2	5	15	35	25	15	3	2	2	1	9	11	1	38	13	東京都	2	3	2	1	ok	0	4124	105	0	0	1684	86	2440	19
V3-B-141	V3	B	2	10	2	5	10	25	30	20	5	5	2	1	10	11	1	70	14	神奈川県	2	1	1	1	ok	0	4102	105	0	0	1673	86	2429	19
V3-B-142	V3	B	2	10	2	5	10	25	30	20	5	5	2	1	10	9	1	66	28	兵庫県	1	3	2	1	ok	0	4150	105	0	0	1697	86	2453	19
V3-B-143	V3	B	2	9	2	5	10	30	30	15	5	5	2	1	9	9	1	43	11	埼玉県	2	8	6	5	ok	0	4104	105	0	0	1674	86	2430	19
V3-B-144	V3	B	1	9	2	5	10	30	30	15	5	5	2	1	9	11	2	87	11	埼玉県	1	7	2	1	ok	0	4130	105	0	0	1687	86	2443	19
V3-B-145	V3	B	2	10	2	5	10	25	30	20	5	5	2	1	10	9	2	21	35	山口県	1	7	2	1	ok	0	4114	105	0	0	1679	86	2435	19
V3-B-146	V3	B	2	9	2	5	10	30	30	15	5	5	2	1	9	11	2	77	34	広島県	1	1	2	4	ok	0	4114	105	0	0	1679	86	2435	19
V3-B-147	V3	B	2	10	2	5	10	25	30	20	5	5	2	1	10	9	2	71	40	福岡県	1	1	2	4	ok	0	4120	105	0	0	1682	86	2438	19
V3-B-148	V3	B	1	9	2	5	15	35	25	15	3	2	2	1	9	11	2	70	13	東京都	1	3	6	2	ok	0	4148	105	0	0	1696	86	2452	19
V3-B-149	V3	B	2	9	2	5	10	30	30	15	5	5	2	1	9	9	1	75	9	栃木県	2	8	6	3	ok	0	4102	105	0	0	1673	86	2429	19
V3-B-150	V3	B	1	8	2	5	10	40	25	15	3	2	2	1	9	11	1	43	13	東京都	1	9	6	2	ok	0	4104	105	0	0	1674	86	2430	19
V3-B-151	V3	B	2	10	2	5	10	25	30	20	5	5	2	1	10	9	2	38	40	福岡県	2	8	6	4	ok	0	4098	105	0	0	1671	86	2427	19
V3-B-152	V3	B	2	9	2	5	10	25	30	20	5	5	2	1	9	11	2	48	34	広島県	2	1	2	3	ok	0	4094	105	0	0	1669	86	2425	19
V3-B-153	V3	B	1	9	2	5	15	30	25	15	5	5	2	1	9	11	2	82	12	千葉県	1	8	2	2	ok	0	4122	105	0	0	1683	86	2439	19
V3-B-154	V3	B	1	8	2	5	15	30	25	15	5	5	2	1	9	11	1	73	33	岡山県	2	1	2	1	ok	0	4088	105	0	0	1666	86	2422	19
V3-B-155	V3	B	1	8	2	10	15	30	25	15	3	2	2	1	8	11	2	75	13	東京都	2	7	1	2	ok	0	4114	103	0	0	1680	84	2434	19
V3-B-156	V3	B	1	9	2	5	15	35	25	15	3	2	2	1	9	11	2	50	13	東京都	2	1	4	5	ok	0	4098	105	0	0	1671	86	2427	19
V3-B-157	V3	B	2	10	2	5	10	25	35	15	5	5	2	1	10	9	1	31	40	福岡県	2	1	6	4	ok	0	4096	105	0	0	1670	86	2426	19
V3-B-158	V3	B	2	10	2	5	10	20	30	25	5	5	2	1	10	9	2	94	14	神奈川県	1	8	1	3	ok	0	4132	105	0	0	1688	86	2444	19
V3-B-159	V3	B	2	9	2	5	10	30	30	15	5	5	2	1	9	11	1	38	13	東京都	2	8	2	5	ok	0	4100	105	0	0	1672	86	2428	19
V3-B-160	V3	B	2	10	2	5	10	25	30	20	5	5	2	1	10	9	1	75	14	神奈川県	2	1	1	3	ok	0	4110	105	0	0	1677	86	2433	19
V3-B-161	V3	B	2	9	2	5	10	35	30	15	3	2	2	1	9	9	2	44	13	東京都	2	6	5	8	ok	0	4102	105	0	0	1673	86	2429	19
V3-B-162	V3	B	2	10	2	5	10	25	30	20	5	5	2	1	10	11	1	73	29	奈良県	2	1	6	2	ok	0	4096	105	0	0	1670	86	2426	19
V3-B-163	V3	B	2	9	2	5	10	30	30	15	5	5	2	1	9	11	2	65	12	千葉県	2	8	6	8	ok	0	4092	105	0	0	1668	86	2424	19
V3-B-164	V3	B	1	7	2	5	15	35	25	15	3	2	2	1	8	9	1	63	8	茨城県	2	8	6	2	ok	0	4098	105	0	0	1671	86	2427	19
V3-B-165	V3	B	1	9	2	5	15	35	25	15	3	2	2	1	9	11	2	46	13	東京都	1	7	6	7	ok	0	4128	105	0	0	1686	86	2442	19
V3-B-166	V3	B	2	10	2	5	10	25	35	15	5	5	2	1	10	9	1	83	28	兵庫県	2	1	2	2	ok	0	4104	105	0	0	1674	86	2430	19
V3-B-167	V3	B	2	10	2	5	10	25	30	20	5	5	2	1	9	11	2	29	10	群馬県	1	9	6	1	ok	0	4098	105	0	0	1671	86	2427	19
V3-B-168	V3	B	1	8	2	5	10	35	30	15	3	2	2	1	9	11	2	61	13	東京都	2	7	2	1	ok	0	4102	105	0	0	1673	86	2429	19
V3-B-169	V3	B	2	9	2	5	10	30	30	15	5	5	2	1	9	9	1	87	1	北海道	2	1	1	1	ok	0	4094	105	0	0	1669	86	2425	19
V3-B-170	V3	B	2	10	2	5	10	25	30	20	5	5	2	1	10	9	1	79	15	新潟県	1	8	2	1	ok	0	4110	105	0	0	1677	86	2433	19
V3-B-171	V3	B	2	9	2	5	10	30	30	15	5	5	2	1	9	9	1	86	27	大阪府	1	8	1	4	ok	0	4128	105	0	0	1686	86	2442	19
V3-B-172	V3	B	1	9	2	5	15	35	25	15	3	2	2	1	9	11	2	65	26	京都府	2	7	4	5	ok	0	4106	105	0	0	1675	86	2431	19
V3-B-173	V3	B	2	9	2	5	10	30	30	15	5	5	2	1	9	11	1	32	13	東京都	2	2	6	5	ok	0	4088	105	0	0	1666	86	2422	19
V3-B-174	V3	B	2	9	2	5	10	35	30	15	3	2	2	1	9	9	1	28	22	静岡県	1	7	6	4	ok	0	4128	105	0	0	1686	86	2442	19
V3-B-175	V3	B	2	9	2	5	10	30	30	15	5	5	2	1	9	11	1	53	12	千葉県	2	8	6	4	ok	0	4098	105	0	0	1671	86	2427	19
V3-B-176	V3	B	2	10	2	5	10	25	30	20	5	5	2	1	10	9	1	79	40	福岡県	2	6	1	1	ok	0	4108	105	0	0	1676	86	2432	19
V3-B-177	V3	B	2	10	2	5	10	25	30	20	5	5	2	1	10	9	2	20	23	愛知県	1	7	2	2	ok	0	4134	105	0	0	1689	86	2445	19
V3-B-178	V3	B	2	9	2	5	10	30	30	15	5	5	2	1	9	11	1	54	4	宮城県	2	2	2	8	ok	0	4088	105	0	0	1666	86	2422	19
V3-B-179	V3	B	1	8	2	5	10	35	30	15	3	2	2	1	9	9	2	75	13	東京都	1	1	5	4	ok	0	4118	105	0	0	1681	86	2437	19
V3-B-180	V3	B	2	10	2	5	10	25	35	15	5	5	2	1	10	9	1	34	40	福岡県	2	2	2	6	ok	0	4094	105	0	0	1669	86	2425	19
V3-B-181	V3	B	2	9	2	5	10	25	30	20	5	5	2	1	9	9	1	89	4	宮城県	2	7	1	1	ok	0	4110	105	0	0	1677	86	2433	19
V3-B-182	V3	B	1	8	2	5	10	30	30	15	5	5	2	1	9	11	2	33	13	東京都	1	1	6	3	ok	0	4114	105	0	0	1679	86	2435	19
V3-B-183	V3	B	1	8	2	10	15	30	25	15	3	2	2	1	8	11	2	73	40	福岡県	2	8	1	1	ok	0	4100	105	0	0	1672	86	2428	19
V3-B-184	V3	B	2	9	2	5	10	25	30	20	5	5	2	1	9	9	2	20	21	岐阜県	1	1	2	1	ok	0	4118	105	0	0	1681	86	2437	19
V3-B-185	V3	B	1	8	2	5	15	35	25	15	3	2	2	1	8	11	2	48	8	茨城県	2	7	2	5	ok	0	4112	105	0	0	1678	86	2434	19
V3-B-186	V3	B	1	9	2	5	10	30	30	15	5	5	2	1	9	11	2	40	1	北海道	2	8	2	3	ok	0	4098	105	0	0	1671	86	2427	19
V3-B-187	V3	B	2	10	2	5	10	25	30	20	5	5	2	1	10	9	2	22	14	神奈川県	1	8	2	1	ok	0	4118	105	0	0	1681	86	2437	19
V3-B-188	V3	B	1	8	2	5	15	35	25	15	3	2	2	1	8	9	2	71	26	京都府	2	8	2	1	ok	0	4088	105	0	0	1666	86	2422	19
V3-B-189	V3	B	1	8	2	5	10	30	30	15	5	5	2	1	9	11	1	40	43	熊本県	2	1	1	4	ok	0	4106	105	0	0	1675	86	2431	19
V3-B-190	V3	B	2	10	2	5	10	25	35	15	7	3	2	1	9	9	2	26	14	神奈川県	2	2	6	5	ok	0	4094	105	0	0	1669	86	2425	19
V3-B-191	V3	B	1	8	2	5	15	35	25	15	3	2	2	1	9	9	1	34	13	東京都	2	7	6	3	ok	0	4106	105	0	0	1675	86	2431	19
V3-B-192	V3	B	1	9	2	5	10	30	30	15	5	5	2	1	9	9	2	76	13	東京都	2	1	2	1	ok	0	4090	105	0	0	1667	86	2423	19
V3-B-193	V3	B	2	9	2	5	10	30	30	15	5	5	2	1	9	9	1	42	27	大阪府	2	9	7	4	ok	0	4088	105	0	0	1666	86	2422	19
V3-B-194	V3	B	1	8	2	5	15	35	25	15	3	2	2	1	8	11	2	78	8	茨城県	1	7	1	4	ok	0	4138	105	0	0	1691	86	2447	19
V3-B-195	V3	B	2	9	2	5	10	30	30	15	5	5	2	1	9	9	1	64	35	山口県	2	6	4	4	ok	0	4100	105	0	0	1672	86	2428	19
V3-B-196	V3	B	1	9	2	5	15	35	25	15	3	2	2	1	9	11	2	59	1	北海道	1	6	2	7	ok	0	4128	105	0	0	1686	86	2442	19
V3-B-197	V3	B	2	9	2	5	10	30	30	15	5	5	2	1	9	9	1	29	27	大阪府	1	4	6	2	ok	0	4110	105	0	0	1677	86	2433	19
V3-B-198	V3	B	2	9	2	5	10	30	30	15	5	5	2	1	9	11	1	43	11	埼玉県	2	1	3	1	ok	0	4102	105	0	0	1673	86	2429	19
V3-B-199	V3	B	1	8	2	5	15	35	25	15	3	2	2	1	9	11	2	39	13	東京都	2	1	6	3	ok	0	4094	105	0	0	1669	86	2425	19
V3-B-200	V3	B	1	9	2	10	15	30	25	15	3	2	2	1	9	11	2	81	27	大阪府	1	1	1	5	ok	0	4126	105	0	0	1685	86	2441	19
V3-B-201	V3	B	2	10	2	5	10	25	30	20	5	5	2	1	10	11	1	50	14	神奈川県	2	1	4	4	ok	0	4104	105	0	0	1674	86	2430	19
V3-B-202	V3	B	1	8	2	5	10	25	30	20	5	5	2	1	9	9	2	67	28	兵庫県	1	6	2	6	ok	0	4134	105	0	0	1689	86	2445	19
V3-B-203	V3	B	1	9	2	5	15	35	25	15	3	2	2	1	9	9	1	41	13	東京都	2	7	2	5	ok	0	4110	105	0	0	1677	86	2433	19
V3-B-204	V3	B	2	10	2	5	10	25	35	20	3	2	2	1	9	9	1	75	35	山口県	1	1	6	6	ok	0	4106	105	0	0	1675	86	2431	19
V3-B-205	V3	B	1	9	2	5	15	40	25	10	3	2	2	1	9	11	1	80	13	東京都	2	9	6	1	ok	0	4074	103	0	0	1660	84	2414	19
V3-B-206	V3	B	2	10	2	5	10	25	35	15	5	5	2	1	10	9	2	24	40	福岡県	1	1	2	3	ok	0	4120	105	0	0	1682	86	2438	19
V3-B-207	V3	B	2	9	2	5	10	30	30	15	5	5	2	1	9	9	1	50	11	埼玉県	2	8	2	3	ok	0	4108	105	0	0	1676	86	2432	19
V3-B-208	V3	B	1	8	2	10	15	30	25	10	5	5	2	1	9	11	2	79	46	鹿児島県	1	7	1	3	ok	0	4150	105	0	0	1697	86	2453	19
V3-B-209	V3	B	2	9	2	5	10	30	30	15	5	5	2	1	9	9	2	40	12	千葉県	1	8	7	7	ok	0	4122	105	0	0	1683	86	2439	19
V3-B-210	V3	B	1	8	2	10	15	30	25	10	5	5	2	1	9	11	1	43	12	千葉県	2	2	4	1	ok	0	4084	103	0	0	1665	84	2419	19
V3-B-211	V3	B	2	9	2	5	10	25	30	20	5	5	2	1	9	9	2	81	27	大阪府	1	1	6	1	ok	0	4108	105	0	0	1676	86	2432	19
V3-B-212	V3	B	2	9	2	5	10	25	30	20	5	5	2	1	9	9	1	88	27	大阪府	2	1	2	2	ok	0	4100	105	0	0	1672	86	2428	19
V3-B-213	V3	B	2	9	2	5	10	30	30	15	5	5	2	1	9	9	1	60	27	大阪府	2	1	2	4	ok	0	4100	105	0	0	1672	86	2428	19
V3-B-214	V3	B	2	9	2	5	10	30	30	15	5	5	2	1	9	11	1	57	27	大阪府	2	7	6	5	ok	0	4108	105	0	0	1676	86	2432	19
V3-B-215	V3	B	1	9	2	5	15	40	25	10	3	2	2	1	9	11	2	29	13	東京都	2	7	6	1	ok	0	4098	105	0	0	1671	86	2427	19
V3-B-216	V3	B	2	10	2	5	10	20	30	25	5	5	2	1	10	9	2	65	47	沖縄県	2	1	1	6	ok	0	4110	105	0	0	1677	86	2433	19
V3-B-217	V3	B	2	10	2	5	10	25	30	20	5	5	2	1	10	9	2	24	28	兵庫県	1	1	6	1	ok	0	4112	105	0	0	1678	86	2434	19
V3-B-218	V3	B	2	10	2	5	10	25	30	20	5	5	2	1	10	9	1	69	23	愛知県	2	2	1	2	ok	0	4102	105	0	0	1673	86	2429	19
V3-B-219	V3	B	2	10	2	5	10	25	30	20	5	5	2	1	10	9	2	33	25	滋賀県	2	7	5	4	ok	0	4114	105	0	0	1679	86	2435	19
V3-B-220	V3	B	2	9	2	5	10	30	30	15	5	5	2	1	9	9	1	27	13	東京都	1	2	6	1	ok	0	4100	105	0	0	1672	86	2428	19
V3-B-221	V3	B	2	9	2	5	10	30	30	15	5	5	2	1	9	11	1	71	13	東京都	2	1	7	2	ok	0	4096	105	0	0	1670	86	2426	19
V3-B-222	V3	B	2	11	2	5	10	20	30	25	5	5	2	1	10	9	1	41	47	沖縄県	2	8	2	7	ok	0	4108	105	0	0	1676	86	2432	19
V3-B-223	V3	B	2	10	2	5	10	25	30	20	5	5	2	1	10	9	2	46	17	石川県	2	2	2	3	ok	0	4090	105	0	0	1667	86	2423	19
V3-B-224	V3	B	1	8	2	5	10	30	30	15	5	5	2	1	9	11	2	42	27	大阪府	2	1	5	3	ok	0	4100	105	0	0	1672	86	2428	19
V3-B-225	V3	B	2	9	2	5	10	30	30	15	5	5	2	1	9	11	1	62	13	東京都	2	1	6	5	ok	0	4094	105	0	0	1669	86	2425	19
V3-B-226	V3	B	2	9	2	5	10	30	30	15	5	5	2	1	9	11	1	36	13	東京都	2	8	6	2	ok	0	4096	105	0	0	1670	86	2426	19
V3-B-227	V3	B	2	9	2	5	10	30	30	15	5	5	2	1	9	9	2	89	27	大阪府	1	1	2	3	ok	0	4120	105	0	0	1682	86	2438	19
V3-B-228	V3	B	1	8	2	5	10	30	30	15	5	5	2	1	9	11	1	72	35	山口県	2	1	2	2	ok	0	4090	105	0	0	1667	86	2423	19
V3-B-229	V3	B	2	10	2	5	10	25	30	20	5	5	2	1	10	9	2	64	42	長崎県	1	7	5	6	ok	0	4132	105	0	0	1688	86	2444	19
V3-B-230	V3	B	2	9	2	5	10	30	30	15	5	5	2	1	9	11	1	34	22	静岡県	1	3	6	5	ok	0	4150	105	0	0	1697	86	2453	19
V3-B-231	V3	B	2	10	2	5	10	25	30	20	7	3	2	1	10	9	1	49	14	神奈川県	1	2	2	5	ok	0	4118	105	0	0	1681	86	2437	19
V3-B-232	V3	B	2	10	2	5	10	25	35	15	5	5	2	1	10	9	1	46	7	福島県	2	1	6	4	ok	0	4086	105	0	0	1665	86	2421	19
V3-B-233	V3	B	2	10	2	5	10	25	30	20	5	5	2	1	10	9	2	34	42	長崎県	2	7	2	6	ok	0	4112	105	0	0	1678	86	2434	19
V3-B-234	V3	B	1	8	2	5	15	35	25	15	3	2	2	1	9	11	2	57	13	東京都	2	7	5	6	ok	0	4110	105	0	0	1677	86	2433	19
V3-B-235	V3	B	2	9	2	5	10	30	30	15	5	5	2	1	9	11	1	29	18	福井県	1	3	6	1	ok	0	4136	105	0	0	1690	86	2446	19
V3-B-236	V3	B	1	9	2	5	10	30	30	15	5	5	2	1	9	11	2	84	18	福井県	1	6	2	2	ok	0	4124	105	0	0	1684	86	2440	19
V3-B-237	V3	B	2	9	2	5	10	30	30	15	5	5	2	1	9	9	2	29	34	広島県	1	8	6	2	ok	0	4112	105	0	0	1678	86	2434	19
V3-B-238	V3	B	2	9	2	5	10	30	30	15	5	5	2	1	9	11	1	38	13	東京都	1	7	6	4	ok	0	4126	105	0	0	1685	86	2441	19
V3-B-239	V3	B	2	10	2	5	10	25	35	15	5	5	2	1	10	9	1	54	17	石川県	2	2	6	4	ok	0	4086	105	0	0	1665	86	2421	19
V3-B-240	V3	B	2	9	2	5	10	30	30	15	5	5	2	1	9	9	1	61	27	大阪府	1	3	1	8	ok	0	4154	105	0	0	1699	86	2455	19
V3-B-241	V3	B	1	8	2	5	10	30	30	15	5	5	2	1	9	11	2	68	34	広島県	2	6	2	4	ok	0	4104	105	0	0	1674	86	2430	19
V3-B-242	V3	B	2	9	2	5	10	30	30	15	5	5	2	1	9	9	1	32	11	埼玉県	1	1	6	3	ok	0	4122	105	0	0	1683	86	2439	19
V3-B-243	V3	B	2	9	2	5	10	25	35	15	5	5	2	1	9	9	1	32	33	岡山県	1	1	6	4	ok	0	4112	105	0	0	1678	86	2434	19
V3-B-244	V3	B	2	10	2	5	10	25	35	15	5	5	2	1	10	9	1	49	40	福岡県	2	9	2	5	ok	0	4090	105	0	0	1667	86	2423	19
V3-B-245	V3	B	1	8	2	5	10	30	30	15	5	5	2	1	9	9	1	35	27	大阪府	2	6	6	4	ok	0	4106	105	0	0	1675	86	2431	19
V3-B-246	V3	B	2	10	2	5	10	25	30	20	5	5	2	1	10	9	1	38	23	愛知県	2	8	4	3	ok	0	4104	105	0	0	1674	86	2430	19
V3-B-247	V3	B	2	10	2	5	10	25	30	20	5	5	2	1	9	9	1	53	14	神奈川県	2	7	6	1	ok	0	4104	105	0	0	1674	86	2430	19
V3-B-248	V3	B	1	9	2	5	15	30	25	15	5	5	2	1	9	11	2	75	1	北海道	2	1	2	4	ok	0	4096	105	0	0	1670	86	2426	19
V3-B-249	V3	B	1	8	2	5	10	30	30	15	5	5	2	1	9	11	2	61	14	神奈川県	2	1	2	4	ok	0	4104	105	0	0	1674	86	2430	19
V3-B-250	V3	B	2	9	2	5	10	30	30	15	5	5	2	1	9	11	1	54	13	東京都	2	2	4	6	ok	0	4092	105	0	0	1668	86	2424	19
V3-C-001	V3	C	1	9	2	10	15	30	25	15	3	2	2	1	9	11	1	65	27	大阪府	2	6	2	2	ok	0	4120	103	0	0	1677	84	2443	19
V3-C-002	V3	C	1	8	2	5	10	30	30	15	5	5	2	1	9	11	2	65	1	北海道	2	6	1	2	ok	0	4124	105	0	0	1678	86	2446	19
V3-C-003	V3	C	2	10	2	5	10	25	35	15	5	5	2	1	10	9	1	22	23	愛知県	1	6	4	2	ok	0	4144	105	0	0	1688	86	2456	19
V3-C-004	V3	C	2	9	2	5	10	30	30	15	5	5	2	1	9	9	1	76	26	京都府	1	1	6	1	ok	0	4114	105	0	0	1673	86	2441	19
V3-C-005	V3	C	2	10	2	5	10	25	35	15	5	5	2	1	10	9	2	68	14	神奈川県	2	1	6	7	ok	0	4114	105	0	0	1673	86	2441	19
V3-C-006	V3	C	2	9	2	5	10	30	30	15	5	5	2	1	10	9	1	68	12	千葉県	2	4	6	1	ok	0	4094	105	0	0	1663	86	2431	19
V3-C-007	V3	C	2	9	2	5	10	30	30	15	5	5	2	1	10	9	2	26	14	神奈川県	2	6	6	2	ok	0	4122	105	0	0	1677	86	2445	19
V3-C-008	V3	C	2	10	2	5	10	25	35	15	5	5	2	1	10	9	1	25	46	鹿児島県	2	1	2	1	ok	0	4116	105	0	0	1674	86	2442	19
V3-C-009	V3	C	1	9	2	5	15	35	25	15	3	2	2	1	9	11	2	72	5	秋田県	2	8	1	5	ok	0	4120	105	0	0	1676	86	2444	19
V3-C-010	V3	C	2	9	2	5	10	30	30	15	5	5	2	1	9	9	2	32	21	岐阜県	2	4	2	5	ok	0	4112	105	0	0	1672	86	2440	19
V3-C-011	V3	C	2	9	2	5	10	30	30	15	5	5	2	1	9	11	2	47	27	大阪府	1	1	6	7	ok	0	4130	105	0	0	1681	86	2449	19
V3-C-012	V3	C	2	9	2	5	10	30	30	15	5	5	2	1	10	9	2	21	34	広島県	1	7	2	3	ok	0	4138	105	0	0	1685	86	2453	19
V3-C-013	V3	C	2	10	2	5	10	25	30	20	5	5	2	1	9	9	1	34	14	神奈川県	1	7	6	4	ok	0	4144	105	0	0	1688	86	2456	19
V3-C-014	V3	C	1	8	2	5	10	25	30	20	5	5	2	1	9	11	2	80	42	長崎県	2	1	1	1	ok	0	4110	105	0	0	1671	86	2439	19
V3-C-015	V3	C	2	9	2	5	10	30	30	15	5	5	2	1	9	11	1	57	13	東京都	1	1	7	1	ok	0	4120	105	0	0	1676	86	2444	19
V3-C-016	V3	C	2	10	2	5	10	25	35	20	3	2	2	1	10	9	1	57	40	福岡県	2	6	6	4	ok	0	4118	105	0	0	1675	86	2443	19
V3-C-017	V3	C	1	9	2	10	15	30	25	15	3	2	2	1	9	11	2	89	13	東京都	1	6	1	2	ok	0	4146	105	0	0	1689	86	2457	19
V3-C-018	V3	C	2	9	2	5	10	30	30	15	5	5	2	1	9	11	2	60	27	大阪府	2	8	6	6	ok	0	4110	105	0	0	1671	86	2439	19
V3-C-019	V3	C	2	10	2	5	10	25	30	20	5	5	2	1	9	11	2	50	40	福岡県	1	7	2	8	ok	0	4138	105	0	0	1685	86	2453	19
V3-C-020	V3	C	1	9	2	5	15	35	25	15	3	2	2	1	9	11	1	60	36	徳島県	2	8	2	2	ok	0	4114	105	0	0	1673	86	2441	19
V3-C-021	V3	C	2	9	2	5	10	30	30	15	5	5	2	1	9	9	1	74	9	栃木県	2	6	1	4	ok	0	4132	105	0	0	1682	86	2450	19
V3-C-022	V3	C	2	10	2	5	10	25	30	20	5	5	2	1	10	9	1	73	14	神奈川県	2	6	6	3	ok	0	4122	105	0	0	1677	86	2445	19
V3-C-023	V3	C	1	9	2	5	15	35	25	15	3	2	2	1	9	11	2	66	1	北海道	2	1	1	4	ok	0	4114	105	0	0	1673	86	2441	19
V3-C-024	V3	C	2	9	2	5	10	30	30	15	5	5	2	1	9	9	1	62	12	千葉県	2	6	2	5	ok	0	4122	105	0	0	1677	86	2445	19
V3-C-025	V3	C	2	10	2	5	10	25	30	20	5	5	2	1	10	9	1	30	14	神奈川県	2	8	6	3	ok	0	4114	105	0	0	1673	86	2441	19
V3-C-026	V3	C	1	8	2	5	15	35	25	15	3	2	2	1	9	11	2	58	1	北海道	2	2	2	2	ok	0	4102	105	0	0	1667	86	2435	19
V3-C-027	V3	C	1	8	2	5	15	35	25	15	3	2	2	1	9	11	2	67	36	徳島県	2	7	1	2	ok	0	4130	105	0	0	1681	86	2449	19
V3-C-028	V3	C	2	9	2	5	10	25	30	20	5	5	2	1	9	9	2	54	20	長野県	2	6	2	3	ok	0	4112	105	0	0	1672	86	2440	19
V3-C-029	V3	C	2	10	2	5	10	25	35	15	5	5	2	1	10	9	1	39	23	愛知県	2	3	2	5	ok	0	4148	105	0	0	1690	86	2458	19
V3-C-030	V3	C	1	8	2	5	10	30	30	15	5	5	2	1	9	9	2	77	12	千葉県	2	6	2	4	ok	0	4122	105	0	0	1677	86	2445	19
V3-C-031	V3	C	1	8	2	5	15	35	25	15	3	2	2	1	9	11	2	36	13	東京都	2	6	5	4	ok	0	4120	105	0	0	1676	86	2444	19
V3-C-032	V3	C	2	9	2	5	10	30	30	15	5	5	2	1	9	11	1	42	13	東京都	1	8	4	6	ok	0	4132	105	0	0	1682	86	2450	19
V3-C-033	V3	C	2	9	2	5	10	30	30	15	5	5	2	1	9	9	1	71	11	埼玉県	2	6	2	3	ok	0	4128	105	0	0	1680	86	2448	19
V3-C-034	V3	C	1	8	2	5	10	30	30	15	5	5	2	1	9	11	2	44	27	大阪府	2	8	6	2	ok	0	4110	105	0	0	1671	86	2439	19
V3-C-035	V3	C	1	9	2	5	10	35	30	15	3	2	2	1	9	11	2	71	13	東京都	2	7	2	2	ok	0	4122	105	0	0	1677	86	2445	19
V3-C-036	V3	C	2	10	2	5	10	25	30	20	5	5	2	1	10	9	2	83	35	山口県	2	3	2	1	ok	0	4128	105	0	0	1680	86	2448	19
V3-C-037	V3	C	1	8	2	5	10	30	30	15	5	5	2	1	9	11	2	69	27	大阪府	1	1	1	2	ok	0	4138	105	0	0	1685	86	2453	19
V3-C-038	V3	C	2	10	2	5	10	25	30	20	5	5	2	1	10	9	2	56	29	奈良県	2	8	6	1	ok	0	4102	105	0	0	1667	86	2435	19
V3-C-039	V3	C	2	9	2	5	10	30	30	15	5	5	2	1	9	11	2	54	12	千葉県	2	2	6	3	ok	0	4102	105	0	0	1667	86	2435	19
V3-C-040	V3	C	2	9	2	5	10	30	30	15	5	5	2	1	9	11	1	55	27	大阪府	2	1	6	5	ok	0	4108	105	0	0	1670	86	2438	19
V3-C-041	V3	C	2	9	2	5	10	30	30	15	5	5	2	1	9	9	2	67	38	愛媛県	1	1	2	4	ok	0	4130	105	0	0	1681	86	2449	19
V3-C-042	V3	C	2	10	2	5	10	25	30	20	5	5	2	1	10	11	1	57	41	佐賀県	2	1	2	4	ok	0	4118	105	0	0	1675	86	2443	19
V3-C-043	V3	C	2	10	2	5	10	25	30	20	5	5	2	1	10	9	1	39	28	兵庫県	2	1	7	2	ok	0	4114	105	0	0	1673	86	2441	19
V3-C-044	V3	C	2	9	2	5	10	30	30	15	5	5	2	1	9	9	1	29	34	広島県	2	8	6	2	ok	0	4104	105	0	0	1668	86	2436	19
V3-C-045	V3	C	1	9	2	10	15	30	25	15	3	2	2	1	9	9	2	82	27	大阪府	2	7	1	1	ok	0	4122	105	0	0	1677	86	2445	19
V3-C-046	V3	C	1	9	2	5	10	30	30	15	5	5	2	1	9	9	2	21	11	埼玉県	1	6	4	2	ok	0	4148	105	0	0	1690	86	2458	19
V3-C-047	V3	C	1	9	2	5	15	35	25	15	3	2	2	1	9	11	2	52	12	千葉県	2	1	2	5	ok	0	4112	105	0	0	1672	86	2440	19
V3-C-048	V3	C	2	10	2	5	10	25	30	20	5	5	2	1	10	9	1	87	23	愛知県	1	8	2	1	ok	0	4128	105	0	0	1680	86	2448	19
V3-C-049	V3	C	1	8	2	5	15	35	25	15	3	2	2	1	9	11	2	71	26	京都府	2	6	2	2	ok	0	4114	103	0	0	1674	84	2440	19
V3-C-050	V3	C	1	8	2	5	10	30	30	15	5	5	2	1	9	11	2	41	14	神奈川県	2	7	6	2	ok	0	4124	105	0	0	1678	86	2446	19
V3-C-051	V3	C	2	10	2	5	10	25	30	20	5	5	2	1	10	9	1	63	28	兵庫県	2	4	2	6	ok	0	4110	105	0	0	1671	86	2439	19
V3-C-052	V3	C	2	9	2	5	10	25	30	20	5	5	2	1	9	11	2	67	12	千葉県	2	1	2	4	ok	0	4112	105	0	0	1672	86	2440	19
V3-C-053	V3	C	1	8	2	10	15	30	20	15	5	5	2	1	9	11	2	91	33	岡山県	1	6	4	2	ok	0	4138	105	0	0	1685	86	2453	19
V3-C-054	V3	C	2	10	2	5	10	25	35	15	5	5	2	1	10	9	1	54	23	愛知県	2	1	6	5	ok	0	4110	105	0	0	1671	86	2439	19
V3-C-055	V3	C	2	10	2	5	10	25	35	15	5	5	2	1	10	9	1	50	23	愛知県	1	2	2	6	ok	0	4128	105	0	0	1680	86	2448	19
V3-C-056	V3	C	1	8	2	5	15	35	25	15	3	2	2	1	9	11	1	55	14	神奈川県	1	7	6	1	ok	0	4136	105	0	0	1684	86	2452	19
V3-C-057	V3	C	2	10	2	5	10	25	35	15	5	5	2	1	10	9	2	43	23	愛知県	2	2	7	7	ok	0	4108	105	0	0	1670	86	2438	19
V3-C-058	V3	C	2	9	2	5	10	30	30	15	5	5	2	1	9	11	1	51	12	千葉県	1	1	6	3	ok	0	4128	105	0	0	1680	86	2448	19
V3-C-059	V3	C	2	10	2	5	10	25	35	20	3	2	2	1	10	9	1	71	14	神奈川県	2	8	4	4	ok	0	4118	105	0	0	1675	86	2443	19
V3-C-060	V3	C	1	10	2	5	10	25	30	20	5	5	2	1	9	9	2	84	28	兵庫県	1	6	1	3	ok	0	4152	105	0	0	1692	86	2460	19
V3-C-061	V3	C	2	9	2	5	10	25	30	20	5	5	2	1	9	9	1	73	33	岡山県	2	8	6	2	ok	0	4106	105	0	0	1669	86	2437	19
V3-C-062	V3	C	2	10	2	5	10	25	30	20	5	5	2	1	9	11	1	43	43	熊本県	2	7	4	2	ok	0	4124	105	0	0	1678	86	2446	19
V3-C-063	V3	C	2	10	2	5	10	25	30	20	5	5	2	1	10	9	1	53	28	兵庫県	2	1	2	4	ok	0	4116	105	0	0	1674	86	2442	19
V3-C-064	V3	C	2	9	2	5	10	30	30	15	5	5	2	1	9	9	1	26	1	北海道	1	8	6	1	ok	0	4118	105	0	0	1675	86	2443	19
V3-C-065	V3	C	1	8	2	10	15	30	25	10	5	5	2	1	9	11	2	49	14	神奈川県	2	1	1	1	ok	0	4112	103	0	0	1673	84	2439	19
V3-C-066	V3	C	1	9	2	5	15	35	25	15	3	2	2	1	9	11	1	76	27	大阪府	2	1	2	2	ok	0	4112	105	0	0	1672	86	2440	19
V3-C-067	V3	C	2	9	2	5	10	25	30	20	5	5	2	1	10	9	1	87	27	大阪府	2	6	1	4	ok	0	4128	105	0	0	1680	86	2448	19
V3-C-068	V3	C	2	9	2	5	10	30	30	15	5	5	2	1	10	9	1	20	11	埼玉県	1	8	2	3	ok	0	4140	105	0	0	1686	86	2454	19
V3-C-069	V3	C	2	10	2	5	10	25	30	20	5	5	2	1	10	9	1	52	41	佐賀県	2	8	2	4	ok	0	4120	105	0	0	1676	86	2444	19
V3-C-070	V3	C	2	9	2	5	10	30	30	15	5	5	2	1	9	11	1	94	22	静岡県	2	7	1	7	ok	0	4132	105	0	0	1682	86	2450	19
V3-C-071	V3	C	2	10	2	5	10	25	30	20	5	5	2	1	10	9	1	46	29	奈良県	1	7	1	2	ok	0	4150	105	0	0	1691	86	2459	19
V3-C-072	V3	C	2	10	2	5	10	25	35	15	5	5	2	1	10	9	1	56	46	鹿児島県	2	8	6	5	ok	0	4122	105	0	0	1677	86	2445	19
V3-C-073	V3	C	1	9	2	5	10	30	30	15	5	5	2	1	9	9	2	34	11	埼玉県	2	7	2	5	ok	0	4130	105	0	0	1681	86	2449	19
V3-C-074	V3	C	1	8	2	10	15	30	25	15	3	2	2	1	9	9	2	88	14	神奈川県	1	8	1	1	ok	0	4136	105	0	0	1684	86	2452	19
V3-C-075	V3	C	2	10	2	5	10	25	30	20	5	5	2	1	10	9	2	45	28	兵庫県	2	7	5	4	ok	0	4128	105	0	0	1680	86	2448	19
V3-C-076	V3	C	2	10	2	5	10	25	30	20	5	5	2	1	10	9	1	35	25	滋賀県	2	8	2	2	ok	0	4116	105	0	0	1674	86	2442	19
V3-C-077	V3	C	1	9	2	5	10	35	30	15	3	2	2	1	9	11	1	51	13	東京都	2	8	6	1	ok	0	4100	105	0	0	1666	86	2434	19
V3-C-078	V3	C	2	10	2	5	10	25	30	20	5	5	2	1	10	11	2	42	28	兵庫県	1	7	2	7	ok	0	4150	105	0	0	1691	86	2459	19
V3-C-079	V3	C	2	10	2	5	10	25	30	20	5	5	2	1	10	9	2	57	30	和歌山県	2	8	2	6	ok	0	4120	105	0	0	1676	86	2444	19
V3-C-080	V3	C	1	9	2	5	10	30	30	15	5	5	2	1	9	11	2	79	13	東京都	1	1	2	3	ok	0	4130	105	0	0	1681	86	2449	19
V3-C-081	V3	C	1	9	2	5	10	30	30	15	5	5	2	1	9	11	2	50	22	静岡県	2	6	4	5	ok	0	4122	105	0	0	1677	86	2445	19
V3-C-082	V3	C	1	9	2	5	15	35	25	15	3	2	2	1	9	11	2	76	26	京都府	1	1	2	2	ok	0	4126	105	0	0	1679	86	2447	19
V3-C-083	V3	C	2	9	2	5	10	25	30	20	5	5	2	1	9	9	1	68	39	高知県	1	8	2	5	ok	0	4128	105	0	0	1680	86	2448	19
V3-C-084	V3	C	1	8	2	5	15	30	25	15	5	5	2	1	9	11	2	32	27	大阪府	2	1	5	1	ok	0	4104	105	0	0	1668	86	2436	19
V3-C-085	V3	C	1	8	2	10	15	30	25	15	3	2	2	1	9	11	2	23	11	埼玉県	1	7	6	1	ok	0	4138	105	0	0	1685	86	2453	19
V3-C-086	V3	C	2	9	2	5	10	30	30	15	5	5	2	1	9	9	1	69	26	京都府	2	6	6	5	ok	0	4112	105	0	0	1672	86	2440	19
V3-C-087	V3	C	2	9	2	5	10	25	30	20	5	5	2	1	9	9	2	56	20	長野県	2	8	2	5	ok	0	4104	105	0	0	1668	86	2436	19
V3-C-088	V3	C	2	10	2	5	10	25	30	20	5	5	2	1	10	9	2	64	46	鹿児島県	2	1	2	1	ok	0	4116	105	0	0	1674	86	2442	19
V3-C-089	V3	C	2	10	2	5	10	25	30	20	5	5	2	1	10	9	2	84	25	滋賀県	1	6	2	1	ok	0	4136	105	0	0	1684	86	2452	19
V3-C-090	V3	C	1	8	2	10	15	35	20	10	5	5	2	1	9	11	2	58	27	大阪府	1	7	1	7	ok	0	4150	103	0	0	1692	84	2458	19
V3-C-091	V3	C	2	9	2	5	10	30	30	15	5	5	2	1	9	9	2	28	26	京都府	2	8	6	1	ok	0	4096	105	0	0	1664	86	2432	19
V3-C-092	V3	C	1	8	2	5	15	35	25	15	3	2	2	1	8	11	2	41	12	千葉県	2	6	4	1	ok	0	4114	105	0	0	1673	86	2441	19
V3-C-093	V3	C	1	9	2	5	10	30	30	15	5	5	2	1	9	11	2	46	27	大阪府	1	8	2	4	ok	0	4134	105	0	0	1683	86	2451	19
V3-C-094	V3	C	2	10	2	5	10	25	30	20	5	5	2	1	10	9	2	22	15	新潟県	1	2	2	1	ok	0	4114	105	0	0	1673	86	2441	19
V3-C-095	V3	C	1	9	2	5	15	35	25	15	3	2	2	1	9	11	1	39	13	東京都	1	6	6	3	ok	0	4136	105	0	0	1684	86	2452	19
V3-C-096	V3	C	2	9	2	5	10	30	30	15	5	5	2	1	9	9	1	64	20	長野県	2	8	2	1	ok	0	4096	105	0	0	1664	86	2432	19
V3-C-097	V3	C	2	10	2	5	10	25	30	20	5	5	2	1	9	9	1	47	16	富山県	2	1	2	4	ok	0	4102	105	0	0	1667	86	2435	19
V3-C-098	V3	C	2	9	2	5	10	30	30	15	5	5	2	1	9	9	1	58	14	神奈川県	2	7	7	1	ok	0	4118	105	0	0	1675	86	2443	19
V3-C-099	V3	C	1	9	2	5	15	30	25	15	5	5	2	1	9	9	2	69	1	北海道	1	6	2	4	ok	0	4138	105	0	0	1685	86	2453	19
V3-C-100	V3	C	1	9	2	5	10	30	30	15	5	5	2	1	9	11	2	81	27	大阪府	2	8	2	1	ok	0	4106	105	0	0	1669	86	2437	19
V3-C-101	V3	C	2	9	2	5	10	30	30	15	5	5	2	1	9	9	2	64	38	愛媛県	1	1	6	8	ok	0	4120	105	0	0	1676	86	2444	19
V3-C-102	V3	C	1	8	2	5	10	25	30	20	5	5	2	1	9	9	2	78	45	宮崎県	1	8	1	1	ok	0	4138	105	0	0	1685	86	2453	19
V3-C-103	V3	C	2	9	2	5	10	30	30	15	5	5	2	1	9	11	1	67	27	大阪府	2	2	6	5	ok	0	4102	105	0	0	1667	86	2435	19
V3-C-104	V3	C	2	9	2	5	10	25	30	20	7	3	2	1	9	9	2	29	11	埼玉県	1	3	6	1	ok	0	4160	105	0	0	1696	86	2464	19
V3-C-105	V3	C	2	10	2	5	10	25	35	15	5	5	2	1	9	11	1	42	14	神奈川県	2	1	2	5	ok	0	4116	105	0	0	1674	86	2442	19
V3-C-106	V3	C	1	8	2	5	10	30	30	15	5	5	2	1	9	9	2	27	11	埼玉県	1	7	6	3	ok	0	4146	105	0	0	1689	86	2457	19
V3-C-107	V3	C	2	9	2	5	10	30	30	15	5	5	2	1	10	9	1	76	14	神奈川県	2	6	6	1	ok	0	4114	105	0	0	1673	86	2441	19
V3-C-108	V3	C	1	8	2	5	10	30	30	15	5	5	2	1	9	9	2	54	14	神奈川県	2	6	2	1	ok	0	4118	105	0	0	1675	86	2443	19
V3-C-109	V3	C	2	9	2	5	10	30	30	15	5	5	2	1	9	9	1	63	27	大阪府	2	7	2	6	ok	0	4124	105	0	0	1678	86	2446	19
V3-C-110	V3	C	1	9	2	5	10	30	30	15	5	5	2	1	9	11	1	23	13	東京都	1	1	2	1	ok	0	4122	105	0	0	1677	86	2445	19
V3-C-111	V3	C	2	10	2	5	10	25	30	20	5	5	2	1	10	9	2	58	23	愛知県	2	1	3	6	ok	0	4118	105	0	0	1675	86	2443	19
V3-C-112	V3	C	2	9	2	5	10	30	30	15	5	5	2	1	9	11	1	76	34	広島県	2	1	1	1	ok	0	4104	105	0	0	1668	86	2436	19
V3-C-113	V3	C	2	9	2	5	10	30	30	15	5	5	2	1	9	11	1	50	4	宮城県	2	1	2	4	ok	0	4112	105	0	0	1672	86	2440	19
V3-C-114	V3	C	2	10	2	5	10	25	30	20	5	5	2	1	10	9	2	74	29	奈良県	1	1	2	6	ok	0	4132	105	0	0	1682	86	2450	19
V3-C-115	V3	C	2	9	2	5	10	30	30	15	5	5	2	1	9	9	1	77	1	北海道	1	6	6	2	ok	0	4134	105	0	0	1683	86	2451	19
V3-C-116	V3	C	2	10	2	5	10	25	30	20	5	5	2	1	9	11	2	63	14	神奈川県	2	7	2	7	ok	0	4130	105	0	0	1681	86	2449	19
V3-C-117	V3	C	2	10	2	5	10	25	30	20	5	5	2	1	10	9	1	69	23	愛知県	1	8	1	1	ok	0	4134	105	0	0	1683	86	2451	19
V3-C-118	V3	C	2	10	2	5	10	25	35	15	5	5	2	1	10	9	2	58	14	神奈川県	2	7	2	8	ok	0	4122	105	0	0	1677	86	2445	19
V3-C-119	V3	C	2	9	2	5	10	30	30	15	5	5	2	1	9	11	2	29	34	広島県	1	1	6	5	ok	0	4122	105	0	0	1677	86	2445	19
V3-C-120	V3	C	1	8	2	5	15	40	25	10	3	2	2	1	9	11	1	69	22	静岡県	2	8	2	1	ok	0	4106	105	0	0	1669	86	2437	19
V3-C-121	V3	C	2	9	2	5	10	30	30	15	5	5	2	1	9	9	2	40	13	東京都	2	8	5	4	ok	0	4112	105	0	0	1672	86	2440	19
V3-C-122	V3	C	2	9	2	5	10	30	30	15	5	5	2	1	9	11	2	53	12	千葉県	2	7	6	8	ok	0	4114	105	0	0	1673	86	2441	19
V3-C-123	V3	C	2	9	2	5	10	35	30	15	3	2	2	1	9	11	1	58	13	東京都	2	3	6	3	ok	0	4140	105	0	0	1686	86	2454	19
V3-C-124	V3	C	1	8	2	5	10	30	30	15	5	5	2	1	9	9	2	24	12	千葉県	1	7	6	2	ok	0	4140	105	0	0	1686	86	2454	19
V3-C-125	V3	C	2	10	2	5	10	25	35	15	5	5	2	1	10	9	1	33	14	神奈川県	2	1	6	6	ok	0	4112	105	0	0	1672	86	2440	19
V3-C-126	V3	C	2	9	2	5	10	30	30	15	5	5	2	1	9	11	1	24	11	埼玉県	1	1	6	1	ok	0	4126	105	0	0	1679	86	2447	19
V3-C-127	V3	C	2	8	2	5	10	30	30	15	5	5	2	1	9	11	1	51	33	岡山県	2	7	2	2	ok	0	4120	105	0	0	1676	86	2444	19
V3-C-128	V3	C	2	9	2	5	10	30	30	15	5	5	2	1	9	11	1	30	13	東京都	2	1	6	4	ok	0	4106	105	0	0	1669	86	2437	19
V3-C-129	V3	C	2	9	2	5	10	30	30	15	5	5	2	1	9	11	1	52	12	千葉県	1	1	6	1	ok	0	4120	105	0	0	1676	86	2444	19
V3-C-130	V3	C	2	9	2	5	10	30	30	15	5	5	2	1	9	11	1	57	27	大阪府	2	1	2	6	ok	0	4112	105	0	0	1672	86	2440	19
V3-C-131	V3	C	2	9	2	5	10	30	30	15	5	5	2	1	9	9	1	22	1	北海道	1	1	2	4	ok	0	4128	105	0	0	1680	86	2448	19
V3-C-132	V3	C	2	10	2	5	10	30	30	15	5	5	2	1	10	11	1	54	28	兵庫県	1	8	6	7	ok	0	4136	105	0	0	1684	86	2452	19
V3-C-133	V3	C	2	9	2	5	10	30	30	15	5	5	2	1	9	9	1	66	12	千葉県	2	6	6	4	ok	0	4118	105	0	0	1675	86	2443	19
V3-C-134	V3	C	2	9	2	5	10	30	30	15	5	5	2	1	9	9	2	64	1	北海道	2	2	2	5	ok	0	4102	105	0	0	1667	86	2435	19
V3-C-135	V3	C	2	9	2	5	10	30	30	15	5	5	2	1	9	11	2	27	11	埼玉県	1	1	2	3	ok	0	4138	105	0	0	1685	86	2453	19
V3-C-136	V3	C	1	8	2	10	15	30	25	15	3	2	2	1	9	11	2	58	24	三重県	2	1	5	1	ok	0	4094	103	0	0	1664	84	2430	19
V3-C-137	V3	C	2	9	2	5	10	25	35	15	5	5	2	1	9	11	1	43	11	埼玉県	2	1	3	6	ok	0	4122	105	0	0	1677	86	2445	19
V3-C-138	V3	C	2	10	2	5	10	25	30	20	5	5	2	1	10	9	1	72	14	神奈川県	2	8	2	2	ok	0	4118	105	0	0	1675	86	2443	19
V3-C-139	V3	C	2	10	2	5	10	25	30	20	5	5	2	1	10	9	1	77	23	愛知県	2	7	6	1	ok	0	4114	105	0	0	1673	86	2441	19
V3-C-140	V3	C	1	8	2	5	15	30	25	15	5	5	2	1	9	11	2	79	14	神奈川県	2	8	2	4	ok	0	4118	105	0	0	1675	86	2443	19
V3-C-141	V3	C	2	10	2	5	10	20	30	25	5	5	2	1	10	9	2	43	47	沖縄県	2	7	2	4	ok	0	4128	105	0	0	1680	86	2448	19
V3-C-142	V3	C	1	9	2	5	15	35	25	10	5	5	2	1	9	9	1	26	24	三重県	2	8	6	1	ok	0	4094	105	0	0	1663	86	2431	19
V3-C-143	V3	C	2	10	2	5	10	25	30	20	5	5	2	1	10	11	1	55	28	兵庫県	1	7	2	4	ok	0	4148	105	0	0	1690	86	2458	19
V3-C-144	V3	C	2	10	2	5	10	25	30	20	7	3	2	1	10	9	1	22	14	神奈川県	1	3	2	1	ok	0	4162	105	0	0	1697	86	2465	19
V3-C-145	V3	C	2	10	2	5	10	25	30	20	5	5	2	1	10	9	1	68	29	奈良県	2	7	6	1	ok	0	4112	105	0	0	1672	86	2440	19
V3-C-146	V3	C	1	8	2	5	15	35	25	15	3	2	2	1	9	11	2	54	5	秋田県	2	1	2	4	ok	0	4112	105	0	0	1672	86	2440	19
V3-C-147	V3	C	1	8	2	5	15	35	25	15	3	2	2	1	9	11	2	60	13	東京都	2	6	2	2	ok	0	4120	105	0	0	1676	86	2444	19
V3-C-148	V3	C	1	8	2	10	15	30	25	15	3	2	2	1	9	11	1	71	12	千葉県	2	7	1	2	ok	0	4130	105	0	0	1681	86	2449	19
V3-C-149	V3	C	1	8	2	5	10	30	30	15	5	5	2	1	9	11	1	68	13	東京都	2	6	2	4	ok	0	4120	105	0	0	1676	86	2444	19
V3-C-150	V3	C	2	9	2	5	10	30	30	15	5	5	2	1	9	9	1	46	38	愛媛県	1	1	6	4	ok	0	4126	105	0	0	1679	86	2447	19
V3-C-151	V3	C	1	9	2	5	15	30	25	15	5	5	2	1	9	9	2	82	1	北海道	1	6	2	1	ok	0	4130	105	0	0	1681	86	2449	19
V3-C-152	V3	C	2	9	2	5	10	30	30	15	5	5	2	1	9	11	2	46	13	東京都	2	1	6	5	ok	0	4106	105	0	0	1669	86	2437	19
V3-C-153	V3	C	1	7	2	5	15	40	20	10	5	5	2	1	8	9	1	51	2	青森県	2	6	2	5	ok	0	4116	105	0	0	1674	86	2442	19
V3-C-154	V3	C	1	9	2	10	15	30	25	15	3	2	2	1	9	11	2	85	1	北海道	1	7	1	1	ok	0	4138	105	0	0	1685	86	2453	19
V3-C-155	V3	C	1	8	2	5	15	40	25	10	3	2	2	1	9	11	1	58	26	京都府	2	6	6	1	ok	0	4104	105	0	0	1668	86	2436	19
V3-C-156	V3	C	2	10	2	5	10	25	30	20	5	5	2	1	10	9	2	79	28	兵庫県	2	1	2	1	ok	0	4108	105	0	0	1670	86	2438	19
V3-C-157	V3	C	2	9	2	5	10	30	30	15	5	5	2	1	9	11	1	55	27	大阪府	1	2	4	6	ok	0	4126	105	0	0	1679	86	2447	19
V3-C-158	V3	C	2	9	2	5	10	30	30	15	5	5	2	1	9	9	2	39	1	北海道	1	1	4	4	ok	0	4128	105	0	0	1680	86	2448	19
V3-C-159	V3	C	2	10	2	5	10	25	30	20	5	5	2	1	10	9	1	62	28	兵庫県	2	7	2	4	ok	0	4128	105	0	0	1680	86	2448	19
V3-C-160	V3	C	1	9	2	5	15	35	25	15	3	2	2	1	9	11	1	51	13	東京都	2	6	4	1	ok	0	4110	103	0	0	1672	84	2438	19
V3-C-161	V3	C	2	10	2	5	10	25	30	20	5	5	2	1	10	9	2	21	14	神奈川県	1	1	2	2	ok	0	4136	105	0	0	1684	86	2452	19
V3-C-162	V3	C	2	9	2	5	10	30	30	15	5	5	2	1	9	11	1	54	14	神奈川県	2	6	6	1	ok	0	4114	105	0	0	1673	86	2441	19
V3-C-163	V3	C	1	8	2	5	15	35	25	15	3	2	2	1	9	11	2	59	24	三重県	2	3	2	1	ok	0	4130	105	0	0	1681	86	2449	19
V3-C-164	V3	C	2	11	2	5	10	20	30	25	5	5	2	1	10	9	2	90	47	沖縄県	1	8	1	1	ok	0	4136	105	0	0	1684	86	2452	19
V3-C-165	V3	C	2	10	2	5	10	25	30	20	5	5	2	1	9	9	1	73	23	愛知県	2	7	2	1	ok	0	4118	105	0	0	1675	86	2443	19
V3-C-166	V3	C	2	10	2	5	10	25	30	20	5	5	2	1	10	9	1	48	14	神奈川県	2	1	2	3	ok	0	4116	105	0	0	1674	86	2442	19
V3-C-167	V3	C	2	9	2	5	10	35	30	15	3	2	2	1	9	11	1	31	13	東京都	1	1	6	4	ok	0	4126	105	0	0	1679	86	2447	19
V3-C-168	V3	C	2	10	2	5	10	25	30	20	5	5	2	1	10	9	1	72	15	新潟県	2	8	4	2	ok	0	4110	105	0	0	1671	86	2439	19
V3-C-169	V3	C	2	10	2	5	10	25	30	20	5	5	2	1	10	9	2	36	29	奈良県	2	1	6	4	ok	0	4108	105	0	0	1670	86	2438	19
V3-C-170	V3	C	2	9	2	5	10	30	30	15	5	5	2	1	9	11	2	57	11	埼玉県	2	1	6	6	ok	0	4114	105	0	0	1673	86	2441	19
V3-C-171	V3	C	2	9	2	5	10	30	30	15	5	5	2	1	9	9	1	20	13	東京都	1	1	6	5	ok	0	4126	105	0	0	1679	86	2447	19
V3-C-172	V3	C	1	8	2	10	15	30	25	15	3	2	2	1	8	11	2	55	21	岐阜県	1	7	2	1	ok	0	4140	103	0	0	1687	84	2453	19
V3-C-173	V3	C	1	9	2	5	10	30	30	15	5	5	2	1	9	11	1	77	27	大阪府	1	1	1	1	ok	0	4130	105	0	0	1681	86	2449	19
V3-C-174	V3	C	2	9	2	5	10	30	30	15	5	5	2	1	9	9	1	51	27	大阪府	2	8	2	8	ok	0	4108	105	0	0	1670	86	2438	19
V3-C-175	V3	C	2	10	2	5	10	25	30	20	5	5	2	1	9	9	2	54	29	奈良県	2	8	6	3	ok	0	4110	105	0	0	1671	86	2439	19
V3-C-176	V3	C	2	9	2	5	10	30	30	15	5	5	2	1	9	11	1	38	26	京都府	1	1	2	4	ok	0	4126	105	0	0	1679	86	2447	19
V3-C-177	V3	C	2	9	2	5	10	30	30	15	5	5	2	1	9	9	2	47	1	北海道	2	7	1	5	ok	0	4126	105	0	0	1679	86	2447	19
V3-C-178	V3	C	2	9	2	5	10	30	30	15	5	5	2	1	9	9	2	73	13	東京都	1	1	4	5	ok	0	4130	105	0	0	1681	86	2449	19
V3-C-179	V3	C	1	8	2	5	10	35	30	15	3	2	2	1	9	11	1	59	13	東京都	2	7	4	4	ok	0	4122	105	0	0	1677	86	2445	19
V3-C-180	V3	C	2	10	2	5	10	25	30	20	5	5	2	1	10	9	2	42	10	群馬県	1	1	2	2	ok	0	4132	105	0	0	1682	86	2450	19
V3-C-181	V3	C	1	9	2	5	15	30	25	15	5	5	2	1	9	11	2	81	1	北海道	1	1	1	1	ok	0	4126	105	0	0	1679	86	2447	19
V3-C-182	V3	C	1	8	2	5	10	30	30	15	5	5	2	1	9	11	2	57	35	山口県	2	6	2	2	ok	0	4112	105	0	0	1672	86	2440	19
V3-C-183	V3	C	2	10	2	5	10	30	30	15	5	5	2	1	10	9	1	51	14	神奈川県	1	8	6	6	ok	0	4134	105	0	0	1683	86	2451	19
V3-C-184	V3	C	2	10	2	5	10	25	30	20	5	5	2	1	10	9	1	46	14	神奈川県	2	1	4	2	ok	0	4116	105	0	0	1674	86	2442	19
V3-C-185	V3	C	2	10	2	5	10	20	30	25	5	5	2	1	10	9	1	21	7	福島県	1	6	2	1	ok	0	4124	105	0	0	1678	86	2446	19
V3-C-186	V3	C	2	10	2	5	10	25	30	20	5	5	2	1	10	9	2	53	14	神奈川県	2	1	4	6	ok	0	4116	105	0	0	1674	86	2442	19
V3-C-187	V3	C	2	9	2	5	10	30	30	15	5	5	2	1	9	11	1	53	27	大阪府	2	3	2	5	ok	0	4146	105	0	0	1689	86	2457	19
V3-C-188	V3	C	2	9	2	5	10	30	30	15	5	5	2	1	9	9	1	89	26	京都府	1	1	1	1	ok	0	4124	105	0	0	1678	86	2446	19
V3-C-189	V3	C	2	9	2	5	10	30	30	15	5	5	2	1	9	9	1	57	12	千葉県	2	7	7	2	ok	0	4122	105	0	0	1677	86	2445	19
V3-C-190	V3	C	2	10	2	5	10	20	30	25	5	5	2	1	10	9	2	90	7	福島県	2	1	1	7	ok	0	4110	105	0	0	1671	86	2439	19
V3-C-191	V3	C	2	9	2	5	10	30	30	15	5	5	2	1	9	11	2	95	1	北海道	1	3	1	1	ok	0	4160	105	0	0	1696	86	2464	19
V3-C-192	V3	C	2	9	2	5	10	30	30	15	5	5	2	1	9	11	1	54	13	東京都	1	8	2	6	ok	0	4132	105	0	0	1682	86	2450	19
V3-C-193	V3	C	2	10	2	5	10	25	30	20	5	5	2	1	10	9	2	69	46	鹿児島県	2	1	1	1	ok	0	4122	105	0	0	1677	86	2445	19
V3-C-194	V3	C	1	8	2	5	10	25	30	20	5	5	2	1	9	11	2	74	25	滋賀県	2	6	1	1	ok	0	4122	105	0	0	1677	86	2445	19
V3-C-195	V3	C	1	8	2	5	10	25	30	20	5	5	2	1	9	11	2	70	28	兵庫県	2	7	6	2	ok	0	4124	105	0	0	1678	86	2446	19
V3-C-196	V3	C	2	9	2	5	10	25	30	20	5	5	2	1	9	11	1	87	21	岐阜県	2	8	1	1	ok	0	4118	105	0	0	1675	86	2443	19
V3-C-197	V3	C	2	10	2	5	10	25	30	20	5	5	2	1	10	11	1	51	40	福岡県	1	7	2	7	ok	0	4146	105	0	0	1689	86	2457	19
V3-C-198	V3	C	1	8	2	5	15	30	25	15	5	5	2	1	9	11	2	51	33	岡山県	2	7	4	5	ok	0	4120	105	0	0	1676	86	2444	19
V3-C-199	V3	C	1	9	2	10	15	30	25	15	3	2	2	1	9	11	2	90	27	大阪府	1	7	2	2	ok	0	4144	105	0	0	1688	86	2456	19
V3-C-200	V3	C	2	10	2	5	10	25	30	20	5	5	2	1	10	11	2	73	28	兵庫県	1	1	2	2	ok	0	4136	105	0	0	1684	86	2452	19
V3-C-201	V3	C	2	10	2	5	10	25	30	20	5	5	2	1	10	9	2	26	29	奈良県	2	7	6	2	ok	0	4120	105	0	0	1676	86	2444	19
V3-C-202	V3	C	1	8	2	10	15	30	25	15	3	2	2	1	9	11	2	62	43	熊本県	2	2	2	1	ok	0	4098	105	0	0	1665	86	2433	19
V3-C-203	V3	C	2	9	2	5	10	30	30	15	5	5	2	1	9	9	2	39	27	大阪府	1	8	6	5	ok	0	4130	105	0	0	1681	86	2449	19
V3-C-204	V3	C	2	10	2	5	10	20	30	25	5	5	2	1	10	9	2	92	14	神奈川県	2	8	2	1	ok	0	4110	105	0	0	1671	86	2439	19
V3-C-205	V3	C	1	9	2	5	15	35	25	15	3	2	2	1	9	11	2	41	13	東京都	1	1	2	5	ok	0	4130	105	0	0	1681	86	2449	19
V3-C-206	V3	C	2	9	2	5	10	25	35	15	5	5	2	1	9	9	2	38	20	長野県	2	4	6	3	ok	0	4092	105	0	0	1662	86	2430	19
V3-C-207	V3	C	2	9	2	5	10	30	30	15	5	5	2	1	9	11	1	36	9	栃木県	2	7	6	7	ok	0	4126	105	0	0	1679	86	2447	19
V3-C-208	V3	C	2	10	2	5	10	25	30	20	5	5	2	1	9	9	1	30	23	愛知県	1	1	2	1	ok	0	4126	105	0	0	1679	86	2447	19
V3-C-209	V3	C	1	9	2	5	15	35	25	15	3	2	2	1	9	11	2	44	27	大阪府	2	2	2	4	ok	0	4106	105	0	0	1669	86	2437	19
V3-C-210	V3	C	1	8	2	5	15	35	25	15	3	2	2	1	9	11	1	43	27	大阪府	1	3	4	1	ok	0	4156	103	0	0	1695	84	2461	19
V3-C-211	V3	C	2	10	2	5	10	25	30	20	5	5	2	1	10	9	2	81	25	滋賀県	1	1	2	1	ok	0	4126	105	0	0	1679	86	2447	19
V3-C-212	V3	C	2	9	2	5	10	30	30	15	5	5	2	1	9	9	1	75	11	埼玉県	2	6	1	3	ok	0	4134	105	0	0	1683	86	2451	19
V3-C-213	V3	C	2	9	2	5	10	30	30	15	5	5	2	1	9	9	1	24	13	東京都	1	6	2	5	ok	0	4140	105	0	0	1686	86	2454	19
V3-C-214	V3	C	1	9	2	10	15	30	25	15	3	2	2	1	9	11	2	77	1	北海道	1	8	5	1	ok	0	4122	105	0	0	1677	86	2445	19
V3-C-215	V3	C	2	10	2	5	10	25	30	20	5	5	2	1	10	9	1	82	23	愛知県	2	1	2	2	ok	0	4114	105	0	0	1673	86	2441	19
V3-C-216	V3	C	2	10	2	5	10	25	35	15	5	5	2	1	10	9	1	35	10	群馬県	1	6	4	3	ok	0	4142	105	0	0	1687	86	2455	19
V3-C-217	V3	C	1	8	2	5	15	30	25	15	5	5	2	1	9	11	2	51	27	大阪府	2	7	1	4	ok	0	4130	105	0	0	1681	86	2449	19
V3-C-218	V3	C	1	9	2	5	10	35	30	15	3	2	2	1	9	11	2	66	13	東京都	1	7	6	4	ok	0	4138	105	0	0	1685	86	2453	19
V3-C-219	V3	C	2	10	2	5	10	25	30	20	5	5	2	1	10	9	2	56	28	兵庫県	1	8	2	3	ok	0	4138	105	0	0	1685	86	2453	19
V3-C-220	V3	C	2	10	2	5	10	25	30	20	5	5	2	1	9	9	2	37	14	神奈川県	1	1	5	2	ok	0	4136	105	0	0	1684	86	2452	19
V3-C-221	V3	C	2	10	2	5	10	25	30	20	5	5	2	1	9	11	2	25	43	熊本県	1	7	4	1	ok	0	4136	105	0	0	1684	86	2452	19
V3-C-222	V3	C	2	9	2	5	10	30	30	15	5	5	2	1	9	11	1	51	1	北海道	2	4	6	6	ok	0	4098	105	0	0	1665	86	2433	19
V3-C-223	V3	C	1	8	2	5	10	40	25	15	3	2	2	1	9	9	1	65	8	茨城県	1	8	2	2	ok	0	4134	105	0	0	1683	86	2451	19
V3-C-224	V3	C	2	10	2	5	10	25	30	20	5	5	2	1	10	9	2	72	28	兵庫県	2	6	1	1	ok	0	4124	105	0	0	1678	86	2446	19
V3-C-225	V3	C	1	8	2	5	15	30	25	15	5	5	2	1	9	11	2	83	12	千葉県	2	7	1	1	ok	0	4120	103	0	0	1677	84	2443	19
V3-C-226	V3	C	2	9	2	5	10	30	30	15	5	5	2	1	9	11	1	44	4	宮城県	1	1	2	5	ok	0	4132	105	0	0	1682	86	2450	19
V3-C-227	V3	C	1	8	2	5	10	30	30	15	5	5	2	1	9	11	2	72	16	富山県	2	1	2	1	ok	0	4094	105	0	0	1663	86	2431	19
V3-C-228	V3	C	2	9	2	5	10	30	30	15	7	3	2	1	9	11	1	48	13	東京都	2	9	6	8	ok	0	4090	105	0	0	1661	86	2429	19
V3-C-229	V3	C	2	9	2	5	10	25	30	20	5	5	2	1	9	11	2	40	33	岡山県	2	6	2	7	ok	0	4120	105	0	0	1676	86	2444	19
V3-C-230	V3	C	1	8	2	5	10	30	30	15	5	5	2	1	9	9	2	81	40	福岡県	1	7	2	1	ok	0	4136	105	0	0	1684	86	2452	19
V3-C-231	V3	C	2	9	2	5	10	30	30	15	5	5	2	1	9	9	2	80	5	秋田県	1	1	2	6	ok	0	4132	105	0	0	1682	86	2450	19
V3-C-232	V3	C	1	7	2	5	15	35	25	15	3	2	2	1	8	11	2	49	2	青森県	2	8	7	4	ok	0	4106	105	0	0	1669	86	2437	19
V3-C-233	V3	C	1	8	2	5	15	30	25	15	5	5	2	1	9	11	1	60	28	兵庫県	2	7	2	1	ok	0	4120	105	0	0	1676	86	2444	19
V3-C-234	V3	C	2	10	2	5	10	25	30	20	5	5	2	1	10	9	2	59	7	福島県	2	1	6	4	ok	0	4098	105	0	0	1665	86	2433	19
V3-C-235	V3	C	1	8	2	5	15	35	25	15	3	2	2	1	9	11	2	53	13	東京都	1	2	6	1	ok	0	4112	105	0	0	1672	86	2440	19
V3-C-236	V3	C	1	9	2	5	10	30	30	15	5	5	2	1	9	11	2	76	27	大阪府	2	6	1	1	ok	0	4120	105	0	0	1676	86	2444	19
V3-C-237	V3	C	1	8	2	5	10	35	25	15	5	5	2	1	9	9	2	22	13	東京都	1	7	6	2	ok	0	4138	105	0	0	1685	86	2453	19
V3-C-238	V3	C	2	9	2	5	10	30	30	15	5	5	2	1	9	9	2	36	26	京都府	2	1	2	1	ok	0	4098	105	0	0	1665	86	2433	19
V3-C-239	V3	C	2	10	2	5	10	25	35	15	5	5	2	1	10	9	2	46	28	兵庫県	2	6	1	5	ok	0	4132	105	0	0	1682	86	2450	19
V3-C-240	V3	C	1	8	2	5	10	30	30	15	5	5	2	1	9	9	1	75	11	埼玉県	2	8	1	1	ok	0	4118	105	0	0	1675	86	2443	19
V3-C-241	V3	C	2	10	2	5	10	25	30	20	5	5	2	1	10	11	1	68	28	兵庫県	2	8	2	2	ok	0	4118	105	0	0	1675	86	2443	19
V3-C-242	V3	C	2	10	2	5	10	25	30	20	5	5	2	1	9	11	1	71	6	山形県	2	6	2	1	ok	0	4108	105	0	0	1670	86	2438	19
V3-C-243	V3	C	2	10	2	5	10	25	30	20	5	5	2	1	10	9	1	73	23	愛知県	2	1	1	5	ok	0	4120	105	0	0	1676	86	2444	19
V3-C-244	V3	C	2	9	2	5	10	30	30	15	5	5	2	1	9	11	2	28	13	東京都	2	8	6	2	ok	0	4108	105	0	0	1670	86	2438	19
V3-C-245	V3	C	2	9	2	5	10	30	30	15	5	5	2	1	9	11	2	67	1	北海道	2	6	2	6	ok	0	4118	105	0	0	1675	86	2443	19
V3-C-246	V3	C	1	8	2	5	10	30	30	15	5	5	2	1	9	11	2	69	11	埼玉県	2	1	2	1	ok	0	4110	105	0	0	1671	86	2439	19
V3-C-247	V3	C	2	10	2	5	10	25	35	15	5	5	2	1	10	11	2	33	28	兵庫県	1	1	4	5	ok	0	4136	105	0	0	1684	86	2452	19
V3-C-248	V3	C	1	8	2	5	15	35	25	15	3	2	2	1	9	11	2	69	13	東京都	2	6	2	1	ok	0	4112	105	0	0	1672	86	2440	19
V3-C-249	V3	C	1	9	2	5	15	35	25	15	3	2	2	1	9	11	2	26	27	大阪府	1	1	6	1	ok	0	4120	105	0	0	1676	86	2444	19
V3-C-250	V3	C	1	8	2	10	15	30	25	15	3	2	2	1	9	9	2	77	40	福岡県	2	8	1	1	ok	0	4112	105	0	0	1672	86	2440	19
V3-D-001	V3	D	2	9	2	5	10	35	30	15	3	2	3	1	9	11	1	40	13	東京都	2	1	6	7	ok	0	4058	105	0	0	1670	86	2388	19
V3-D-002	V3	D	2	10	2	5	10	25	30	20	5	5	3	1	10	9	1	60	31	鳥取県	2	8	1	4	ok	0	4076	105	0	0	1679	86	2397	19
V3-D-003	V3	D	2	10	2	5	10	25	30	20	5	5	3	1	10	9	2	35	46	鹿児島県	2	8	6	4	ok	0	4072	105	0	0	1677	86	2395	19
V3-D-004	V3	D	1	9	2	5	15	35	25	15	3	2	3	1	9	11	2	66	13	東京都	2	1	6	4	ok	0	4056	105	0	0	1669	86	2387	19
V3-D-005	V3	D	2	10	2	5	10	25	30	20	5	5	3	1	10	9	1	49	46	鹿児島県	1	8	2	2	ok	0	4096	105	0	0	1689	86	2407	19
V3-D-006	V3	D	2	9	2	5	10	30	30	15	5	5	3	1	9	11	1	46	13	東京都	2	6	6	5	ok	0	4064	103	0	0	1674	84	2390	19
V3-D-007	V3	D	2	10	2	5	10	25	35	15	5	5	3	1	9	11	1	64	28	兵庫県	2	1	6	4	ok	0	4062	105	0	0	1672	86	2390	19
V3-D-008	V3	D	1	8	2	5	10	25	30	20	5	5	3	1	9	11	1	83	43	熊本県	2	2	1	1	ok	0	4054	105	0	0	1668	86	2386	19
V3-D-009	V3	D	1	8	2	5	15	35	25	15	3	2	3	1	9	11	2	58	1	北海道	2	1	5	2	ok	0	4058	105	0	0	1670	86	2388	19
V3-D-010	V3	D	2	9	2	5	10	30	30	15	5	5	3	1	9	9	1	34	11	埼玉県	1	6	6	4	ok	0	4094	105	0	0	1688	86	2406	19
V3-D-011	V3	D	2	9	2	5	10	30	30	15	5	5	3	1	9	9	1	26	26	京都府	1	2	6	1	ok	0	4058	105	0	0	1670	86	2388	19
V3-D-012	V3	D	1	7	2	5	15	35	25	15	3	2	3	1	8	9	1	83	2	青森県	2	6	2	3	ok	0	4066	105	0	0	1674	86	2392	19
V3-D-013	V3	D	1	9	2	5	15	35	25	15	3	2	3	1	9	11	2	41	26	京都府	2	2	5	5	ok	0	4048	103	0	0	1666	84	2382	19
V3-D-014	V3	D	2	9	2	5	10	30	30	15	5	5	3	1	9	11	1	73	11	埼玉県	2	7	2	2	ok	0	4080	105	0	0	1681	86	2399	19
V3-D-015	V3	D	2	9	2	5	10	30	30	15	5	5	3	1	9	9	1	52	5	秋田県	1	2	6	6	ok	0	4072	105	0	0	1677	86	2395	19
V3-D-016	V3	D	2	9	2	5	10	30	30	15	5	5	3	1	9	9	1	58	34	広島県	2	1	2	4	ok	0	4056	105	0	0	1669	86	2387	19
V3-D-017	V3	D	1	9	2	5	10	35	30	15	3	2	3	1	9	11	1	80	24	三重県	1	8	6	1	ok	0	4064	105	0	0	1673	86	2391	19
V3-D-018	V3	D	2	9	2	5	10	30	30	15	5	5	3	1	9	9	2	51	1	北海道	1	1	2	5	ok	0	4078	105	0	0	1680	86	2398	19
V3-D-019	V3	D	1	8	2	5	15	35	25	15	3	2	3	1	9	11	2	35	13	東京都	2	7	6	5	ok	0	4068	105	0	0	1675	86	2393	19
V3-D-020	V3	D	2	10	2	5	10	25	30	20	5	5	3	1	10	9	2	39	23	愛知県	2	1	2	1	ok	0	4056	105	0	0	1669	86	2387	19
V3-D-021	V3	D	1	9	2	5	10	30	30	15	5	5	3	1	9	11	2	20	27	大阪府	1	6	2	1	ok	0	4084	105	0	0	1683	86	2401	19
V3-D-022	V3	D	2	9	2	5	10	30	30	15	5	5	3	1	9	11	1	43	27	大阪府	1	2	6	2	ok	0	4072	105	0	0	1677	86	2395	19
V3-D-023	V3	D	2	10	2	5	10	25	30	20	5	5	3	1	10	9	2	22	28	兵庫県	1	7	2	1	ok	0	4090	105	0	0	1686	86	2404	19
V3-D-024	V3	D	2	9	2	5	10	30	30	15	5	5	3	1	9	11	1	52	24	三重県	2	7	4	8	ok	0	4060	105	0	0	1671	86	2389	19
V3-D-025	V3	D	1	9	2	5	15	35	25	15	3	2	3	1	9	11	1	44	13	東京都	1	6	2	1	ok	0	4082	105	0	0	1682	86	2400	19
V3-D-026	V3	D	2	10	2	5	10	25	30	20	5	5	3	1	10	9	1	25	17	石川県	2	7	2	2	ok	0	4070	105	0	0	1676	86	2394	19
V3-D-027	V3	D	2	9	2	5	10	30	30	15	5	5	3	1	9	11	1	47	12	千葉県	1	7	2	1	ok	0	4086	105	0	0	1684	86	2402	19
V3-D-028	V3	D	2	10	2	5	10	20	30	20	10	5	3	1	10	9	2	84	15	新潟県	2	1	1	3	ok	0	4064	105	0	0	1673	86	2391	19
V3-D-029	V3	D	2	10	2	5	10	25	35	15	5	5	3	1	10	9	1	27	14	神奈川県	1	3	6	5	ok	0	4116	105	0	0	1699	86	2417	19
V3-D-030	V3	D	1	7	2	5	15	40	20	15	3	2	3	1	8	11	1	70	2	青森県	2	1	6	2	ok	0	4052	105	0	0	1667	86	2385	19
V3-D-031	V3	D	1	9	2	5	10	35	25	15	5	5	3	1	9	11	1	23	24	三重県	1	6	2	1	ok	0	4076	105	0	0	1679	86	2397	19
V3-D-032	V3	D	2	9	2	5	10	30	30	20	3	2	3	1	9	9	1	67	22	静岡県	1	8	6	3	ok	0	4080	105	0	0	1681	86	2399	19
V3-D-033	V3	D	1	8	2	5	15	35	25	15	3	2	3	1	9	11	2	47	13	東京都	1	8	4	5	ok	0	4082	105	0	0	1682	86	2400	19
V3-D-034	V3	D	2	10	2	5	10	25	30	20	5	5	3	1	10	9	2	44	10	群馬県	2	7	6	2	ok	0	4070	105	0	0	1676	86	2394	19
V3-D-035	V3	D	2	9	2	5	10	30	30	15	5	5	3	1	9	9	2	81	11	埼玉県	2	1	1	2	ok	0	4074	105	0	0	1678	86	2396	19
V3-D-036	V3	D	2	9	2	5	10	30	30	15	5	5	3	1	9	9	2	26	38	愛媛県	1	1	4	1	ok	0	4072	105	0	0	1677	86	2395	19
V3-D-037	V3	D	1	8	2	5	15	35	25	15	3	2	3	1	9	11	2	41	13	東京都	2	6	6	5	ok	0	4066	105	0	0	1674	86	2392	19
V3-D-038	V3	D	1	9	2	5	15	35	25	15	3	2	3	1	9	11	1	29	13	東京都	2	6	6	3	ok	0	4066	105	0	0	1674	86	2392	19
V3-D-039	V3	D	1	8	2	5	10	30	30	15	5	5	3	1	9	11	2	59	27	大阪府	2	1	2	2	ok	0	4060	103	0	0	1672	84	2388	19
V3-D-040	V3	D	1	8	2	5	10	30	30	20	3	2	3	1	9	11	2	72	12	千葉県	2	8	2	3	ok	0	4064	105	0	0	1673	86	2391	19
V3-D-041	V3	D	1	8	2	10	15	30	25	15	3	2	3	1	9	11	2	27	23	愛知県	2	6	2	1	ok	0	4066	105	0	0	1674	86	2392	19
V3-D-042	V3	D	2	9	2	5	10	30	30	15	5	5	3	1	9	11	2	54	11	埼玉県	2	2	4	6	ok	0	4062	105	0	0	1672	86	2390	19
V3-D-043	V3	D	1	9	2	5	15	30	25	15	5	5	3	1	9	9	2	84	27	大阪府	2	6	1	1	ok	0	4070	105	0	0	1676	86	2394	19
V3-D-044	V3	D	1	9	2	10	15	30	25	15	3	2	3	1	9	11	2	45	1	北海道	1	6	2	2	ok	0	4088	105	0	0	1685	86	2403	19
V3-D-045	V3	D	1	8	2	5	15	35	25	15	3	2	3	1	9	9	1	30	8	茨城県	1	7	2	2	ok	0	4094	105	0	0	1688	86	2406	19
V3-D-046	V3	D	2	9	2	5	10	30	30	15	5	5	3	1	9	9	2	61	27	大阪府	2	1	6	3	ok	0	4058	105	0	0	1670	86	2388	19
V3-D-047	V3	D	2	10	2	5	10	20	30	25	5	5	3	1	10	9	2	48	47	沖縄県	2	1	5	5	ok	0	4066	105	0	0	1674	86	2392	19
V3-D-048	V3	D	1	8	2	5	10	25	30	20	5	5	3	1	9	11	2	53	40	福岡県	1	1	2	1	ok	0	4074	105	0	0	1678	86	2396	19
V3-D-049	V3	D	2	10	2	5	10	25	30	20	5	5	3	1	10	9	2	71	14	神奈川県	2	1	1	2	ok	0	4072	105	0	0	1677	86	2395	19
V3-D-050	V3	D	1	8	2	5	15	35	25	15	3	2	3	1	9	9	2	66	22	静岡県	2	2	2	3	ok	0	4056	105	0	0	1669	86	2387	19
V3-D-051	V3	D	1	8	2	5	15	35	25	15	3	2	3	1	9	11	2	33	13	東京都	2	1	2	2	ok	0	4060	105	0	0	1671	86	2389	19
V3-D-052	V3	D	2	9	2	5	10	30	30	15	5	5	3	1	9	11	1	23	27	大阪府	1	8	2	2	ok	0	4084	105	0	0	1683	86	2401	19
V3-D-053	V3	D	1	8	2	5	10	25	30	20	5	5	3	1	9	9	2	80	7	福島県	2	8	1	4	ok	0	4060	105	0	0	1671	86	2389	19
V3-D-054	V3	D	1	8	2	5	10	30	30	15	5	5	3	1	9	9	1	62	9	栃木県	2	7	2	1	ok	0	4070	105	0	0	1676	86	2394	19
V3-D-055	V3	D	2	10	2	5	10	25	30	20	5	5	3	1	10	9	2	86	35	山口県	2	1	1	1	ok	0	4050	105	0	0	1666	86	2384	19
V3-D-056	V3	D	2	9	2	5	10	30	30	15	5	5	3	1	9	9	1	29	4	宮城県	2	8	4	1	ok	0	4056	105	0	0	1669	86	2387	19
V3-D-057	V3	D	1	9	2	5	15	30	25	15	5	5	3	1	9	11	1	57	1	北海道	2	7	1	1	ok	0	4068	105	0	0	1675	86	2393	19
V3-D-058	V3	D	1	9	2	5	10	30	30	15	5	5	3	1	9	11	2	59	27	大阪府	1	8	2	2	ok	0	4084	105	0	0	1683	86	2401	19
V3-D-059	V3	D	1	9	2	5	10	30	30	15	5	5	3	1	9	11	2	34	27	大阪府	2	1	5	3	ok	0	4062	105	0	0	1672	86	2390	19
V3-D-060	V3	D	2	9	2	5	10	30	30	15	5	5	3	1	9	9	2	99	34	広島県	1	3	2	1	ok	0	4102	105	0	0	1692	86	2410	19
V3-D-061	V3	D	1	8	2	5	15	35	25	15	3	2	3	1	9	9	2	63	27	大阪府	2	1	5	1	ok	0	4054	105	0	0	1668	86	2386	19
V3-D-062	V3	D	1	8	2	5	10	25	30	20	5	5	3	1	9	9	2	84	20	長野県	1	6	1	3	ok	0	4088	105	0	0	1685	86	2403	19
V3-D-063	V3	D	2	9	2	5	10	30	30	15	5	5	3	1	9	9	1	71	27	大阪府	1	6	6	3	ok	0	4088	105	0	0	1685	86	2403	19
V3-D-064	V3	D	2	10	2	5	10	25	30	20	5	5	3	1	10	9	2	26	20	長野県	1	8	5	4	ok	0	4074	105	0	0	1678	86	2396	19
V3-D-065	V3	D	1	8	2	5	15	35	25	15	3	2	3	1	9	11	2	41	13	東京都	1	7	2	6	ok	0	4092	105	0	0	1687	86	2405	19
V3-D-066	V3	D	1	8	2	5	15	35	25	15	3	2	3	1	9	11	1	36	13	東京都	2	1	6	2	ok	0	4054	103	0	0	1669	84	2385	19
V3-D-067	V3	D	2	9	2	5	10	30	30	15	5	5	3	1	9	11	1	41	27	大阪府	2	7	2	6	ok	0	4074	105	0	0	1678	86	2396	19
V3-D-068	V3	D	2	10	2	5	10	25	30	20	5	5	3	1	10	9	1	89	14	神奈川県	2	7	4	1	ok	0	4070	105	0	0	1676	86	2394	19
V3-D-069	V3	D	2	10	2	5	10	25	30	20	5	5	3	1	10	11	2	54	28	兵庫県	2	6	7	3	ok	0	4074	105	0	0	1678	86	2396	19
V3-D-070	V3	D	2	10	2	5	10	25	30	20	5	5	3	1	10	9	2	74	28	兵庫県	2	7	4	5	ok	0	4078	105	0	0	1680	86	2398	19
V3-D-071	V3	D	1	8	2	5	10	25	30	20	5	5	3	1	9	11	2	57	23	愛知県	2	8	2	4	ok	0	4066	105	0	0	1674	86	2392	19
V3-D-072	V3	D	1	8	2	5	10	30	30	15	5	5	3	1	9	11	1	62	13	東京都	2	1	2	1	ok	0	4050	103	0	0	1667	84	2383	19
V3-D-073	V3	D	1	9	2	5	15	35	25	15	3	2	3	1	9	11	2	31	27	大阪府	2	6	5	4	ok	0	4070	103	0	0	1677	84	2393	19
V3-D-074	V3	D	1	8	2	5	15	35	25	10	5	5	3	1	9	11	2	49	13	東京都	2	8	4	4	ok	0	4062	105	0	0	1672	86	2390	19
V3-D-075	V3	D	2	10	2	5	10	25	35	15	5	5	3	1	10	9	2	47	23	愛知県	1	1	2	5	ok	0	4084	105	0	0	1683	86	2401	19
V3-D-076	V3	D	2	10	2	5	10	25	30	20	5	5	3	1	10	9	1	66	28	兵庫県	2	6	1	5	ok	0	4082	105	0	0	1682	86	2400	19
V3-D-077	V3	D	2	9	2	5	10	30	30	15	5	5	3	1	9	9	1	65	27	大阪府	2	8	6	4	ok	0	4060	105	0	0	1671	86	2389	19
V3-D-078	V3	D	1	8	2	5	15	35	25	15	3	2	3	1	9	11	1	41	24	三重県	2	8	7	1	ok	0	4046	105	0	0	1664	86	2382	19
V3-D-079	V3	D	2	10	2	5	10	25	35	15	5	5	3	1	9	11	1	50	14	神奈川県	2	1	6	2	ok	0	4062	105	0	0	1672	86	2390	19
V3-D-080	V3	D	2	9	2	5	10	30	30	15	5	5	3	1	9	11	1	54	27	大阪府	2	7	3	5	ok	0	4078	105	0	0	1680	86	2398	19
V3-D-081	V3	D	2	10	2	5	10	25	35	15	5	5	3	1	10	9	1	45	23	愛知県	1	8	2	8	ok	0	4080	105	0	0	1681	86	2399	19
V3-D-082	V3	D	1	8	2	5	10	30	30	15	5	5	3	1	9	11	2	72	27	大阪府	2	8	2	4	ok	0	4062	103	0	0	1673	84	2389	19
V3-D-083	V3	D	2	9	2	5	10	30	30	15	5	5	3	1	9	9	1	30	11	埼玉県	2	8	2	4	ok	0	4070	105	0	0	1676	86	2394	19
V3-D-084	V3	D	2	9	2	5	10	35	30	15	3	2	3	1	9	9	2	21	13	東京都	1	1	2	4	ok	0	4080	105	0	0	1681	86	2399	19
V3-D-085	V3	D	2	10	2	5	10	20	30	25	7	3	3	1	10	9	2	63	47	沖縄県	2	8	6	4	ok	0	4064	105	0	0	1673	86	2391	19
V3-D-086	V3	D	2	9	2	5	10	30	30	15	5	5	3	1	9	11	1	34	27	大阪府	2	8	7	4	ok	0	4062	105	0	0	1672	86	2390	19
V3-D-087	V3	D	2	9	2	5	10	30	30	15	5	5	3	1	9	9	1	36	34	広島県	2	8	6	2	ok	0	4054	105	0	0	1668	86	2386	19
V3-D-088	V3	D	1	9	2	5	10	35	30	15	3	2	3	1	9	11	2	40	13	東京都	2	1	5	4	ok	0	4060	105	0	0	1671	86	2389	19
V3-D-089	V3	D	2	10	2	5	10	25	30	20	5	5	3	1	10	9	2	39	40	福岡県	1	8	6	3	ok	0	4080	105	0	0	1681	86	2399	19
V3-D-090	V3	D	2	9	2	5	10	30	30	15	5	5	3	1	9	9	2	63	32	島根県	2	4	5	4	ok	0	4050	105	0	0	1666	86	2384	19
V3-D-091	V3	D	1	9	2	5	15	40	25	10	3	2	3	1	9	11	2	52	13	東京都	1	3	2	4	ok	0	4112	103	0	0	1698	84	2414	19
V3-D-092	V3	D	1	9	2	5	15	35	25	15	3	2	3	1	9	11	1	35	26	京都府	2	1	6	3	ok	0	4052	105	0	0	1667	86	2385	19
V3-D-093	V3	D	2	10	2	5	10	25	30	20	5	5	3	1	9	11	2	56	14	神奈川県	2	1	2	5	ok	0	4066	105	0	0	1674	86	2392	19
V3-D-094	V3	D	2	10	2	5	10	20	30	25	5	5	3	1	10	9	2	94	6	山形県	1	8	1	1	ok	0	4076	105	0	0	1679	86	2397	19
V3-D-095	V3	D	2	9	2	5	10	30	30	15	5	5	3	1	9	9	2	47	13	東京都	2	8	5	4	ok	0	4062	105	0	0	1672	86	2390	19
V3-D-096	V3	D	2	9	2	5	10	30	30	15	5	5	3	1	9	9	2	41	34	広島県	2	1	3	4	ok	0	4060	105	0	0	1671	86	2389	19
V3-D-097	V3	D	2	10	2	5	10	25	30	20	5	5	3	1	10	9	2	83	40	福岡県	1	1	1	1	ok	0	4080	105	0	0	1681	86	2399	19
V3-D-098	V3	D	2	9	2	5	10	25	30	20	5	5	3	1	9	11	2	44	34	広島県	2	8	4	7	ok	0	4060	105	0	0	1671	86	2389	19
V3-D-099	V3	D	1	7	2	5	15	35	25	15	3	2	3	1	7	11	2	66	2	青森県	1	1	1	6	ok	0	4082	105	0	0	1682	86	2400	19
V3-D-100	V3	D	2	10	2	5	10	25	35	15	5	5	3	1	10	9	2	59	29	奈良県	2	3	4	5	ok	0	4096	105	0	0	1689	86	2407	19
V3-D-101	V3	D	2	10	2	5	10	30	30	15	5	5	3	1	10	11	1	49	14	神奈川県	2	7	2	7	ok	0	4080	105	0	0	1681	86	2399	19
V3-D-102	V3	D	2	10	2	5	10	25	35	15	5	5	3	1	10	9	2	53	14	神奈川県	2	8	6	7	ok	0	4066	105	0	0	1674	86	2392	19
V3-D-103	V3	D	2	9	2	5	10	30	30	15	5	5	3	1	9	11	1	62	13	東京都	2	1	6	5	ok	0	4056	105	0	0	1669	86	2387	19
V3-D-104	V3	D	1	8	2	5	15	35	25	15	3	2	3	1	9	9	2	59	1	北海道	2	6	6	5	ok	0	4064	105	0	0	1673	86	2391	19
V3-D-105	V3	D	1	8	2	5	10	30	30	15	5	5	3	1	9	11	2	46	23	愛知県	1	6	4	1	ok	0	4086	105	0	0	1684	86	2402	19
V3-D-106	V3	D	1	7	2	5	15	35	25	15	3	2	3	1	8	9	2	66	8	茨城県	2	8	1	2	ok	0	4068	103	0	0	1676	84	2392	19
V3-D-107	V3	D	2	10	2	5	10	25	30	20	5	5	3	1	10	11	1	70	28	兵庫県	2	7	1	8	ok	0	4078	105	0	0	1680	86	2398	19
V3-D-108	V3	D	1	7	2	5	15	40	25	10	3	2	3	1	8	9	2	65	2	青森県	2	2	1	7	ok	0	4056	103	0	0	1670	84	2386	19
V3-D-109	V3	D	2	10	2	5	10	25	30	20	5	5	3	1	10	9	1	83	16	富山県	2	1	2	2	ok	0	4052	105	0	0	1667	86	2385	19
V3-D-110	V3	D	1	8	2	10	15	30	25	15	3	2	3	1	9	9	2	81	23	愛知県	1	3	1	1	ok	0	4116	105	0	0	1699	86	2417	19
V3-D-111	V3	D	2	9	2	5	10	30	30	15	5	5	3	1	9	9	1	58	11	埼玉県	2	8	3	6	ok	0	4074	105	0	0	1678	86	2396	19
V3-D-112	V3	D	2	10	2	5	10	25	35	15	5	5	3	1	10	9	1	56	41	佐賀県	2	1	2	5	ok	0	4068	105	0	0	1675	86	2393	19
V3-D-113	V3	D	1	8	2	5	15	35	25	15	3	2	3	1	9	11	2	25	13	東京都	2	7	5	1	ok	0	4064	105	0	0	1673	86	2391	19
V3-D-114	V3	D	2	9	2	5	10	30	30	15	5	5	3	1	9	11	1	47	22	静岡県	2	8	6	6	ok	0	4060	105	0	0	1671	86	2389	19
V3-D-115	V3	D	2	10	2	5	10	25	30	20	5	5	3	1	9	9	2	78	33	岡山県	1	8	2	3	ok	0	4080	105	0	0	1681	86	2399	19
V3-D-116	V3	D	2	10	2	5	10	25	35	15	5	5	3	1	10	9	1	45	23	愛知県	1	8	6	5	ok	0	4082	105	0	0	1682	86	2400	19
V3-D-117	V3	D	1	8	2	5	15	35	25	15	3	2	3	1	9	11	2	60	40	福岡県	2	2	2	1	ok	0	4048	105	0	0	1665	86	2383	19
V3-D-118	V3	D	1	8	2	5	10	30	30	15	5	5	3	1	9	9	2	83	23	愛知県	1	7	2	2	ok	0	4096	105	0	0	1689	86	2407	19
V3-D-119	V3	D	1	9	2	5	15	30	25	15	5	5	3	1	9	11	1	41	27	大阪府	2	6	2	1	ok	0	4064	105	0	0	1673	86	2391	19
V3-D-120	V3	D	1	8	2	5	10	30	30	15	5	5	3	1	9	11	2	75	12	千葉県	2	6	1	1	ok	0	4070	105	0	0	1676	86	2394	19
V3-D-121	V3	D	1	8	2	5	10	30	30	15	5	5	3	1	9	11	2	53	11	埼玉県	2	1	5	1	ok	0	4060	105	0	0	1671	86	2389	19
V3-D-122	V3	D	2	9	2	5	10	30	30	15	5	5	3	1	9	9	1	23	26	京都府	1	8	6	1	ok	0	4066	105	0	0	1674	86	2392	19
V3-D-123	V3	D	2	9	2	5	10	30	30	15	5	5	3	1	9	9	1	84	18	福井県	2	1	6	1	ok	0	4044	105	0	0	1663	86	2381	19
V3-D-124	V3	D	2	9	2	5	10	25	30	20	5	5	3	1	9	9	1	26	11	埼玉県	1	6	6	1	ok	0	4086	105	0	0	1684	86	2402	19
V3-D-125	V3	D	2	9	2	5	10	30	30	15	5	5	3	1	9	11	1	69	13	東京都	2	1	6	2	ok	0	4056	105	0	0	1669	86	2387	19
V3-D-126	V3	D	1	8	2	10	15	30	25	15	3	2	3	1	9	11	2	72	27	大阪府	1	1	1	1	ok	0	4078	103	0	0	1681	84	2397	19
V3-D-127	V3	D	2	9	2	5	10	35	25	15	5	5	3	1	9	9	1	21	13	東京都	1	1	6	2	ok	0	4076	105	0	0	1679	86	2397	19
V3-D-128	V3	D	2	10	2	5	10	20	30	25	7	3	3	1	10	9	1	71	47	沖縄県	2	3	6	2	ok	0	4096	105	0	0	1689	86	2407	19
V3-D-129	V3	D	1	9	2	5	15	35	25	15	3	2	3	1	9	11	1	71	18	福井県	2	6	3	1	ok	0	4062	105	0	0	1672	86	2390	19
V3-D-130	V3	D	2	9	2	5	10	30	30	15	5	5	3	1	9	9	1	72	12	千葉県	2	1	6	5	ok	0	4058	105	0	0	1670	86	2388	19
V3-D-131	V3	D	2	9	2	5	10	25	30	20	5	5	3	1	9	11	2	41	34	広島県	2	4	1	8	ok	0	4050	105	0	0	1666	86	2384	19
V3-D-132	V3	D	2	9	2	5	10	30	30	15	5	5	3	1	9	9	1	49	1	北海道	2	1	2	7	ok	0	4060	105	0	0	1671	86	2389	19
V3-D-133	V3	D	2	10	2	5	10	25	30	20	5	5	3	1	10	9	1	75	14	神奈川県	1	8	6	2	ok	0	4084	105	0	0	1683	86	2401	19
V3-D-134	V3	D	1	9	2	5	15	35	25	15	3	2	3	1	9	11	2	76	27	大阪府	1	2	1	3	ok	0	4082	105	0	0	1682	86	2400	19
V3-D-135	V3	D	2	9	2	5	10	30	30	15	5	5	3	1	9	9	1	54	13	東京都	2	8	6	5	ok	0	4058	105	0	0	1670	86	2388	19
V3-D-136	V3	D	2	10	2	5	10	20	30	25	5	5	3	1	10	9	2	94	40	福岡県	1	8	2	2	ok	0	4084	105	0	0	1683	86	2401	19
V3-D-137	V3	D	2	10	2	5	10	30	30	15	5	5	3	1	10	9	2	53	14	神奈川県	2	8	5	6	ok	0	4068	105	0	0	1675	86	2393	19
V3-D-138	V3	D	2	10	2	5	10	25	30	20	5	5	3	1	10	9	2	30	43	熊本県	1	4	2	4	ok	0	4076	105	0	0	1679	86	2397	19
V3-D-139	V3	D	1	9	2	5	10	25	30	20	5	5	3	1	9	11	2	88	4	宮城県	1	2	1	1	ok	0	4074	105	0	0	1678	86	2396	19
V3-D-140	V3	D	1	8	2	5	10	30	30	15	5	5	3	1	9	11	2	60	4	宮城県	2	7	4	3	ok	0	4074	105	0	0	1678	86	2396	19
V3-D-141	V3	D	2	10	2	5	10	25	30	20	5	5	3	1	9	9	2	25	14	神奈川県	1	8	6	1	ok	0	4076	105	0	0	1679	86	2397	19
V3-D-142	V3	D	1	7	2	5	15	35	25	15	3	2	3	1	8	9	1	62	2	青森県	2	1	6	1	ok	0	4044	105	0	0	1663	86	2381	19
V3-D-143	V3	D	1	9	2	5	15	30	25	15	5	5	3	1	9	11	2	53	27	大阪府	2	2	4	4	ok	0	4056	105	0	0	1669	86	2387	19
V3-D-144	V3	D	2	10	2	5	10	25	30	20	5	5	3	1	10	9	2	22	23	愛知県	1	7	6	1	ok	0	4084	105	0	0	1683	86	2401	19
V3-D-145	V3	D	2	9	2	5	10	30	30	15	5	5	3	1	9	11	1	24	13	東京都	1	2	6	1	ok	0	4062	105	0	0	1672	86	2390	19
V3-D-146	V3	D	2	9	2	5	10	30	30	15	5	5	3	1	9	11	1	31	27	大阪府	1	9	2	8	ok	0	4066	105	0	0	1674	86	2392	19
V3-D-147	V3	D	1	8	2	10	15	30	25	15	3	2	3	1	9	9	2	20	13	東京都	1	3	5	1	ok	0	4106	105	0	0	1694	86	2412	19
V3-D-148	V3	D	1	8	2	5	10	30	30	15	5	5	3	1	9	11	2	83	23	愛知県	2	7	2	1	ok	0	4068	105	0	0	1675	86	2393	19
V3-D-149	V3	D	1	9	2	5	15	30	25	15	5	5	3	1	9	11	2	44	12	千葉県	1	7	2	2	ok	0	4094	105	0	0	1688	86	2406	19
V3-D-150	V3	D	2	10	2	5	10	25	30	20	5	5	3	1	10	9	2	69	17	石川県	2	2	2	6	ok	0	4052	105	0	0	1667	86	2385	19
V3-D-151	V3	D	1	8	2	5	15	35	25	15	3	2	3	1	9	11	2	25	13	東京都	1	1	6	2	ok	0	4074	103	0	0	1679	84	2395	19
V3-D-152	V3	D	1	8	2	5	10	30	30	15	5	5	3	1	9	11	2	69	23	愛知県	2	1	4	1	ok	0	4056	105	0	0	1669	86	2387	19
V3-D-153	V3	D	2	10	2	5	10	25	30	20	5	5	3	1	10	9	1	84	23	愛知県	2	1	2	2	ok	0	4064	105	0	0	1673	86	2391	19
V3-D-154	V3	D	1	9	2	5	10	30	30	15	5	5	3	1	9	9	2	69	11	埼玉県	2	8	2	3	ok	0	4070	105	0	0	1676	86	2394	19
V3-D-155	V3	D	2	9	2	5	10	30	30	15	5	5	3	1	9	9	1	53	1	北海道	2	8	6	2	ok	0	4056	105	0	0	1669	86	2387	19
V3-D-156	V3	D	2	9	2	5	10	25	30	20	5	5	3	1	9	11	1	72	11	埼玉県	2	1	1	2	ok	0	4074	105	0	0	1678	86	2396	19
V3-D-157	V3	D	2	9	2	5	10	30	30	15	5	5	3	1	9	9	1	30	21	岐阜県	1	6	2	5	ok	0	4098	105	0	0	1690	86	2408	19
V3-D-158	V3	D	1	8	2	5	10	30	30	15	5	5	3	1	9	11	1	41	9	栃木県	1	6	2	1	ok	0	4088	105	0	0	1685	86	2403	19
V3-D-159	V3	D	2	10	2	5	10	25	35	15	5	5	3	1	10	9	2	42	14	神奈川県	2	8	6	6	ok	0	4064	105	0	0	1673	86	2391	19
V3-D-160	V3	D	1	9	2	5	15	40	25	10	3	2	3	1	9	11	1	76	13	東京都	1	8	1	3	ok	0	4086	103	0	0	1685	84	2401	19
V3-D-161	V3	D	1	9	2	5	10	30	30	15	5	5	3	1	9	11	1	81	9	栃木県	2	8	2	3	ok	0	4068	105	0	0	1675	86	2393	19
V3-D-162	V3	D	2	10	2	5	10	25	30	20	5	5	3	1	10	9	2	24	28	兵庫県	2	7	2	3	ok	0	4078	105	0	0	1680	86	2398	19
V3-D-163	V3	D	2	10	2	5	10	25	35	15	5	5	3	1	10	9	2	44	23	愛知県	2	6	6	4	ok	0	4070	105	0	0	1676	86	2394	19
V3-D-164	V3	D	2	10	2	5	10	25	30	20	5	5	3	1	10	9	2	69	28	兵庫県	1	1	2	3	ok	0	4086	105	0	0	1684	86	2402	19
V3-D-165	V3	D	2	9	2	5	15	35	25	15	3	2	3	1	9	9	2	62	38	愛媛県	2	3	5	8	ok	0	4088	105	0	0	1685	86	2403	19
V3-D-166	V3	D	1	7	2	5	15	40	20	10	5	5	3	1	8	9	2	52	2	青森県	2	8	2	2	ok	0	4058	105	0	0	1670	86	2388	19
V3-D-167	V3	D	2	10	2	5	10	25	30	20	5	5	3	1	10	9	2	79	28	兵庫県	1	1	2	2	ok	0	4086	105	0	0	1684	86	2402	19
V3-D-168	V3	D	1	8	2	5	10	25	30	20	5	5	3	1	9	11	2	78	14	神奈川県	2	7	4	3	ok	0	4078	105	0	0	1680	86	2398	19
V3-D-169	V3	D	2	9	2	5	10	25	30	20	5	5	3	1	9	9	1	91	1	北海道	1	7	1	3	ok	0	4096	105	0	0	1689	86	2407	19
V3-D-170	V3	D	1	8	2	5	10	30	30	15	5	5	3	1	9	11	2	28	23	愛知県	2	6	2	1	ok	0	4066	105	0	0	1674	86	2392	19
V3-D-171	V3	D	2	9	2	5	10	30	30	15	5	5	3	1	9	9	1	73	26	京都府	2	4	2	6	ok	0	4050	105	0	0	1666	86	2384	19
V3-D-172	V3	D	2	9	2	5	10	25	30	20	5	5	3	1	9	9	2	89	21	岐阜県	2	6	2	2	ok	0	4078	105	0	0	1680	86	2398	19
V3-D-173	V3	D	2	9	2	5	10	30	30	15	5	5	3	1	9	9	2	56	1	北海道	2	6	5	8	ok	0	4062	105	0	0	1672	86	2390	19
V3-D-174	V3	D	2	9	2	5	10	30	30	15	5	5	3	1	9	11	1	35	27	大阪府	2	6	6	5	ok	0	4068	105	0	0	1675	86	2393	19
V3-D-175	V3	D	1	8	2	10	15	30	25	15	3	2	3	1	8	11	1	54	11	埼玉県	1	6	1	1	ok	0	4094	103	0	0	1689	84	2405	19
V3-D-176	V3	D	1	9	2	5	15	35	25	15	3	2	3	1	9	11	2	34	13	東京都	2	6	7	5	ok	0	4068	105	0	0	1675	86	2393	19
V3-D-177	V3	D	1	8	2	5	10	30	30	15	5	5	3	1	9	11	2	82	11	埼玉県	1	1	2	1	ok	0	4080	105	0	0	1681	86	2399	19
V3-D-178	V3	D	2	9	2	5	10	30	30	15	5	5	3	1	9	11	1	71	12	千葉県	1	1	2	7	ok	0	4082	103	0	0	1683	84	2399	19
V3-D-179	V3	D	1	8	2	5	10	30	30	15	5	5	3	1	9	9	2	35	27	大阪府	2	8	4	8	ok	0	4058	105	0	0	1670	86	2388	19
V3-D-180	V3	D	2	9	2	5	10	30	30	15	5	5	3	1	9	9	1	37	13	東京都	2	7	6	5	ok	0	4068	105	0	0	1675	86	2393	19
V3-D-181	V3	D	1	9	2	5	10	30	30	15	5	5	3	1	9	9	2	47	27	大阪府	1	1	4	5	ok	0	4082	105	0	0	1682	86	2400	19
V3-D-182	V3	D	1	8	2	5	15	30	30	15	3	2	3	1	9	11	1	64	1	北海道	2	6	6	1	ok	0	4056	105	0	0	1669	86	2387	19
V3-D-183	V3	D	1	8	2	5	10	25	30	20	5	5	3	1	9	9	2	88	14	神奈川県	1	8	5	1	ok	0	4080	105	0	0	1681	86	2399	19
V3-D-184	V3	D	1	9	2	5	10	35	30	15	3	2	3	1	9	11	2	30	18	福井県	2	8	4	3	ok	0	4058	105	0	0	1670	86	2388	19
V3-D-185	V3	D	2	10	2	5	10	25	35	15	5	5	3	1	10	9	1	46	14	神奈川県	1	6	2	2	ok	0	4096	105	0	0	1689	86	2407	19
V3-D-186	V3	D	1	8	2	10	15	30	25	15	3	2	3	1	9	11	2	62	27	大阪府	2	6	6	4	ok	0	4068	105	0	0	1675	86	2393	19
V3-D-187	V3	D	1	8	2	5	15	35	25	15	3	2	3	1	8	9	2	46	3	岩手県	1	6	2	5	ok	0	4094	105	0	0	1688	86	2406	19
V3-D-188	V3	D	1	8	2	5	15	30	25	15	5	5	3	1	9	11	2	27	11	埼玉県	1	1	2	1	ok	0	4078	103	0	0	1681	84	2397	19
V3-D-189	V3	D	2	9	2	5	10	30	30	15	5	5	3	1	9	11	2	23	27	大阪府	1	1	2	5	ok	0	4082	105	0	0	1682	86	2400	19
V3-D-190	V3	D	2	10	2	5	10	25	35	15	5	5	3	1	10	9	1	40	23	愛知県	1	1	2	7	ok	0	4086	105	0	0	1684	86	2402	19
V3-D-191	V3	D	2	10	2	5	10	25	35	20	3	2	3	1	10	9	1	69	28	兵庫県	2	1	6	5	ok	0	4062	105	0	0	1672	86	2390	19
V3-D-192	V3	D	1	8	2	5	15	30	25	15	5	5	3	1	9	11	1	69	22	静岡県	2	1	1	1	ok	0	4060	105	0	0	1671	86	2389	19
V3-D-193	V3	D	2	8	2	5	10	30	30	15	5	5	3	1	9	9	1	22	8	茨城県	1	1	6	3	ok	0	4078	105	0	0	1680	86	2398	19
V3-D-194	V3	D	1	9	2	5	10	30	30	15	5	5	3	1	9	11	2	91	11	埼玉県	1	6	1	1	ok	0	4096	105	0	0	1689	86	2407	19
V3-D-195	V3	D	2	9	2	5	10	30	30	15	5	5	3	1	9	9	2	67	11	埼玉県	2	1	5	2	ok	0	4068	105	0	0	1675	86	2393	19
V3-D-196	V3	D	1	9	2	5	15	35	25	15	3	2	3	1	9	11	2	61	13	東京都	1	6	4	5	ok	0	4090	105	0	0	1686	86	2404	19
V3-D-197	V3	D	1	8	2	5	10	30	30	15	5	5	3	1	9	11	1	65	27	大阪府	2	6	6	1	ok	0	4060	105	0	0	1671	86	2389	19
V3-D-198	V3	D	1	8	2	5	15	40	25	10	3	2	3	1	9	9	2	54	8	茨城県	2	7	2	8	ok	0	4068	105	0	0	1675	86	2393	19
V3-D-199	V3	D	2	10	2	5	10	25	30	20	5	5	3	1	10	9	2	69	40	福岡県	2	6	2	5	ok	0	4072	105	0	0	1677	86	2395	19
V3-D-200	V3	D	2	10	2	5	10	25	30	20	5	5	3	1	9	9	2	58	23	愛知県	1	7	2	8	ok	0	4090	105	0	0	1686	86	2404	19
V3-D-201	V3	D	2	9	2	5	10	30	30	15	5	5	3	1	9	11	1	34	22	静岡県	1	1	1	4	ok	0	4088	105	0	0	1685	86	2403	19
V3-D-202	V3	D	1	8	2	5	10	25	30	20	5	5	3	1	9	11	2	91	14	神奈川県	1	8	1	1	ok	0	4086	105	0	0	1684	86	2402	19
V3-D-203	V3	D	2	10	2	5	10	25	30	20	5	5	3	1	10	11	1	26	23	愛知県	1	1	2	1	ok	0	4076	105	0	0	1679	86	2397	19
V3-D-204	V3	D	1	9	2	5	10	30	30	15	5	5	3	1	9	9	1	88	13	東京都	2	2	2	1	ok	0	4046	105	0	0	1664	86	2382	19
V3-D-205	V3	D	2	10	2	5	10	25	35	15	5	5	3	1	10	9	2	26	44	大分県	1	1	4	3	ok	0	4076	105	0	0	1679	86	2397	19
V3-D-206	V3	D	1	8	2	5	10	35	30	15	3	2	3	1	9	11	1	62	13	東京都	2	1	2	1	ok	0	4052	105	0	0	1667	86	2385	19
V3-D-207	V3	D	2	10	2	5	10	25	30	20	5	5	3	1	10	9	2	49	40	福岡県	2	8	7	3	ok	0	4062	105	0	0	1672	86	2390	19
V3-D-208	V3	D	1	9	2	5	10	30	30	15	5	5	3	1	9	9	2	95	13	東京都	1	6	2	4	ok	0	4090	105	0	0	1686	86	2404	19
V3-D-209	V3	D	2	9	2	5	10	30	30	15	5	5	3	1	9	9	1	64	13	東京都	1	7	4	4	ok	0	4092	105	0	0	1687	86	2405	19
V3-D-210	V3	D	2	9	2	5	10	30	30	15	5	5	3	1	9	11	2	29	12	千葉県	1	1	6	2	ok	0	4078	105	0	0	1680	86	2398	19
V3-D-211	V3	D	1	9	2	5	10	35	30	15	3	2	3	1	9	11	1	68	13	東京都	2	4	6	2	ok	0	4050	105	0	0	1666	86	2384	19
V3-D-212	V3	D	2	10	2	5	10	25	30	20	5	5	3	1	10	11	1	67	28	兵庫県	2	3	2	1	ok	0	4092	105	0	0	1687	86	2405	19
V3-D-213	V3	D	2	9	2	5	10	30	30	15	5	5	3	1	9	9	1	67	27	大阪府	2	7	6	3	ok	0	4070	105	0	0	1676	86	2394	19
V3-D-214	V3	D	1	9	2	5	15	30	30	15	3	2	3	1	9	11	2	78	21	岐阜県	2	1	1	4	ok	0	4074	105	0	0	1678	86	2396	19
V3-D-215	V3	D	2	10	2	5	10	25	30	20	5	5	3	1	10	9	2	37	42	長崎県	1	3	5	3	ok	0	4116	105	0	0	1699	86	2417	19
V3-D-216	V3	D	2	9	2	5	10	30	30	15	5	5	3	1	9	9	1	73	12	千葉県	2	8	6	1	ok	0	4052	105	0	0	1667	86	2385	19
V3-D-217	V3	D	1	9	2	5	15	35	25	15	3	2	3	1	9	11	1	53	13	東京都	2	6	2	6	ok	0	4070	105	0	0	1676	86	2394	19
V3-D-218	V3	D	2	9	2	5	10	30	30	15	5	5	3	1	9	9	2	28	34	広島県	1	2	6	2	ok	0	4066	105	0	0	1674	86	2392	19
V3-D-219	V3	D	2	10	2	5	10	25	30	20	5	5	3	1	9	9	2	73	33	岡山県	1	8	2	6	ok	0	4080	105	0	0	1681	86	2399	19
V3-D-220	V3	D	2	10	2	5	10	25	35	20	3	2	3	1	9	11	1	49	12	千葉県	2	1	4	8	ok	0	4056	105	0	0	1669	86	2387	19
V3-D-221	V3	D	1	9	2	5	15	35	25	15	3	2	3	1	9	11	2	58	27	大阪府	1	6	2	8	ok	0	4086	105	0	0	1684	86	2402	19
V3-D-222	V3	D	2	9	2	5	10	30	30	15	5	5	3	1	9	11	1	45	13	東京都	2	2	6	6	ok	0	4050	105	0	0	1666	86	2384	19
V3-D-223	V3	D	2	9	2	5	10	30	30	15	5	5	3	1	9	9	1	52	13	東京都	2	8	4	7	ok	0	4064	105	0	0	1673	86	2391	19
V3-D-224	V3	D	2	9	2	5	10	30	30	15	5	5	3	1	9	9	1	35	11	埼玉県	2	4	2	5	ok	0	4062	105	0	0	1672	86	2390	19
V3-D-225	V3	D	2	10	2	5	10	25	30	20	5	5	3	1	10	9	1	68	28	兵庫県	2	1	6	3	ok	0	4062	105	0	0	1672	86	2390	19
V3-D-226	V3	D	2	10	2	5	10	25	30	20	5	5	3	1	10	11	1	44	28	兵庫県	2	8	1	1	ok	0	4066	105	0	0	1674	86	2392	19
V3-D-227	V3	D	2	10	2	5	10	25	30	20	5	5	3	1	10	9	2	49	28	兵庫県	1	9	2	7	ok	0	4078	105	0	0	1680	86	2398	19
V3-D-228	V3	D	2	10	2	5	10	25	35	15	5	5	3	1	10	9	1	32	28	兵庫県	1	1	4	2	ok	0	4086	105	0	0	1684	86	2402	19
V3-D-229	V3	D	2	9	2	5	10	30	30	15	5	5	3	1	9	9	1	68	27	大阪府	2	7	2	4	ok	0	4074	105	0	0	1678	86	2396	19
V3-D-230	V3	D	2	10	2	5	10	30	30	15	5	5	3	1	9	11	1	74	14	神奈川県	2	1	6	1	ok	0	4054	105	0	0	1668	86	2386	19
V3-D-231	V3	D	2	9	2	5	10	30	30	15	5	5	3	1	9	11	1	53	4	宮城県	2	8	2	7	ok	0	4066	105	0	0	1674	86	2392	19
V3-D-232	V3	D	2	9	2	5	10	30	30	15	5	5	3	1	9	9	2	40	13	東京都	2	8	4	5	ok	0	4062	105	0	0	1672	86	2390	19
V3-D-233	V3	D	1	9	2	5	15	35	25	15	3	2	3	1	9	11	1	41	27	大阪府	2	6	2	6	ok	0	4072	105	0	0	1677	86	2395	19
V3-D-234	V3	D	2	10	2	5	10	30	30	15	5	5	3	1	10	9	2	33	23	愛知県	1	3	6	4	ok	0	4114	105	0	0	1698	86	2416	19
V3-D-235	V3	D	1	8	2	5	10	25	30	20	5	5	3	1	9	11	1	71	23	愛知県	2	8	2	1	ok	0	4058	105	0	0	1670	86	2388	19
V3-D-236	V3	D	1	9	2	5	10	30	30	15	5	5	3	1	9	11	1	79	13	東京都	2	1	2	4	ok	0	4060	105	0	0	1671	86	2389	19
V3-D-237	V3	D	2	10	2	5	10	25	30	20	5	5	3	1	10	9	2	46	6	山形県	1	1	2	1	ok	0	4068	105	0	0	1675	86	2393	19
V3-D-238	V3	D	2	10	2	5	10	25	30	20	5	5	3	1	10	9	1	75	28	兵庫県	2	6	2	4	ok	0	4076	105	0	0	1679	86	2397	19
V3-D-239	V3	D	1	9	2	5	10	35	30	15	3	2	3	1	9	11	1	34	13	東京都	2	8	2	3	ok	0	4062	105	0	0	1672	86	2390	19
V3-D-240	V3	D	1	9	2	5	10	30	30	15	5	5	3	1	9	11	2	84	27	大阪府	2	1	2	2	ok	0	4062	105	0	0	1672	86	2390	19
V3-D-241	V3	D	2	10	2	5	10	25	30	20	5	5	3	1	10	9	2	67	6	山形県	2	8	2	4	ok	0	4058	105	0	0	1670	86	2388	19
V3-D-242	V3	D	1	9	2	5	15	30	25	15	5	5	3	1	9	9	2	88	1	北海道	2	7	2	3	ok	0	4070	105	0	0	1676	86	2394	19
V3-D-243	V3	D	2	10	2	5	10	25	30	20	5	5	3	1	10	9	2	21	40	福岡県	1	2	2	2	ok	0	4076	105	0	0	1679	86	2397	19
V3-D-244	V3	D	2	9	2	5	10	30	30	15	5	5	3	1	9	9	2	55	1	北海道	1	1	2	4	ok	0	4078	105	0	0	1680	86	2398	19
V3-D-245	V3	D	2	9	2	5	10	30	30	15	7	3	3	1	9	11	1	42	13	東京都	2	4	7	4	ok	0	4052	105	0	0	1667	86	2385	19
V3-D-246	V3	D	2	10	2	5	10	25	30	20	5	5	3	1	10	9	2	47	10	群馬県	2	7	2	2	ok	0	4074	105	0	0	1678	86	2396	19
V3-D-247	V3	D	2	10	2	5	10	25	30	20	5	5	3	1	10	9	1	76	14	神奈川県	2	4	1	3	ok	0	4066	105	0	0	1674	86	2392	19
V3-D-248	V3	D	1	8	2	5	10	30	30	15	5	5	3	1	9	11	2	68	14	神奈川県	1	1	2	1	ok	0	4076	103	0	0	1680	84	2396	19
V3-D-249	V3	D	1	8	2	5	15	35	25	15	3	2	3	1	9	11	1	45	8	茨城県	1	2	2	4	ok	0	4076	105	0	0	1679	86	2397	19
V3-D-250	V3	D	2	9	2	5	10	30	30	15	5	5	3	1	9	9	2	96	13	東京都	1	2	6	2	ok	0	4070	105	0	0	1676	86	2394	19
V4-A-001	V4	A	2	10	2	5	10	25	30	20	5	5			10	9	1	88	34	広島県	2	7	2	1	ok	0	4050	97	0	0	1726	86	2324	11
V4-A-002	V4	A	1	9	2	5	10	30	30	15	5	5			9	11	1	75	1	北海道	1	7	1	1	ok	0	4078	97	0	0	1740	86	2338	11
V4-A-003	V4	A	2	10	2	5	10	25	35	20	3	2			9	11	1	45	23	愛知県	2	2	6	4	ok	0	4044	97	0	0	1723	86	2321	11
V4-A-004	V4	A	2	10	2	5	10	25	30	20	5	5			10	11	2	62	23	愛知県	2	1	2	4	ok	0	4054	97	0	0	1728	86	2326	11
V4-A-005	V4	A	2	9	2	5	10	25	30	20	5	5			9	9	2	34	22	静岡県	2	8	2	5	ok	0	4054	97	0	0	1728	86	2326	11
V4-A-006	V4	A	2	9	2	5	10	30	30	15	5	5			10	11	1	40	13	東京都	2	1	7	8	ok	0	4042	97	0	0	1722	86	2320	11
V4-A-007	V4	A	2	9	2	5	10	25	30	20	5	5			9	9	1	77	1	北海道	2	7	2	2	ok	0	4060	97	0	0	1731	86	2329	11
V4-A-008	V4	A	1	8	2	5	10	25	30	20	5	5			9	11	2	82	47	沖縄県	1	2	1	1	ok	0	4068	97	0	0	1735	86	2333	11
V4-A-009	V4	A	2	10	2	5	10	25	30	20	7	3			10	9	2	31	11	埼玉県	2	1	6	2	ok	0	4054	97	0	0	1728	86	2326	11
V4-A-010	V4	A	2	10	2	5	10	25	30	20	5	5			9	9	2	75	12	千葉県	1	7	1	3	ok	0	4090	97	0	0	1746	86	2344	11
V4-A-011	V4	A	2	10	2	5	10	25	30	20	7	3			10	9	2	57	20	長野県	2	7	4	6	ok	0	4054	97	0	0	1728	86	2326	11
V4-A-012	V4	A	2	9	2	5	10	25	30	20	5	5			9	11	1	78	34	広島県	2	7	6	2	ok	0	4054	97	0	0	1728	86	2326	11
V4-A-013	V4	A	2	9	2	5	10	25	30	20	7	3			9	9	2	59	1	北海道	2	4	5	4	ok	0	4042	97	0	0	1722	86	2320	11
V4-A-014	V4	A	2	9	2	5	10	25	30	20	5	5			9	11	2	27	22	静岡県	1	1	5	2	ok	0	4072	97	0	0	1737	86	2335	11
V4-A-015	V4	A	2	10	2	5	10	20	30	25	5	5			10	11	1	59	42	長崎県	1	7	2	1	ok	0	4076	97	0	0	1739	86	2337	11
V4-A-016	V4	A	2	10	2	5	10	25	30	20	5	5			10	11	1	37	11	埼玉県	2	1	2	1	ok	0	4050	97	0	0	1726	86	2324	11
V4-A-017	V4	A	2	9	2	5	10	30	30	15	5	5			9	11	2	38	13	東京都	2	1	6	2	ok	0	4046	97	0	0	1724	86	2322	11
V4-A-018	V4	A	2	9	2	5	10	25	30	20	5	5			10	9	1	55	12	千葉県	2	6	4	2	ok	0	4062	97	0	0	1732	86	2330	11
V4-A-019	V4	A	2	10	2	5	10	20	30	25	5	5			10	9	2	25	34	広島県	2	8	6	2	ok	0	4044	97	0	0	1723	86	2321	11
V4-A-020	V4	A	1	9	2	5	10	30	30	15	5	5			9	11	2	54	13	東京都	2	7	2	6	ok	0	4062	97	0	0	1732	86	2330	11
V4-A-021	V4	A	2	9	2	5	10	25	30	20	5	5			9	11	2	41	38	愛媛県	2	8	2	5	ok	0	4052	97	0	0	1727	86	2325	11
V4-A-022	V4	A	2	9	2	5	10	25	30	20	5	5			9	11	2	52	1	北海道	2	2	2	1	ok	0	4034	97	0	0	1718	86	2316	11
V4-A-023	V4	A	2	9	2	5	10	25	30	20	5	5			9	9	1	80	1	北海道	2	1	1	3	ok	0	4054	97	0	0	1728	86	2326	11
V4-A-024	V4	A	1	9	2	5	10	30	30	15	5	5			9	11	1	67	26	京都府	2	8	1	1	ok	0	4046	97	0	0	1724	86	2322	11
V4-A-025	V4	A	1	9	2	5	10	30	30	15	5	5			9	11	1	54	13	東京都	1	1	6	1	ok	0	4058	97	0	0	1730	86	2328	11
V4-A-026	V4	A	2	9	2	5	10	25	30	20	5	5			9	11	1	45	13	東京都	2	7	4	8	ok	0	4056	97	0	0	1729	86	2327	11
V4-A-027	V4	A	2	10	2	5	10	20	30	25	5	5			10	9	1	88	23	愛知県	2	6	1	1	ok	0	4062	97	0	0	1732	86	2330	11
V4-A-028	V4	A	2	10	2	5	10	25	30	20	5	5			10	11	2	31	40	福岡県	1	1	2	2	ok	0	4072	97	0	0	1737	86	2335	11
V4-A-029	V4	A	2	10	2	5	10	25	30	20	5	5			10	11	2	39	28	兵庫県	1	1	6	4	ok	0	4072	97	0	0	1737	86	2335	11
V4-A-030	V4	A	2	10	2	5	10	25	30	20	7	3			10	9	1	39	1	北海道	2	1	6	4	ok	0	4044	97	0	0	1723	86	2321	11
V4-A-031	V4	A	2	10	2	5	10	20	35	20	5	5			10	9	1	42	23	愛知県	2	1	2	7	ok	0	4056	97	0	0	1729	86	2327	11
V4-A-032	V4	A	2	10	2	5	10	25	30	20	5	5			10	9	2	20	27	大阪府	1	3	6	1	ok	0	4094	97	0	0	1748	86	2346	11
V4-A-033	V4	A	2	10	2	5	10	25	30	20	5	5			9	11	2	61	12	千葉県	2	8	2	4	ok	0	4054	97	0	0	1728	86	2326	11
V4-A-034	V4	A	1	10	2	5	10	20	30	25	5	5			9	9	2	86	20	長野県	2	7	5	2	ok	0	4054	97	0	0	1728	86	2326	11
V4-A-035	V4	A	2	10	2	5	10	20	30	25	5	5			10	9	1	84	14	神奈川県	1	1	2	2	ok	0	4076	97	0	0	1739	86	2337	11
V4-A-036	V4	A	2	9	2	5	10	30	30	15	5	5			9	11	1	52	13	東京都	1	1	6	1	ok	0	4058	97	0	0	1730	86	2328	11
V4-A-037	V4	A	2	10	2	5	5	15	30	30	10	5			10	9	2	81	28	兵庫県	2	8	2	5	ok	0	4058	97	0	0	1730	86	2328	11
V4-A-038	V4	A	1	9	2	5	10	30	30	15	5	5			9	11	2	75	22	静岡県	2	1	2	1	ok	0	4044	97	0	0	1723	86	2321	11
V4-A-039	V4	A	2	10	2	5	10	25	30	20	5	5			10	9	2	24	14	神奈川県	1	7	6	3	ok	0	4084	97	0	0	1743	86	2341	11
V4-A-040	V4	A	1	9	2	5	10	30	30	15	5	5			9	11	1	86	13	東京都	1	7	2	1	ok	0	4074	97	0	0	1738	86	2336	11
V4-A-041	V4	A	1	8	2	5	10	25	30	20	5	5			9	11	1	50	11	埼玉県	2	8	2	1	ok	0	4052	97	0	0	1727	86	2325	11
V4-A-042	V4	A	2	10	2	5	10	25	35	20	3	2			10	9	1	47	12	千葉県	2	4	6	5	ok	0	4042	97	0	0	1722	86	2320	11
V4-A-043	V4	A	2	9	2	5	10	30	30	15	5	5			9	11	1	27	13	東京都	2	1	7	1	ok	0	4040	97	0	0	1721	86	2319	11
V4-A-044	V4	A	2	10	2	5	10	25	35	20	3	2			10	11	2	60	11	埼玉県	2	1	5	7	ok	0	4060	97	0	0	1731	86	2329	11
V4-A-045	V4	A	2	9	2	5	10	25	30	20	5	5			9	11	2	38	1	北海道	2	6	1	4	ok	0	4064	97	0	0	1733	86	2331	11
V4-A-046	V4	A	2	10	2	5	10	25	30	20	5	5			10	9	1	70	12	千葉県	1	1	2	1	ok	0	4064	97	0	0	1733	86	2331	11
V4-A-047	V4	A	2	10	2	5	10	20	30	25	7	3			10	9	1	35	43	熊本県	2	1	4	4	ok	0	4052	97	0	0	1727	86	2325	11
V4-A-048	V4	A	2	9	2	5	10	25	30	20	7	3			9	11	1	38	26	京都府	2	1	2	6	ok	0	4046	97	0	0	1724	86	2322	11
V4-A-049	V4	A	2	10	2	5	10	25	35	20	3	2			10	11	1	53	27	大阪府	1	6	6	7	ok	0	4080	97	0	0	1741	86	2339	11
V4-A-050	V4	A	2	10	2	5	10	25	30	20	7	3			10	11	1	38	14	神奈川県	2	1	7	2	ok	0	4054	97	0	0	1728	86	2326	11
V4-A-051	V4	A	1	8	2	5	10	30	30	15	5	5			9	9	1	80	8	茨城県	2	3	1	3	ok	0	4092	97	0	0	1747	86	2345	11
V4-A-052	V4	A	1	9	2	5	10	25	30	20	5	5			9	11	2	71	27	大阪府	2	7	2	3	ok	0	4064	97	0	0	1733	86	2331	11
V4-A-053	V4	A	1	9	2	5	10	25	30	20	5	5			9	11	2	87	27	大阪府	2	7	1	1	ok	0	4062	97	0	0	1732	86	2330	11
V4-A-054	V4	A	2	10	2	5	10	25	30	20	5	5			10	9	1	44	12	千葉県	2	7	2	4	ok	0	4064	97	0	0	1733	86	2331	11
V4-A-055	V4	A	1	8	2	5	10	30	30	15	5	5			9	11	2	77	8	茨城県	1	1	2	2	ok	0	4072	97	0	0	1737	86	2335	11
V4-A-056	V4	A	2	10	2	5	10	20	30	25	5	5			10	11	1	65	29	奈良県	2	2	1	2	ok	0	4052	97	0	0	1727	86	2325	11
V4-A-057	V4	A	2	8	2	5	10	30	30	15	5	5			9	11	1	29	8	茨城県	1	1	2	2	ok	0	4072	97	0	0	1737	86	2335	11
V4-A-058	V4	A	1	9	2	5	10	25	30	20	5	5			9	11	2	87	13	東京都	2	8	1	1	ok	0	4050	97	0	0	1726	86	2324	11
V4-A-059	V4	A	2	10	2	5	10	25	30	20	5	5			10	9	2	56	45	宮崎県	2	2	2	3	ok	0	4052	97	0	0	1727	86	2325	11
V4-A-060	V4	A	2	10	2	5	10	20	30	25	7	3			10	9	2	32	7	福島県	1	1	5	6	ok	0	4062	97	0	0	1732	86	2330	11
V4-A-061	V4	A	2	10	2	5	10	25	30	20	7	3			10	11	1	62	12	千葉県	1	1	6	1	ok	0	4060	97	0	0	1731	86	2329	11
V4-A-062	V4	A	2	10	2	5	10	20	30	25	5	5			10	9	1	79	45	宮崎県	2	8	4	3	ok	0	4060	97	0	0	1731	86	2329	11
V4-A-063	V4	A	2	10	2	5	10	20	30	25	7	3			10	9	1	59	17	石川県	2	8	6	5	ok	0	4046	97	0	0	1724	86	2322	11
V4-A-064	V4	A	1	9	2	5	10	30	30	15	5	5			9	11	2	57	13	東京都	1	8	2	5	ok	0	4072	97	0	0	1737	86	2335	11
V4-A-065	V4	A	2	9	2	5	10	25	30	20	5	5			10	9	2	88	27	大阪府	1	3	2	3	ok	0	4106	97	0	0	1754	86	2352	11
V4-A-066	V4	A	2	10	2	5	10	20	30	25	5	5			9	11	2	66	28	兵庫県	1	2	2	4	ok	0	4070	97	0	0	1736	86	2334	11
V4-A-067	V4	A	2	10	2	5	10	25	30	20	5	5			10	11	1	51	39	高知県	2	1	1	4	ok	0	4052	97	0	0	1727	86	2325	11
V4-A-068	V4	A	2	10	2	5	10	25	30	20	5	5			10	9	1	78	40	福岡県	2	8	2	3	ok	0	4054	97	0	0	1728	86	2326	11
V4-A-069	V4	A	2	10	2	5	10	25	30	20	5	5			10	9	2	63	39	高知県	2	7	2	4	ok	0	4058	97	0	0	1730	86	2328	11
V4-A-070	V4	A	2	9	2	5	10	30	30	15	5	5			9	11	2	48	13	東京都	2	1	6	4	ok	0	4046	97	0	0	1724	86	2322	11
V4-A-071	V4	A	2	10	2	5	10	20	30	25	5	5			10	11	2	47	7	福島県	2	7	2	2	ok	0	4054	97	0	0	1728	86	2326	11
V4-A-072	V4	A	2	10	2	5	10	25	30	20	5	5			10	9	2	58	32	島根県	2	8	2	3	ok	0	4048	97	0	0	1725	86	2323	11
V4-A-073	V4	A	2	10	2	5	10	25	30	20	5	5			10	9	2	21	11	埼玉県	1	1	4	1	ok	0	4070	97	0	0	1736	86	2334	11
V4-A-074	V4	A	2	9	2	5	10	25	30	20	5	5			9	9	1	62	34	広島県	2	1	2	1	ok	0	4038	97	0	0	1720	86	2318	11
V4-A-075	V4	A	2	9	2	5	10	25	30	20	5	5			9	11	2	31	27	大阪府	2	6	2	5	ok	0	4062	97	0	0	1732	86	2330	11
V4-A-076	V4	A	2	10	2	5	10	25	30	20	5	5			10	9	1	50	17	石川県	2	1	4	5	ok	0	4048	97	0	0	1725	86	2323	11
V4-A-077	V4	A	2	9	2	5	10	25	30	20	5	5			10	9	2	89	27	大阪府	1	4	2	1	ok	0	4058	97	0	0	1730	86	2328	11
V4-A-078	V4	A	2	10	2	5	10	25	30	20	5	5			10	11	1	61	11	埼玉県	2	8	6	4	ok	0	4056	97	0	0	1729	86	2327	11
V4-A-079	V4	A	2	9	2	5	10	25	30	20	7	3			9	11	2	44	13	東京都	2	1	6	2	ok	0	4044	95	0	0	1724	84	2320	11
V4-A-080	V4	A	2	10	2	5	10	20	30	25	5	5			10	9	2	89	25	滋賀県	1	2	2	1	ok	0	4060	97	0	0	1731	86	2329	11
V4-A-081	V4	A	2	10	2	5	10	20	30	25	5	5			10	11	2	86	23	愛知県	1	1	2	4	ok	0	4074	97	0	0	1738	86	2336	11
V4-A-082	V4	A	2	9	2	5	10	25	30	20	5	5			9	9	2	79	27	大阪府	1	6	2	2	ok	0	4082	97	0	0	1742	86	2340	11
V4-A-083	V4	A	1	9	2	5	10	30	30	15	5	5			9	11	2	50	26	京都府	1	8	6	2	ok	0	4064	97	0	0	1733	86	2331	11
V4-A-084	V4	A	2	10	2	5	10	25	30	20	5	5			10	9	2	22	23	愛知県	1	1	2	2	ok	0	4074	97	0	0	1738	86	2336	11
V4-A-085	V4	A	1	9	2	5	10	30	30	15	5	5			9	11	2	69	26	京都府	2	7	5	6	ok	0	4058	97	0	0	1730	86	2328	11
V4-A-086	V4	A	2	10	2	5	10	20	30	25	5	5			10	9	2	57	25	滋賀県	2	1	2	3	ok	0	4054	97	0	0	1728	86	2326	11
V4-A-087	V4	A	2	10	2	5	10	20	35	20	5	5			10	9	2	61	40	福岡県	2	1	2	4	ok	0	4052	97	0	0	1727	86	2325	11
V4-A-088	V4	A	2	9	2	5	10	25	30	20	5	5			9	9	2	64	27	大阪府	2	7	2	3	ok	0	4064	97	0	0	1733	86	2331	11
V4-A-089	V4	A	2	10	2	5	10	25	30	20	5	5			10	9	2	67	42	長崎県	1	1	2	1	ok	0	4064	97	0	0	1733	86	2331	11
V4-A-090	V4	A	2	10	2	5	5	15	30	30	10	5			10	9	2	89	28	兵庫県	2	3	1	1	ok	0	4088	97	0	0	1745	86	2343	11
V4-A-091	V4	A	2	10	2	5	10	25	30	20	5	5			10	9	2	21	23	愛知県	1	1	6	1	ok	0	4062	97	0	0	1732	86	2330	11
V4-A-092	V4	A	2	10	2	5	10	25	30	20	5	5			10	9	2	49	23	愛知県	2	8	2	1	ok	0	4048	97	0	0	1725	86	2323	11
V4-A-093	V4	A	2	9	2	5	10	25	30	20	5	5			10	9	1	65	9	栃木県	2	7	2	2	ok	0	4068	97	0	0	1735	86	2333	11
V4-A-094	V4	A	2	9	2	5	10	25	30	20	5	5			9	9	1	98	13	東京都	2	6	2	2	ok	0	4060	97	0	0	1731	86	2329	11
V4-A-095	V4	A	2	9	2	5	10	30	30	20	3	2			9	9	1	57	13	東京都	2	8	6	7	ok	0	4050	97	0	0	1726	86	2324	11
V4-A-096	V4	A	2	10	2	5	10	20	30	25	5	5			10	9	2	26	11	埼玉県	2	1	4	1	ok	0	4050	97	0	0	1726	86	2324	11
V4-A-097	V4	A	1	8	2	5	10	30	30	15	5	5			8	9	1	77	8	茨城県	2	6	2	3	ok	0	4062	97	0	0	1732	86	2330	11
V4-A-098	V4	A	2	9	2	5	10	30	30	15	5	5			10	9	1	38	13	東京都	1	3	7	4	ok	0	4102	97	0	0	1752	86	2350	11
V4-A-099	V4	A	2	10	2	5	10	25	30	20	5	5			10	9	1	71	11	埼玉県	2	8	2	2	ok	0	4060	97	0	0	1731	86	2329	11
V4-A-100	V4	A	2	9	2	5	10	25	35	20	3	2			10	9	1	33	13	東京都	2	4	6	6	ok	0	4040	97	0	0	1721	86	2319	11
V4-A-101	V4	A	1	9	2	5	10	30	30	15	5	5			9	11	1	20	13	東京都	1	8	2	1	ok	0	4064	97	0	0	1733	86	2331	11
V4-A-102	V4	A	2	9	2	5	10	25	30	20	5	5			9	11	2	50	27	大阪府	2	8	2	3	ok	0	4054	97	0	0	1728	86	2326	11
V4-A-103	V4	A	2	10	2	5	10	25	30	20	5	5			10	9	1	32	14	神奈川県	2	8	2	1	ok	0	4050	97	0	0	1726	86	2324	11
V4-A-104	V4	A	2	9	2	5	10	25	30	20	5	5			9	11	1	44	26	京都府	1	6	6	4	ok	0	4072	97	0	0	1737	86	2335	11
V4-A-105	V4	A	2	9	2	5	10	30	30	15	5	5			9	9	1	76	22	静岡県	2	1	1	5	ok	0	4058	97	0	0	1730	86	2328	11
V4-A-106	V4	A	2	10	2	5	10	25	30	20	5	5			10	9	1	61	27	大阪府	2	8	6	5	ok	0	4050	97	0	0	1726	86	2324	11
V4-A-107	V4	A	1	9	2	5	10	30	30	15	5	5			9	11	1	54	13	東京都	1	8	4	2	ok	0	4072	97	0	0	1737	86	2335	11
V4-A-108	V4	A	2	10	2	5	10	25	35	15	5	5			10	9	1	41	11	埼玉県	2	1	6	5	ok	0	4054	97	0	0	1728	86	2326	11
V4-A-109	V4	A	2	10	2	5	10	25	35	20	3	2			10	11	1	41	14	神奈川県	2	8	6	8	ok	0	4048	97	0	0	1725	86	2323	11
V4-A-110	V4	A	2	10	2	5	10	25	30	20	5	5			10	11	1	30	28	兵庫県	2	6	7	3	ok	0	4064	97	0	0	1733	86	2331	11
V4-A-111	V4	A	1	9	2	5	10	25	30	20	5	5			9	11	2	92	13	東京都	1	8	2	1	ok	0	4064	97	0	0	1733	86	2331	11
V4-A-112	V4	A	2	11	2	5	10	20	30	25	5	5			10	9	2	52	47	沖縄県	2	8	2	6	ok	0	4058	97	0	0	1730	86	2328	11
V4-A-113	V4	A	2	10	2	5	10	20	30	25	5	5			10	9	1	69	12	千葉県	2	8	2	5	ok	0	4054	97	0	0	1728	86	2326	11
V4-A-114	V4	A	1	9	2	5	10	30	30	15	5	5			9	11	2	72	26	京都府	2	3	2	4	ok	0	4080	97	0	0	1741	86	2339	11
V4-A-115	V4	A	1	9	2	5	10	30	30	15	5	5			9	11	2	65	22	静岡県	2	2	1	2	ok	0	4052	97	0	0	1727	86	2325	11
V4-A-116	V4	A	2	10	2	5	10	20	30	25	5	5			10	9	1	22	29	奈良県	1	6	2	1	ok	0	4074	97	0	0	1738	86	2336	11
V4-A-117	V4	A	2	9	2	5	10	30	30	15	5	5			9	9	1	72	24	三重県	2	6	3	6	ok	0	4058	97	0	0	1730	86	2328	11
V4-A-118	V4	A	1	8	2	5	10	30	30	15	5	5			9	9	2	31	8	茨城県	2	7	6	4	ok	0	4060	97	0	0	1731	86	2329	11
V4-A-119	V4	A	1	9	2	5	10	30	30	15	5	5			9	11	2	71	13	東京都	2	6	2	1	ok	0	4052	97	0	0	1727	86	2325	11
V4-A-120	V4	A	2	10	2	5	10	25	35	15	5	5			10	9	1	49	44	大分県	2	6	6	7	ok	0	4054	97	0	0	1728	86	2326	11
V4-A-121	V4	A	1	9	2	5	15	35	25	15	3	2			9	11	2	47	13	東京都	2	1	4	1	ok	0	4040	95	0	0	1722	84	2318	11
V4-A-122	V4	A	1	10	2	5	10	20	30	25	5	5			10	9	2	92	11	埼玉県	1	7	1	2	ok	0	4096	97	0	0	1749	86	2347	11
V4-A-123	V4	A	2	10	2	5	10	25	30	20	5	5			10	9	1	22	1	北海道	1	4	2	1	ok	0	4054	97	0	0	1728	86	2326	11
V4-A-124	V4	A	1	9	2	5	10	25	30	20	5	5			9	11	2	74	27	大阪府	2	1	2	1	ok	0	4042	95	0	0	1723	84	2319	11
V4-A-125	V4	A	2	11	2	5	10	20	30	25	7	3			10	11	1	50	44	大分県	1	3	2	5	ok	0	4100	97	0	0	1751	86	2349	11
V4-A-126	V4	A	2	10	2	5	10	25	30	20	5	5			10	9	2	74	11	埼玉県	2	1	6	2	ok	0	4054	97	0	0	1728	86	2326	11
V4-A-127	V4	A	2	8	2	5	10	25	30	20	7	3			9	11	1	39	3	岩手県	2	6	2	8	ok	0	4058	97	0	0	1730	86	2328	11
V4-A-128	V4	A	2	10	2	5	10	25	30	20	5	5			10	9	1	28	34	広島県	1	1	1	1	ok	0	4064	97	0	0	1733	86	2331	11
V4-A-129	V4	A	2	10	2	5	10	20	30	25	5	5			10	9	2	55	7	福島県	2	7	2	5	ok	0	4054	97	0	0	1728	86	2326	11
V4-A-130	V4	A	2	10	2	5	10	20	30	25	5	5			10	11	1	24	28	兵庫県	1	2	2	1	ok	0	4062	97	0	0	1732	86	2330	11
V4-A-131	V4	A	2	11	2	5	10	20	30	25	7	3			10	11	1	44	27	大阪府	1	1	6	3	ok	0	4068	97	0	0	1735	86	2333	11
V4-A-132	V4	A	2	10	2	5	10	25	35	20	3	2			10	9	1	52	4	宮城県	2	8	2	8	ok	0	4048	97	0	0	1725	86	2323	11
V4-A-133	V4	A	2	11	2	5	10	25	30	20	5	5			10	9	1	38	1	北海道	2	1	2	6	ok	0	4048	97	0	0	1725	86	2323	11
V4-A-134	V4	A	1	9	2	5	10	25	30	20	5	5			9	11	2	40	36	徳島県	2	1	4	1	ok	0	4044	97	0	0	1723	86	2321	11
V4-A-135	V4	A	2	9	2	5	10	30	30	15	5	5			9	9	1	39	13	東京都	2	2	6	4	ok	0	4040	97	0	0	1721	86	2319	11
V4-A-136	V4	A	2	10	2	5	10	25	30	20	5	5			10	9	1	20	11	埼玉県	1	2	6	3	ok	0	4068	97	0	0	1735	86	2333	11
V4-A-137	V4	A	2	10	2	5	10	20	30	25	5	5			10	9	2	60	7	福島県	2	8	4	5	ok	0	4044	97	0	0	1723	86	2321	11
V4-A-138	V4	A	2	9	2	5	10	25	30	20	5	5			9	11	2	40	27	大阪府	2	6	7	1	ok	0	4052	97	0	0	1727	86	2325	11
V4-A-139	V4	A	2	10	2	5	10	25	30	20	7	3			10	9	2	42	12	千葉県	2	3	7	2	ok	0	4084	97	0	0	1743	86	2341	11
V4-A-140	V4	A	2	10	2	5	10	25	30	20	5	5			10	9	2	38	11	埼玉県	2	8	2	4	ok	0	4060	97	0	0	1731	86	2329	11
V4-A-141	V4	A	2	10	2	5	10	25	35	20	3	2			10	11	1	50	4	宮城県	2	8	6	8	ok	0	4044	97	0	0	1723	86	2321	11
V4-A-142	V4	A	2	9	2	5	10	25	30	20	5	5			9	11	1	23	24	三重県	1	1	2	1	ok	0	4056	97	0	0	1729	86	2327	11
V4-A-143	V4	A	2	10	2	5	10	25	35	20	3	2			10	11	1	55	14	神奈川県	2	6	6	5	ok	0	4062	97	0	0	1732	86	2330	11
V4-A-144	V4	A	2	10	2	5	10	20	35	20	5	5			10	9	1	52	23	愛知県	2	1	6	3	ok	0	4050	97	0	0	1726	86	2324	11
V4-A-145	V4	A	2	10	2	5	10	25	30	20	5	5			10	11	2	24	21	岐阜県	1	2	2	3	ok	0	4072	97	0	0	1737	86	2335	11
V4-A-146	V4	A	2	10	2	5	10	25	30	20	5	5			10	9	1	45	14	神奈川県	2	7	7	2	ok	0	4066	97	0	0	1734	86	2332	11
V4-A-147	V4	A	2	9	2	5	10	25	30	20	5	5			9	9	1	82	27	大阪府	1	7	2	2	ok	0	4084	97	0	0	1743	86	2341	11
V4-A-148	V4	A	2	10	2	5	10	25	30	20	5	5			10	11	2	27	23	愛知県	2	6	2	1	ok	0	4056	97	0	0	1729	86	2327	11
V4-A-149	V4	A	2	9	2	5	10	30	30	15	5	5			9	11	1	27	13	東京都	1	1	2	1	ok	0	4062	97	0	0	1732	86	2330	11
V4-A-150	V4	A	1	10	2	5	10	25	30	20	5	5			9	9	2	80	14	神奈川県	2	8	1	5	ok	0	4064	97	0	0	1733	86	2331	11
V4-A-151	V4	A	2	10	2	5	10	25	30	20	5	5			9	9	1	71	11	埼玉県	2	7	2	2	ok	0	4070	97	0	0	1736	86	2334	11
V4-A-152	V4	A	2	10	2	5	10	25	30	20	5	5			10	9	2	57	28	兵庫県	2	7	2	7	ok	0	4070	97	0	0	1736	86	2334	11
V4-A-153	V4	A	2	9	2	5	10	25	35	15	5	5			9	11	2	61	13	東京都	2	1	4	6	ok	0	4050	97	0	0	1726	86	2324	11
V4-A-154	V4	A	1	10	2	5	10	25	35	20	3	2			9	9	2	58	14	神奈川県	2	8	4	5	ok	0	4058	97	0	0	1730	86	2328	11
V4-A-155	V4	A	1	8	2	5	10	30	30	15	5	5			9	11	2	71	3	岩手県	2	6	2	3	ok	0	4064	97	0	0	1733	86	2331	11
V4-A-156	V4	A	2	10	2	5	10	20	30	25	5	5			10	9	1	84	11	埼玉県	2	7	6	6	ok	0	4066	97	0	0	1734	86	2332	11
V4-A-157	V4	A	1	9	2	5	10	25	30	20	5	5			9	9	2	90	9	栃木県	1	7	1	2	ok	0	4094	97	0	0	1748	86	2346	11
V4-A-158	V4	A	2	10	2	5	10	25	35	20	3	2			10	9	1	29	23	愛知県	1	1	6	1	ok	0	4060	95	0	0	1732	84	2328	11
V4-A-159	V4	A	2	9	2	5	10	25	30	20	5	5			9	9	2	57	4	宮城県	2	8	2	6	ok	0	4054	97	0	0	1728	86	2326	11
V4-A-160	V4	A	2	10	2	5	10	25	30	20	5	5			9	11	2	67	29	奈良県	2	6	5	5	ok	0	4062	97	0	0	1732	86	2330	11
V4-A-161	V4	A	1	10	2	5	10	20	30	25	5	5			10	9	2	75	23	愛知県	1	8	1	4	ok	0	4082	97	0	0	1742	86	2340	11
V4-A-162	V4	A	2	9	2	5	10	30	30	15	5	5			9	11	2	28	26	京都府	2	7	6	3	ok	0	4054	97	0	0	1728	86	2326	11
V4-A-163	V4	A	2	10	2	5	10	20	30	25	7	3			10	11	1	47	23	愛知県	2	8	4	4	ok	0	4056	97	0	0	1729	86	2327	11
V4-A-164	V4	A	1	10	2	5	10	25	30	20	5	5			9	11	1	59	14	神奈川県	2	6	2	2	ok	0	4066	97	0	0	1734	86	2332	11
V4-A-165	V4	A	1	9	2	5	10	30	30	15	5	5			9	11	1	38	22	静岡県	2	1	2	3	ok	0	4052	97	0	0	1727	86	2325	11
V4-A-166	V4	A	2	10	2	5	10	20	30	25	5	5			10	9	2	86	28	兵庫県	2	7	1	2	ok	0	4074	97	0	0	1738	86	2336	11
V4-A-167	V4	A	2	10	2	5	10	25	30	20	5	5			9	11	2	69	14	神奈川県	2	3	6	1	ok	0	4078	97	0	0	1740	86	2338	11
V4-A-168	V4	A	2	10	2	5	10	25	30	20	5	5			10	9	2	36	40	福岡県	1	1	6	1	ok	0	4060	97	0	0	1731	86	2329	11
V4-A-169	V4	A	2	10	2	5	10	25	30	20	5	5			10	9	1	37	9	栃木県	2	6	2	4	ok	0	4066	97	0	0	1734	86	2332	11
V4-A-170	V4	A	1	9	2	5	10	30	30	15	5	5			9	11	2	35	13	東京都	1	8	2	2	ok	0	4072	97	0	0	1737	86	2335	11
V4-A-171	V4	A	2	10	2	5	10	20	30	25	5	5			10	9	2	62	15	新潟県	2	6	4	5	ok	0	4058	97	0	0	1730	86	2328	11
V4-A-172	V4	A	2	10	2	5	10	25	35	20	3	2			10	9	1	55	28	兵庫県	2	8	6	4	ok	0	4054	97	0	0	1728	86	2326	11
V4-A-173	V4	A	2	10	2	5	10	25	30	20	5	5			10	9	1	39	11	埼玉県	2	7	4	4	ok	0	4070	97	0	0	1736	86	2334	11
V4-A-174	V4	A	2	10	2	5	10	20	30	25	5	5			9	9	2	78	11	埼玉県	1	8	2	1	ok	0	4072	97	0	0	1737	86	2335	11
V4-A-175	V4	A	2	10	2	5	10	25	30	20	5	5			10	9	2	43	27	大阪府	1	7	2	4	ok	0	4084	97	0	0	1743	86	2341	11
V4-A-176	V4	A	2	10	2	5	10	20	30	25	5	5			10	9	2	80	7	福島県	2	8	2	2	ok	0	4044	97	0	0	1723	86	2321	11
V4-A-177	V4	A	2	10	2	5	10	25	30	20	5	5			10	9	2	27	1	北海道	2	1	4	3	ok	0	4048	97	0	0	1725	86	2323	11
V4-A-178	V4	A	2	11	2	5	10	25	30	20	7	3			10	9	1	37	8	茨城県	1	3	6	5	ok	0	4102	97	0	0	1752	86	2350	11
V4-A-179	V4	A	2	10	2	5	10	25	30	20	5	5			10	11	2	62	43	熊本県	1	1	2	3	ok	0	4072	97	0	0	1737	86	2335	11
V4-A-180	V4	A	1	9	2	5	10	30	30	15	5	5			9	11	2	78	22	静岡県	2	2	6	2	ok	0	4040	95	0	0	1722	84	2318	11
V4-A-181	V4	A	2	10	2	5	10	25	30	20	5	5			10	11	1	50	14	神奈川県	2	8	6	2	ok	0	4054	97	0	0	1728	86	2326	11
V4-A-182	V4	A	2	10	2	5	10	25	30	20	5	5			10	9	1	26	14	神奈川県	1	1	6	1	ok	0	4064	97	0	0	1733	86	2331	11
V4-A-183	V4	A	1	9	2	5	10	30	30	15	5	5			9	11	1	53	13	東京都	2	8	4	2	ok	0	4052	97	0	0	1727	86	2325	11
V4-A-184	V4	A	2	10	2	5	10	25	30	20	5	5			10	11	1	22	27	大阪府	1	1	2	1	ok	0	4064	97	0	0	1733	86	2331	11
V4-A-185	V4	A	2	10	2	5	10	25	30	20	5	5			9	11	2	50	43	熊本県	2	6	6	4	ok	0	4058	97	0	0	1730	86	2328	11
V4-A-186	V4	A	2	11	2	5	10	25	35	20	3	2			10	11	1	45	27	大阪府	2	1	2	4	ok	0	4052	97	0	0	1727	86	2325	11
V4-A-187	V4	A	2	10	2	5	10	20	30	25	5	5			10	9	1	97	20	長野県	1	2	2	3	ok	0	4056	97	0	0	1729	86	2327	11
V4-A-188	V4	A	2	10	2	5	10	25	30	20	5	5			10	9	1	74	17	石川県	2	1	6	4	ok	0	4044	97	0	0	1723	86	2321	11
V4-A-189	V4	A	2	11	2	5	10	20	30	25	5	5			10	9	1	70	47	沖縄県	2	4	2	3	ok	0	4050	97	0	0	1726	86	2324	11
V4-A-190	V4	A	2	10	2	5	10	25	30	20	5	5			9	9	2	43	4	宮城県	2	7	6	5	ok	0	4060	97	0	0	1731	86	2329	11
V4-A-191	V4	A	2	10	2	5	10	25	30	20	5	5			10	9	2	72	40	福岡県	1	6	2	2	ok	0	4082	97	0	0	1742	86	2340	11
V4-A-192	V4	A	1	9	2	5	10	25	30	20	5	5			9	9	2	87	11	埼玉県	1	7	2	2	ok	0	4090	97	0	0	1746	86	2344	11
V4-A-193	V4	A	2	11	2	5	10	20	30	25	5	5			10	9	2	80	15	新潟県	1	1	1	2	ok	0	4074	97	0	0	1738	86	2336	11
V4-A-194	V4	A	2	10	2	5	10	25	30	20	5	5			10	9	2	32	12	千葉県	2	7	2	4	ok	0	4064	97	0	0	1733	86	2331	11
V4-A-195	V4	A	2	10	2	5	10	25	35	20	3	2			10	11	1	57	27	大阪府	2	3	2	8	ok	0	4080	97	0	0	1741	86	2339	11
V4-A-196	V4	A	2	10	2	5	10	25	30	20	5	5			10	9	2	22	4	宮城県	1	6	6	1	ok	0	4070	97	0	0	1736	86	2334	11
V4-A-197	V4	A	2	10	2	5	10	25	30	20	5	5			10	11	1	77	40	福岡県	1	6	2	2	ok	0	4082	97	0	0	1742	86	2340	11
V4-A-198	V4	A	2	10	2	5	10	25	30	20	5	5			10	11	2	27	23	愛知県	1	1	6	1	ok	0	4062	97	0	0	1732	86	2330	11
V4-A-199	V4	A	2	10	2	5	10	25	30	20	5	5			10	11	1	41	23	愛知県	1	1	2	4	ok	0	4074	97	0	0	1738	86	2336	11
V4-A-200	V4	A	1	7	2	5	10	30	30	15	5	5			9	11	2	55	2	青森県	2	1	1	4	ok	0	4052	97	0	0	1727	86	2325	11
V4-A-201	V4	A	1	10	2	5	10	25	30	20	5	5			9	9	2	89	23	愛知県	1	6	1	2	ok	0	4090	97	0	0	1746	86	2344	11
V4-A-202	V4	A	2	11	2	5	10	20	30	25	5	5			10	9	2	94	28	兵庫県	2	1	4	2	ok	0	4056	97	0	0	1729	86	2327	11
V4-A-203	V4	A	1	9	2	5	10	30	30	15	5	5			9	9	1	31	13	東京都	1	6	2	4	ok	0	4080	97	0	0	1741	86	2339	11
V4-A-204	V4	A	2	9	2	5	10	25	30	20	5	5			9	11	1	52	27	大阪府	2	8	6	2	ok	0	4050	97	0	0	1726	86	2324	11
V4-A-205	V4	A	2	9	2	5	10	30	30	20	3	2			9	9	1	65	26	京都府	2	1	6	5	ok	0	4042	97	0	0	1722	86	2320	11
V4-A-206	V4	A	2	11	2	5	10	20	30	25	7	3			10	9	1	43	46	鹿児島県	2	1	7	1	ok	0	4054	97	0	0	1728	86	2326	11
V4-A-207	V4	A	1	9	2	5	10	25	30	20	5	5			9	9	2	82	27	大阪府	2	6	1	3	ok	0	4068	97	0	0	1735	86	2333	11
V4-A-208	V4	A	2	10	2	5	10	25	35	20	3	2			10	9	1	30	11	埼玉県	1	1	7	4	ok	0	4076	97	0	0	1739	86	2337	11
V4-A-209	V4	A	2	10	2	5	10	25	30	20	5	5			10	9	1	50	14	神奈川県	2	7	6	1	ok	0	4056	97	0	0	1729	86	2327	11
V4-A-210	V4	A	2	9	2	5	10	25	30	20	5	5			9	11	2	72	27	大阪府	1	2	6	3	ok	0	4062	97	0	0	1732	86	2330	11
V4-A-211	V4	A	2	10	2	5	10	25	30	20	5	5			10	9	2	59	23	愛知県	2	6	4	6	ok	0	4064	97	0	0	1733	86	2331	11
V4-A-212	V4	A	2	10	2	5	10	25	30	20	5	5			10	11	2	57	44	大分県	2	1	2	4	ok	0	4046	97	0	0	1724	86	2322	11
V4-A-213	V4	A	1	9	2	5	10	30	30	20	3	2			9	9	2	83	13	東京都	2	6	1	2	ok	0	4066	97	0	0	1734	86	2332	11
V4-A-214	V4	A	2	10	2	5	10	25	30	20	5	5			10	9	2	39	23	愛知県	2	8	2	5	ok	0	4056	97	0	0	1729	86	2327	11
V4-A-215	V4	A	2	10	2	5	10	20	30	25	5	5			10	9	2	55	15	新潟県	2	1	5	1	ok	0	4040	97	0	0	1721	86	2319	11
V4-A-216	V4	A	2	9	2	5	10	30	30	15	5	5			9	11	1	59	13	東京都	1	1	6	2	ok	0	4066	97	0	0	1734	86	2332	11
V4-A-217	V4	A	2	11	2	5	10	25	30	20	5	5			10	11	1	22	1	北海道	1	1	4	4	ok	0	4068	97	0	0	1735	86	2333	11
V4-A-218	V4	A	1	9	2	5	10	30	30	15	5	5			9	11	2	85	34	広島県	1	3	1	1	ok	0	4098	97	0	0	1750	86	2348	11
V4-A-219	V4	A	2	9	2	5	10	30	30	15	5	5			9	9	1	26	13	東京都	1	8	7	2	ok	0	4070	97	0	0	1736	86	2334	11
V4-A-220	V4	A	1	8	2	5	10	30	30	15	5	5			9	9	2	27	8	茨城県	2	1	6	2	ok	0	4048	97	0	0	1725	86	2323	11
V4-A-221	V4	A	2	8	2	5	10	25	30	20	5	5			9	11	1	75	3	岩手県	2	3	2	3	ok	0	4088	97	0	0	1745	86	2343	11
V4-A-222	V4	A	2	9	2	5	10	25	35	15	5	5			9	11	1	56	13	東京都	2	7	2	5	ok	0	4062	97	0	0	1732	86	2330	11
V4-A-223	V4	A	2	9	2	5	10	25	30	20	5	5			9	9	2	65	27	大阪府	2	8	4	5	ok	0	4054	97	0	0	1728	86	2326	11
V4-A-224	V4	A	2	9	2	5	10	25	30	20	5	5			10	11	1	48	27	大阪府	2	6	2	7	ok	0	4064	97	0	0	1733	86	2331	11
V4-A-225	V4	A	2	10	2	5	10	25	35	15	5	5			10	11	1	59	6	山形県	2	6	7	6	ok	0	4054	97	0	0	1728	86	2326	11
V4-A-226	V4	A	2	10	2	5	10	20	30	25	7	3			10	9	2	33	16	富山県	1	8	3	5	ok	0	4068	97	0	0	1735	86	2333	11
V4-A-227	V4	A	1	9	2	5	10	30	30	15	5	5			9	11	2	73	1	北海道	2	7	2	3	ok	0	4060	97	0	0	1731	86	2329	11
V4-A-228	V4	A	2	11	2	5	10	20	30	25	5	5			10	11	1	40	47	沖縄県	2	9	2	4	ok	0	4046	97	0	0	1724	86	2322	11
V4-A-229	V4	A	2	9	2	5	10	25	30	20	7	3			9	11	2	44	1	北海道	1	1	2	5	ok	0	4068	97	0	0	1735	86	2333	11
V4-A-230	V4	A	2	10	2	5	10	20	30	25	5	5			10	9	2	62	42	長崎県	2	7	2	1	ok	0	4056	97	0	0	1729	86	2327	11
V4-A-231	V4	A	2	10	2	5	10	20	30	20	10	5			10	9	1	21	9	栃木県	1	6	6	1	ok	0	4074	97	0	0	1738	86	2336	11
V4-A-232	V4	A	1	9	2	5	10	30	30	15	5	5			9	11	2	32	22	静岡県	1	6	2	3	ok	0	4082	97	0	0	1742	86	2340	11
V4-A-233	V4	A	2	10	2	5	10	20	30	20	10	5			10	9	2	80	12	千葉県	1	1	1	2	ok	0	4078	97	0	0	1740	86	2338	11
V4-A-234	V4	A	2	10	2	5	10	25	30	20	5	5			10	9	1	52	14	神奈川県	2	6	6	5	ok	0	4062	97	0	0	1732	86	2330	11
V4-A-235	V4	A	1	9	2	5	10	30	30	15	5	5			9	11	1	52	13	東京都	1	6	2	1	ok	0	4072	97	0	0	1737	86	2335	11
V4-A-236	V4	A	2	9	2	5	10	25	30	20	5	5			9	9	2	47	27	大阪府	2	3	5	2	ok	0	4086	97	0	0	1744	86	2342	11
V4-A-237	V4	A	2	10	2	5	10	25	30	20	7	3			10	9	2	26	14	神奈川県	1	1	6	2	ok	0	4072	97	0	0	1737	86	2335	11
V4-A-238	V4	A	2	10	2	5	10	25	30	20	7	3			10	11	2	43	12	千葉県	2	1	6	6	ok	0	4048	97	0	0	1725	86	2323	11
V4-A-239	V4	A	2	10	2	5	10	25	35	20	3	2			10	11	1	52	14	神奈川県	2	1	4	8	ok	0	4050	97	0	0	1726	86	2324	11
V4-A-240	V4	A	2	10	2	5	10	20	30	25	5	5			10	9	2	82	46	鹿児島県	1	6	2	3	ok	0	4094	97	0	0	1748	86	2346	11
V4-A-241	V4	A	2	11	2	5	10	20	30	25	5	5			10	9	1	81	27	大阪府	2	4	6	2	ok	0	4042	97	0	0	1722	86	2320	11
V4-A-242	V4	A	1	9	2	5	10	30	30	15	5	5			9	11	2	61	13	東京都	2	2	2	2	ok	0	4042	95	0	0	1723	84	2319	11
V4-A-243	V4	A	2	9	2	5	10	25	30	20	5	5			9	11	2	100	13	東京都	1	3	2	2	ok	0	4104	97	0	0	1753	86	2351	11
V4-A-244	V4	A	2	9	2	5	10	25	30	20	5	5			9	11	1	74	13	東京都	2	7	6	2	ok	0	4058	97	0	0	1730	86	2328	11
V4-A-245	V4	A	2	9	2	5	10	30	30	15	5	5			9	11	1	26	13	東京都	2	8	6	2	ok	0	4048	97	0	0	1725	86	2323	11
V4-A-246	V4	A	2	10	2	5	10	25	30	20	7	3			10	9	1	40	14	神奈川県	1	8	2	5	ok	0	4078	97	0	0	1740	86	2338	11
V4-A-247	V4	A	1	9	2	5	10	30	30	15	5	5			9	11	2	90	38	愛媛県	1	7	2	1	ok	0	4074	97	0	0	1738	86	2336	11
V4-A-248	V4	A	2	10	2	5	10	20	30	25	5	5			10	9	1	25	35	山口県	1	8	2	2	ok	0	4064	97	0	0	1733	86	2331	11
V4-A-249	V4	A	2	10	2	5	10	25	30	20	5	5			10	11	2	25	12	千葉県	1	8	6	1	ok	0	4062	97	0	0	1732	86	2330	11
V4-A-250	V4	A	2	11	2	5	10	20	30	25	5	5			10	11	2	49	47	沖縄県	1	6	1	1	ok	0	4084	97	0	0	1743	86	2341	11
V4-B-001	V4	B	1	8	2	5	15	35	25	15	3	2	2	1	9	11	2	26	8	茨城県	1	6	6	2	ok	0	4236	105	0	0	1740	86	2496	19
V4-B-002	V4	B	2	9	2	5	10	30	30	15	5	5	2	1	9	11	2	27	13	東京都	1	2	6	3	ok	0	4218	105	0	0	1731	86	2487	19
V4-B-003	V4	B	2	10	2	5	10	25	30	20	5	5	2	1	10	11	1	82	14	神奈川県	2	7	6	1	ok	0	4214	105	0	0	1729	86	2485	19
V4-B-004	V4	B	2	10	2	5	10	25	30	20	5	5	2	1	10	9	2	60	40	福岡県	2	1	1	7	ok	0	4218	105	0	0	1731	86	2487	19
V4-B-005	V4	B	2	10	2	5	5	20	30	25	10	5	2	1	10	9	1	81	11	埼玉県	2	8	2	1	ok	0	4210	105	0	0	1727	86	2483	19
V4-B-006	V4	B	2	10	2	5	10	20	30	25	5	5	2	1	10	9	1	33	20	長野県	1	8	2	6	ok	0	4222	105	0	0	1733	86	2489	19
V4-B-007	V4	B	2	10	2	5	10	25	30	20	5	5	2	1	10	9	2	63	34	広島県	1	1	5	1	ok	0	4216	105	0	0	1730	86	2486	19
V4-B-008	V4	B	2	9	2	5	10	25	30	20	5	5	2	1	9	9	2	75	27	大阪府	1	2	5	5	ok	0	4224	105	0	0	1734	86	2490	19
V4-B-009	V4	B	2	11	2	5	10	25	35	20	3	2	2	1	10	11	1	42	13	東京都	1	1	6	7	ok	0	4226	105	0	0	1735	86	2491	19
V4-B-010	V4	B	2	10	2	5	10	25	30	20	5	5	2	1	10	9	2	50	11	埼玉県	2	6	2	4	ok	0	4226	105	0	0	1735	86	2491	19
V4-B-011	V4	B	2	10	2	5	10	20	30	25	5	5	2	1	10	9	2	29	42	長崎県	1	7	2	6	ok	0	4242	105	0	0	1743	86	2499	19
V4-B-012	V4	B	2	10	2	5	10	20	30	25	5	5	2	1	10	9	2	80	28	兵庫県	1	8	2	1	ok	0	4228	105	0	0	1736	86	2492	19
V4-B-013	V4	B	1	9	2	5	10	25	30	20	5	5	2	1	9	11	1	88	12	千葉県	1	7	1	1	ok	0	4240	105	0	0	1742	86	2498	19
V4-B-014	V4	B	2	10	2	5	10	25	30	20	5	5	2	1	10	9	1	80	11	埼玉県	2	1	6	2	ok	0	4212	105	0	0	1728	86	2484	19
V4-B-015	V4	B	2	10	2	5	10	25	30	20	5	5	2	1	10	9	2	56	40	福岡県	2	1	1	5	ok	0	4216	105	0	0	1730	86	2486	19
V4-B-016	V4	B	2	10	2	5	10	20	30	25	7	3	2	1	10	11	1	40	28	兵庫県	2	4	6	3	ok	0	4204	105	0	0	1724	86	2480	19
V4-B-017	V4	B	2	9	2	5	10	25	30	20	7	3	2	1	10	9	1	32	1	北海道	1	7	2	5	ok	0	4238	105	0	0	1741	86	2497	19
V4-B-018	V4	B	1	9	2	5	10	30	30	15	5	5	2	1	9	11	2	77	13	東京都	2	2	2	2	ok	0	4202	105	0	0	1723	86	2479	19
V4-B-019	V4	B	1	9	2	5	10	30	30	15	5	5	2	1	9	11	2	61	5	秋田県	2	8	2	7	ok	0	4214	105	0	0	1729	86	2485	19
V4-B-020	V4	B	2	9	2	5	10	25	30	20	5	5	2	1	9	9	2	74	27	大阪府	2	8	6	1	ok	0	4200	105	0	0	1722	86	2478	19
V4-B-021	V4	B	2	9	2	5	10	25	30	20	5	5	2	1	9	11	2	41	27	大阪府	2	1	2	2	ok	0	4210	105	0	0	1727	86	2483	19
V4-B-022	V4	B	2	10	2	5	10	25	30	20	5	5	2	1	10	9	1	31	14	神奈川県	1	7	2	6	ok	0	4246	105	0	0	1745	86	2501	19
V4-B-023	V4	B	2	10	2	5	10	25	30	20	5	5	2	1	10	9	2	53	11	埼玉県	2	7	2	7	ok	0	4230	105	0	0	1737	86	2493	19
V4-B-024	V4	B	2	11	2	5	10	25	30	20	5	5	2	1	10	9	1	44	1	北海道	2	8	2	5	ok	0	4208	105	0	0	1726	86	2482	19
V4-B-025	V4	B	2	9	2	5	10	25	30	20	5	5	2	1	9	9	2	49	22	静岡県	2	8	4	6	ok	0	4212	105	0	0	1728	86	2484	19
V4-B-026	V4	B	1	9	2	5	10	25	30	20	5	5	2	1	9	11	2	71	1	北海道	2	6	1	3	ok	0	4222	105	0	0	1733	86	2489	19
V4-B-027	V4	B	1	9	2	5	10	30	30	15	5	5	2	1	9	11	2	38	22	静岡県	2	2	2	2	ok	0	4204	105	0	0	1724	86	2480	19
V4-B-028	V4	B	2	9	2	5	10	30	30	15	5	5	2	1	9	11	1	56	13	東京都	2	8	2	5	ok	0	4210	105	0	0	1727	86	2483	19
V4-B-029	V4	B	2	10	2	5	10	25	35	20	3	2	2	1	10	11	2	62	23	愛知県	2	3	2	6	ok	0	4246	105	0	0	1745	86	2501	19
V4-B-030	V4	B	2	10	2	5	10	25	35	20	3	2	2	1	10	9	1	56	23	愛知県	2	3	2	5	ok	0	4246	105	0	0	1745	86	2501	19
V4-B-031	V4	B	1	9	2	5	10	30	30	15	5	5	2	1	9	11	1	80	13	東京都	2	2	1	3	ok	0	4208	105	0	0	1726	86	2482	19
V4-B-032	V4	B	2	10	2	5	10	20	30	25	5	5	2	1	10	11	2	49	29	奈良県	2	7	2	4	ok	0	4222	105	0	0	1733	86	2489	19
V4-B-033	V4	B	1	9	2	5	10	25	30	20	5	5	2	1	9	11	2	43	34	広島県	2	7	2	2	ok	0	4216	105	0	0	1730	86	2486	19
V4-B-034	V4	B	1	9	2	5	10	30	30	15	5	5	2	1	9	11	1	57	13	東京都	1	1	1	4	ok	0	4234	105	0	0	1739	86	2495	19
V4-B-035	V4	B	2	10	2	5	10	20	30	25	7	3	2	1	10	9	1	40	32	島根県	1	6	2	7	ok	0	4236	105	0	0	1740	86	2496	19
V4-B-036	V4	B	2	10	2	5	10	25	30	20	5	5	2	1	10	9	1	50	14	神奈川県	1	8	2	8	ok	0	4230	105	0	0	1737	86	2493	19
V4-B-037	V4	B	2	10	2	5	10	20	30	25	5	5	2	1	10	9	1	77	28	兵庫県	2	1	1	6	ok	0	4220	105	0	0	1732	86	2488	19
V4-B-038	V4	B	2	10	2	5	10	25	30	20	5	5	2	1	10	11	1	35	11	埼玉県	2	7	6	1	ok	0	4216	105	0	0	1730	86	2486	19
V4-B-039	V4	B	2	10	2	5	10	25	30	20	5	5	2	1	10	11	2	25	28	兵庫県	1	8	2	3	ok	0	4236	105	0	0	1740	86	2496	19
V4-B-040	V4	B	1	9	2	5	10	30	30	15	5	5	2	1	9	11	1	52	12	千葉県	1	8	4	1	ok	0	4224	105	0	0	1734	86	2490	19
V4-B-041	V4	B	1	9	2	5	10	30	30	15	5	5	2	1	9	11	1	54	18	福井県	2	8	2	3	ok	0	4206	105	0	0	1725	86	2481	19
V4-B-042	V4	B	1	9	2	5	10	25	30	20	5	5	2	1	9	9	2	72	27	大阪府	2	7	2	4	ok	0	4222	105	0	0	1733	86	2489	19
V4-B-043	V4	B	1	9	2	5	10	30	30	15	5	5	2	1	9	11	2	30	13	東京都	2	7	6	3	ok	0	4216	105	0	0	1730	86	2486	19
V4-B-044	V4	B	2	9	2	5	10	30	30	15	5	5	2	1	9	11	1	61	13	東京都	2	8	2	2	ok	0	4210	105	0	0	1727	86	2483	19
V4-B-045	V4	B	2	10	2	5	10	20	30	25	5	5	2	1	10	9	2	79	28	兵庫県	2	7	2	1	ok	0	4218	105	0	0	1731	86	2487	19
V4-B-046	V4	B	2	10	2	5	10	25	30	20	5	5	2	1	10	9	2	21	34	広島県	1	1	1	1	ok	0	4222	105	0	0	1733	86	2489	19
V4-B-047	V4	B	2	10	2	5	10	25	30	20	5	5	2	1	10	9	2	38	27	大阪府	2	8	4	3	ok	0	4212	105	0	0	1728	86	2484	19
V4-B-048	V4	B	2	9	2	5	10	25	30	20	5	5	2	1	9	11	1	75	1	北海道	2	2	6	2	ok	0	4196	105	0	0	1720	86	2476	19
V4-B-049	V4	B	2	11	2	5	10	25	30	20	5	5	2	1	10	11	1	29	27	大阪府	2	1	2	4	ok	0	4210	105	0	0	1727	86	2483	19
V4-B-050	V4	B	2	11	2	5	10	20	30	25	5	5	2	1	10	9	2	26	15	新潟県	2	1	6	1	ok	0	4194	105	0	0	1719	86	2475	19
V4-B-051	V4	B	2	9	2	5	10	25	30	20	5	5	2	1	9	9	1	84	13	東京都	2	8	3	2	ok	0	4214	105	0	0	1729	86	2485	19
V4-B-052	V4	B	2	10	2	5	10	20	30	25	5	5	2	1	10	9	2	32	28	兵庫県	2	7	2	5	ok	0	4226	105	0	0	1735	86	2491	19
V4-B-053	V4	B	2	10	2	5	10	25	30	20	5	5	2	1	10	11	2	57	11	埼玉県	2	8	6	5	ok	0	4214	105	0	0	1729	86	2485	19
V4-B-054	V4	B	1	9	2	5	10	25	30	20	5	5	2	1	9	11	2	85	26	京都府	1	1	2	4	ok	0	4224	105	0	0	1734	86	2490	19
V4-B-055	V4	B	2	11	2	5	10	20	30	25	5	5	2	1	10	11	2	60	19	山梨県	2	8	5	1	ok	0	4204	105	0	0	1724	86	2480	19
V4-B-056	V4	B	2	10	2	5	10	25	30	20	5	5	2	1	10	11	1	60	44	大分県	1	8	2	1	ok	0	4218	105	0	0	1731	86	2487	19
V4-B-057	V4	B	2	10	2	5	10	20	30	25	5	5	2	1	10	9	1	76	28	兵庫県	1	1	2	1	ok	0	4226	105	0	0	1735	86	2491	19
V4-B-058	V4	B	2	10	2	5	10	25	30	20	7	3	2	1	10	9	1	25	27	大阪府	1	1	7	1	ok	0	4220	105	0	0	1732	86	2488	19
V4-B-059	V4	B	2	10	2	5	10	25	30	20	5	5	2	1	10	9	1	27	11	埼玉県	1	8	6	3	ok	0	4234	105	0	0	1739	86	2495	19
V4-B-060	V4	B	1	9	2	5	10	25	30	20	5	5	2	1	9	11	2	54	13	東京都	2	8	2	8	ok	0	4204	105	0	0	1724	86	2480	19
V4-B-061	V4	B	2	11	2	5	10	25	30	20	7	3	2	1	10	11	1	37	27	大阪府	2	2	7	4	ok	0	4202	105	0	0	1723	86	2479	19
V4-B-062	V4	B	2	10	2	5	10	25	30	20	5	5	2	1	10	11	2	29	14	神奈川県	1	1	6	1	ok	0	4222	105	0	0	1733	86	2489	19
V4-B-063	V4	B	2	10	2	5	10	20	30	25	5	5	2	1	10	9	2	72	33	岡山県	2	1	2	1	ok	0	4198	105	0	0	1721	86	2477	19
V4-B-064	V4	B	2	10	2	5	10	20	30	25	5	5	2	1	10	9	1	81	25	滋賀県	1	7	1	1	ok	0	4242	105	0	0	1743	86	2499	19
V4-B-065	V4	B	2	10	2	5	10	25	30	20	5	5	2	1	10	9	2	59	11	埼玉県	1	6	2	6	ok	0	4246	105	0	0	1745	86	2501	19
V4-B-066	V4	B	2	10	2	5	10	20	30	25	5	5	2	1	10	9	2	61	11	埼玉県	2	6	6	2	ok	0	4222	105	0	0	1733	86	2489	19
V4-B-067	V4	B	2	9	2	5	10	25	30	20	7	3	2	1	10	9	2	27	11	埼玉県	2	6	6	3	ok	0	4222	105	0	0	1733	86	2489	19
V4-B-068	V4	B	1	9	2	5	10	30	30	15	5	5	2	1	9	11	2	76	13	東京都	1	1	5	2	ok	0	4228	105	0	0	1736	86	2492	19
V4-B-069	V4	B	2	10	2	5	10	25	30	20	5	5	2	1	10	9	2	35	25	滋賀県	2	6	4	6	ok	0	4222	105	0	0	1733	86	2489	19
V4-B-070	V4	B	2	9	2	5	10	25	30	20	5	5	2	1	9	11	1	42	4	宮城県	2	6	2	2	ok	0	4220	105	0	0	1732	86	2488	19
V4-B-071	V4	B	2	9	2	5	10	25	30	20	5	5	2	1	9	11	1	32	27	大阪府	2	1	2	1	ok	0	4202	105	0	0	1723	86	2479	19
V4-B-072	V4	B	2	11	2	5	10	20	35	20	5	5	2	1	10	9	1	30	47	沖縄県	2	1	2	5	ok	0	4214	105	0	0	1729	86	2485	19
V4-B-073	V4	B	2	9	2	5	10	25	30	20	7	3	2	1	9	11	2	58	13	東京都	2	8	5	8	ok	0	4204	105	0	0	1724	86	2480	19
V4-B-074	V4	B	2	10	2	5	10	20	30	25	5	5	2	1	10	9	1	48	15	新潟県	1	8	1	2	ok	0	4234	105	0	0	1739	86	2495	19
V4-B-075	V4	B	2	11	2	5	10	20	30	25	5	5	2	1	10	9	1	72	47	沖縄県	1	6	2	2	ok	0	4244	105	0	0	1744	86	2500	19
V4-B-076	V4	B	2	11	2	5	10	20	30	25	7	3	2	1	10	9	1	62	7	福島県	2	3	6	5	ok	0	4230	105	0	0	1737	86	2493	19
V4-B-077	V4	B	2	9	2	5	10	30	30	15	5	5	2	1	9	9	1	53	13	東京都	2	6	6	5	ok	0	4214	105	0	0	1729	86	2485	19
V4-B-078	V4	B	2	9	2	5	10	25	30	20	5	5	2	1	9	9	1	86	1	北海道	2	1	1	3	ok	0	4212	105	0	0	1728	86	2484	19
V4-B-079	V4	B	2	9	2	5	10	25	30	20	5	5	2	1	9	9	1	79	4	宮城県	2	8	1	3	ok	0	4218	105	0	0	1731	86	2487	19
V4-B-080	V4	B	2	9	2	5	10	25	30	20	5	5	2	1	9	9	1	67	1	北海道	2	7	6	1	ok	0	4206	105	0	0	1725	86	2481	19
V4-B-081	V4	B	2	10	2	5	10	20	30	25	5	5	2	1	10	9	1	38	11	埼玉県	2	8	1	3	ok	0	4224	105	0	0	1734	86	2490	19
V4-B-082	V4	B	2	10	2	5	10	25	30	20	5	5	2	1	10	9	2	25	11	埼玉県	1	8	5	1	ok	0	4230	105	0	0	1737	86	2493	19
V4-B-083	V4	B	2	10	2	5	10	25	30	20	7	3	2	1	10	9	2	25	23	愛知県	1	1	6	2	ok	0	4228	105	0	0	1736	86	2492	19
V4-B-084	V4	B	1	9	2	5	10	25	30	20	5	5	2	1	9	11	2	66	11	埼玉県	1	8	2	1	ok	0	4230	105	0	0	1737	86	2493	19
V4-B-085	V4	B	1	9	2	5	10	30	30	15	5	5	2	1	9	11	1	62	13	東京都	2	1	2	4	ok	0	4208	105	0	0	1726	86	2482	19
V4-B-086	V4	B	2	10	2	5	10	20	30	25	7	3	2	1	10	9	2	67	28	兵庫県	2	9	5	8	ok	0	4198	105	0	0	1721	86	2477	19
V4-B-087	V4	B	2	10	2	5	10	25	30	20	5	5	2	1	10	9	2	77	23	愛知県	2	1	1	2	ok	0	4218	105	0	0	1731	86	2487	19
V4-B-088	V4	B	2	10	2	5	10	25	30	20	5	5	2	1	10	9	2	26	11	埼玉県	2	8	6	1	ok	0	4206	105	0	0	1725	86	2481	19
V4-B-089	V4	B	1	9	2	5	10	30	30	15	5	5	2	1	9	11	1	55	13	東京都	1	7	6	1	ok	0	4228	105	0	0	1736	86	2492	19
V4-B-090	V4	B	2	9	2	5	10	25	30	20	5	5	2	1	9	9	1	62	21	岐阜県	1	7	6	2	ok	0	4244	105	0	0	1744	86	2500	19
V4-B-091	V4	B	2	9	2	5	10	25	30	20	5	5	2	1	9	9	2	44	27	大阪府	1	2	2	5	ok	0	4224	105	0	0	1734	86	2490	19
V4-B-092	V4	B	2	10	2	5	10	25	30	20	5	5	2	1	10	11	1	30	29	奈良県	1	7	2	4	ok	0	4242	105	0	0	1743	86	2499	19
V4-B-093	V4	B	2	10	2	5	10	25	30	20	5	5	2	1	10	9	1	68	16	富山県	2	1	2	1	ok	0	4192	105	0	0	1718	86	2474	19
V4-B-094	V4	B	2	9	2	5	10	25	30	20	5	5	2	1	9	11	1	51	22	静岡県	2	6	2	7	ok	0	4222	105	0	0	1733	86	2489	19
V4-B-095	V4	B	2	10	2	5	10	25	30	20	5	5	2	1	10	9	1	65	20	長野県	2	6	6	6	ok	0	4206	105	0	0	1725	86	2481	19
V4-B-096	V4	B	2	10	2	5	10	25	30	20	5	5	2	1	10	9	1	61	23	愛知県	2	7	2	2	ok	0	4224	105	0	0	1734	86	2490	19
V4-B-097	V4	B	2	10	2	5	10	20	30	25	7	3	2	1	10	9	2	23	23	愛知県	1	7	2	1	ok	0	4236	105	0	0	1740	86	2496	19
V4-B-098	V4	B	2	9	2	5	10	25	30	20	5	5	2	1	10	11	1	56	12	千葉県	2	6	2	5	ok	0	4220	105	0	0	1732	86	2488	19
V4-B-099	V4	B	2	9	2	5	10	25	30	20	5	5	2	1	9	11	2	64	12	千葉県	2	4	2	1	ok	0	4196	105	0	0	1720	86	2476	19
V4-B-100	V4	B	2	10	2	5	10	25	35	15	5	5	2	1	10	9	1	41	9	栃木県	2	3	6	2	ok	0	4244	105	0	0	1744	86	2500	19
V4-B-101	V4	B	2	10	2	5	10	25	35	20	3	2	2	1	10	11	1	61	23	愛知県	2	2	4	8	ok	0	4200	105	0	0	1722	86	2478	19
V4-B-102	V4	B	2	10	2	5	10	20	30	25	7	3	2	1	10	9	2	24	27	大阪府	1	8	6	2	ok	0	4228	105	0	0	1736	86	2492	19
V4-B-103	V4	B	1	9	2	5	10	30	30	15	5	5	2	1	9	11	1	47	13	東京都	2	8	6	2	ok	0	4206	105	0	0	1725	86	2481	19
V4-B-104	V4	B	2	9	2	5	10	30	30	15	5	5	2	1	9	11	2	29	22	静岡県	1	8	7	1	ok	0	4222	105	0	0	1733	86	2489	19
V4-B-105	V4	B	2	10	2	5	10	20	30	25	5	5	2	1	10	9	1	80	20	長野県	2	1	1	3	ok	0	4206	105	0	0	1725	86	2481	19
V4-B-106	V4	B	1	9	2	5	10	30	30	15	5	5	2	1	9	11	1	57	13	東京都	2	1	2	5	ok	0	4208	105	0	0	1726	86	2482	19
V4-B-107	V4	B	1	7	2	5	10	30	30	15	5	5	2	1	8	11	2	22	2	青森県	1	9	2	3	ok	0	4214	105	0	0	1729	86	2485	19
V4-B-108	V4	B	2	10	2	5	10	20	30	25	5	5	2	1	10	9	2	41	41	佐賀県	2	8	2	4	ok	0	4218	105	0	0	1731	86	2487	19
V4-B-109	V4	B	1	9	2	5	10	30	30	15	5	5	2	1	9	11	2	75	13	東京都	2	6	1	1	ok	0	4216	105	0	0	1730	86	2486	19
V4-B-110	V4	B	1	9	2	5	10	30	30	15	5	5	2	1	9	11	1	71	13	東京都	1	8	7	1	ok	0	4220	105	0	0	1732	86	2488	19
V4-B-111	V4	B	2	10	2	5	10	20	35	20	5	5	2	1	10	9	1	50	33	岡山県	1	7	6	6	ok	0	4234	105	0	0	1739	86	2495	19
V4-B-112	V4	B	2	10	2	5	10	25	30	20	5	5	2	1	10	9	2	59	23	愛知県	1	1	2	7	ok	0	4234	105	0	0	1739	86	2495	19
V4-B-113	V4	B	2	10	2	5	10	20	30	25	5	5	2	1	10	9	1	46	15	新潟県	2	7	2	6	ok	0	4218	105	0	0	1731	86	2487	19
V4-B-114	V4	B	1	9	2	5	10	30	30	15	5	5	2	1	9	11	1	36	13	東京都	1	7	6	1	ok	0	4226	103	0	0	1736	84	2490	19
V4-B-115	V4	B	2	10	2	5	10	20	30	25	5	5	2	1	10	11	2	46	28	兵庫県	1	2	2	1	ok	0	4220	105	0	0	1732	86	2488	19
V4-B-116	V4	B	2	10	2	5	10	20	30	25	5	5	2	1	10	9	2	56	41	佐賀県	2	1	2	6	ok	0	4216	105	0	0	1730	86	2486	19
V4-B-117	V4	B	1	9	2	5	10	25	30	20	5	5	2	1	9	11	1	80	12	千葉県	1	8	2	1	ok	0	4224	105	0	0	1734	86	2490	19
V4-B-118	V4	B	1	9	2	5	10	30	30	15	5	5	2	1	9	11	1	58	13	東京都	2	7	2	6	ok	0	4220	105	0	0	1732	86	2488	19
V4-B-119	V4	B	2	10	2	5	10	25	30	20	5	5	2	1	10	9	1	59	42	長崎県	1	6	4	2	ok	0	4240	105	0	0	1742	86	2498	19
V4-B-120	V4	B	2	10	2	5	10	25	30	20	5	5	2	1	10	9	2	58	23	愛知県	2	6	2	5	ok	0	4222	105	0	0	1733	86	2489	19
V4-B-121	V4	B	1	9	2	5	10	25	30	20	5	5	2	1	9	11	1	51	14	神奈川県	2	6	6	2	ok	0	4220	105	0	0	1732	86	2488	19
V4-B-122	V4	B	1	8	2	5	10	30	30	15	5	5	2	1	8	11	2	24	3	岩手県	1	7	2	1	ok	0	4236	105	0	0	1740	86	2496	19
V4-B-123	V4	B	2	10	2	5	10	25	30	20	5	5	2	1	10	9	2	68	40	福岡県	2	8	2	5	ok	0	4212	105	0	0	1728	86	2484	19
V4-B-124	V4	B	2	9	2	5	10	25	30	20	5	5	2	1	9	9	1	78	1	北海道	2	8	6	2	ok	0	4204	105	0	0	1724	86	2480	19
V4-B-125	V4	B	2	10	2	5	10	25	30	20	5	5	2	1	10	11	2	33	14	神奈川県	2	7	7	4	ok	0	4224	105	0	0	1734	86	2490	19
V4-B-126	V4	B	1	9	2	5	10	25	30	20	5	5	2	1	9	11	2	44	1	北海道	2	8	2	2	ok	0	4208	105	0	0	1726	86	2482	19
V4-B-127	V4	B	1	9	2	5	10	30	30	15	5	5	2	1	9	11	2	71	13	東京都	1	1	6	1	ok	0	4216	105	0	0	1730	86	2486	19
V4-B-128	V4	B	1	9	2	5	10	25	30	20	5	5	2	1	9	11	2	88	13	東京都	1	9	2	4	ok	0	4218	105	0	0	1731	86	2487	19
V4-B-129	V4	B	1	9	2	5	10	30	30	15	5	5	2	1	9	11	2	49	13	東京都	2	2	4	2	ok	0	4200	103	0	0	1723	84	2477	19
V4-B-130	V4	B	2	10	2	5	10	20	30	25	5	5	2	1	10	9	2	37	44	大分県	2	6	2	5	ok	0	4214	105	0	0	1729	86	2485	19
V4-B-131	V4	B	2	10	2	5	10	25	35	20	3	2	2	1	10	11	1	63	12	千葉県	2	8	6	3	ok	0	4208	105	0	0	1726	86	2482	19
V4-B-132	V4	B	1	9	2	5	10	30	30	20	3	2	2	1	9	11	2	58	13	東京都	2	6	4	5	ok	0	4218	105	0	0	1731	86	2487	19
V4-B-133	V4	B	2	9	2	5	10	25	30	20	5	5	2	1	9	9	2	37	27	大阪府	2	2	2	3	ok	0	4204	105	0	0	1724	86	2480	19
V4-B-134	V4	B	2	10	2	5	10	25	30	20	5	5	2	1	10	9	1	36	23	愛知県	1	2	6	3	ok	0	4222	105	0	0	1733	86	2489	19
V4-B-135	V4	B	2	10	2	5	10	25	35	20	3	2	2	1	10	11	2	30	34	広島県	2	4	6	5	ok	0	4194	105	0	0	1719	86	2475	19
V4-B-136	V4	B	1	9	2	5	10	30	30	15	5	5	2	1	9	11	2	44	13	東京都	2	6	5	5	ok	0	4218	105	0	0	1731	86	2487	19
V4-B-137	V4	B	2	10	2	5	10	25	30	20	5	5	2	1	10	9	1	26	40	福岡県	2	7	2	2	ok	0	4222	105	0	0	1733	86	2489	19
V4-B-138	V4	B	1	9	2	5	10	30	30	20	3	2	2	1	9	11	2	82	13	東京都	2	1	2	1	ok	0	4200	105	0	0	1722	86	2478	19
V4-B-139	V4	B	2	9	2	5	10	25	30	20	5	5	2	1	9	11	1	44	26	京都府	2	1	2	4	ok	0	4204	105	0	0	1724	86	2480	19
V4-B-140	V4	B	2	9	2	5	10	30	30	15	5	5	2	1	10	9	1	56	13	東京都	1	3	2	5	ok	0	4262	105	0	0	1753	86	2509	19
V4-B-141	V4	B	1	9	2	5	15	35	25	15	3	2	2	1	9	11	2	31	1	北海道	2	6	2	2	ok	0	4214	103	0	0	1730	84	2484	19
V4-B-142	V4	B	1	10	2	5	10	25	30	20	5	5	2	1	9	11	2	76	14	神奈川県	1	8	1	1	ok	0	4234	105	0	0	1739	86	2495	19
V4-B-143	V4	B	2	10	2	5	10	20	30	25	5	5	2	1	10	9	1	70	9	栃木県	1	6	2	1	ok	0	4236	105	0	0	1740	86	2496	19
V4-B-144	V4	B	1	9	2	5	10	25	30	20	5	5	2	1	9	11	2	91	27	大阪府	1	8	1	2	ok	0	4238	105	0	0	1741	86	2497	19
V4-B-145	V4	B	2	9	2	5	10	25	30	20	5	5	2	1	10	9	1	73	1	北海道	2	1	2	2	ok	0	4206	105	0	0	1725	86	2481	19
V4-B-146	V4	B	2	10	2	5	10	25	30	20	5	5	2	1	10	9	1	57	43	熊本県	1	1	2	1	ok	0	4222	105	0	0	1733	86	2489	19
V4-B-147	V4	B	1	9	2	5	15	35	25	15	3	2	2	1	9	11	1	40	13	東京都	1	6	6	3	ok	0	4234	105	0	0	1739	86	2495	19
V4-B-148	V4	B	1	9	2	5	10	30	30	15	5	5	2	1	9	11	1	51	13	東京都	2	6	6	2	ok	0	4214	105	0	0	1729	86	2485	19
V4-B-149	V4	B	2	9	2	5	10	30	30	15	5	5	2	1	9	11	1	64	13	東京都	2	7	6	4	ok	0	4216	105	0	0	1730	86	2486	19
V4-B-150	V4	B	2	10	2	5	10	20	30	25	5	5	2	1	10	9	2	84	20	長野県	1	8	1	2	ok	0	4228	105	0	0	1736	86	2492	19
V4-B-151	V4	B	2	10	2	5	10	25	35	20	3	2	2	1	10	11	1	46	12	千葉県	2	7	6	5	ok	0	4218	105	0	0	1731	86	2487	19
V4-B-152	V4	B	2	9	2	5	10	25	30	20	5	5	2	1	9	11	2	34	27	大阪府	2	6	1	4	ok	0	4226	105	0	0	1735	86	2491	19
V4-B-153	V4	B	2	10	2	5	10	20	30	25	5	5	2	1	10	9	2	75	40	福岡県	1	2	4	3	ok	0	4224	105	0	0	1734	86	2490	19
V4-B-154	V4	B	2	10	2	5	10	20	30	25	5	5	2	1	10	11	1	53	14	神奈川県	2	8	1	4	ok	0	4222	105	0	0	1733	86	2489	19
V4-B-155	V4	B	2	10	2	5	10	20	35	20	7	3	2	1	10	11	1	44	12	千葉県	2	6	4	6	ok	0	4220	105	0	0	1732	86	2488	19
V4-B-156	V4	B	2	10	2	5	10	25	35	15	5	5	2	1	10	9	1	28	1	北海道	1	1	6	1	ok	0	4214	105	0	0	1729	86	2485	19
V4-B-157	V4	B	2	10	2	5	10	25	30	20	5	5	2	1	10	11	2	54	9	栃木県	2	7	6	6	ok	0	4222	105	0	0	1733	86	2489	19
V4-B-158	V4	B	2	10	2	5	10	20	30	25	5	5	2	1	10	9	2	72	30	和歌山県	2	8	1	2	ok	0	4224	105	0	0	1734	86	2490	19
V4-B-159	V4	B	2	10	2	5	10	20	30	25	7	3	2	1	10	11	1	75	11	埼玉県	1	1	2	6	ok	0	4236	105	0	0	1740	86	2496	19
V4-B-160	V4	B	2	9	2	5	10	25	35	20	3	2	2	1	9	9	1	56	27	大阪府	2	6	6	7	ok	0	4218	105	0	0	1731	86	2487	19
V4-B-161	V4	B	2	10	2	5	10	20	30	25	5	5	2	1	10	9	1	74	12	千葉県	2	1	6	3	ok	0	4206	105	0	0	1725	86	2481	19
V4-B-162	V4	B	1	9	2	5	10	25	30	20	5	5	2	1	9	11	2	80	13	東京都	1	1	2	1	ok	0	4220	105	0	0	1732	86	2488	19
V4-B-163	V4	B	2	9	2	5	10	25	30	20	5	5	2	1	9	9	2	21	27	大阪府	1	3	2	1	ok	0	4256	105	0	0	1750	86	2506	19
V4-B-164	V4	B	2	9	2	5	10	25	30	20	5	5	2	1	9	11	1	38	13	東京都	2	2	6	3	ok	0	4198	105	0	0	1721	86	2477	19
V4-B-165	V4	B	1	8	2	5	10	30	30	15	5	5	2	1	9	11	2	68	8	茨城県	2	6	2	6	ok	0	4220	105	0	0	1732	86	2488	19
V4-B-166	V4	B	2	11	2	5	5	15	25	30	15	5	2	1	11	9	1	82	47	沖縄県	2	3	1	1	ok	0	4246	105	0	0	1745	86	2501	19
V4-B-167	V4	B	2	10	2	5	10	20	30	25	7	3	2	1	10	9	1	24	40	福岡県	2	1	2	3	ok	0	4210	105	0	0	1727	86	2483	19
V4-B-168	V4	B	2	10	2	5	10	20	30	25	7	3	2	1	10	11	2	52	19	山梨県	2	8	6	2	ok	0	4208	105	0	0	1726	86	2482	19
V4-B-169	V4	B	1	10	2	5	10	25	30	20	5	5	2	1	9	11	2	53	23	愛知県	2	8	2	1	ok	0	4206	105	0	0	1725	86	2481	19
V4-B-170	V4	B	2	11	2	5	10	25	30	20	5	5	2	1	10	11	1	50	27	大阪府	2	3	1	4	ok	0	4250	105	0	0	1747	86	2503	19
V4-B-171	V4	B	2	10	2	5	10	25	30	20	5	5	2	1	10	11	2	23	40	福岡県	1	3	2	4	ok	0	4264	105	0	0	1754	86	2510	19
V4-B-172	V4	B	2	9	2	5	10	25	30	20	5	5	2	1	9	11	2	74	1	北海道	2	1	1	5	ok	0	4212	105	0	0	1728	86	2484	19
V4-B-173	V4	B	1	9	2	5	10	30	30	15	5	5	2	1	9	11	1	76	26	京都府	2	2	1	4	ok	0	4204	105	0	0	1724	86	2480	19
V4-B-174	V4	B	2	10	2	5	10	25	30	20	5	5	2	1	10	9	1	27	23	愛知県	2	1	2	1	ok	0	4204	105	0	0	1724	86	2480	19
V4-B-175	V4	B	2	10	2	5	10	20	30	25	5	5	2	1	10	11	1	33	37	香川県	2	1	1	2	ok	0	4210	105	0	0	1727	86	2483	19
V4-B-176	V4	B	2	10	2	5	10	25	35	20	3	2	2	1	10	9	1	43	14	神奈川県	2	1	6	5	ok	0	4210	105	0	0	1727	86	2483	19
V4-B-177	V4	B	2	10	2	5	10	25	35	15	5	5	2	1	10	9	1	57	23	愛知県	2	1	6	5	ok	0	4208	105	0	0	1726	86	2482	19
V4-B-178	V4	B	1	9	2	5	10	30	30	15	5	5	2	1	9	11	2	20	26	京都府	1	6	2	3	ok	0	4234	105	0	0	1739	86	2495	19
V4-B-179	V4	B	2	10	2	5	10	25	30	20	5	5	2	1	10	9	2	20	9	栃木県	1	7	4	2	ok	0	4246	105	0	0	1745	86	2501	19
V4-B-180	V4	B	1	9	2	5	10	30	30	15	5	5	2	1	9	11	2	56	13	東京都	1	6	6	5	ok	0	4234	105	0	0	1739	86	2495	19
V4-B-181	V4	B	2	10	2	5	10	25	30	20	5	5	2	1	10	9	2	65	23	愛知県	2	3	2	3	ok	0	4246	105	0	0	1745	86	2501	19
V4-B-182	V4	B	2	10	2	5	10	25	30	20	7	3	2	1	10	9	1	61	40	福岡県	1	1	6	3	ok	0	4226	105	0	0	1735	86	2491	19
V4-B-183	V4	B	2	9	2	5	10	30	30	15	5	5	2	1	9	9	2	66	13	東京都	2	7	5	7	ok	0	4222	105	0	0	1733	86	2489	19
V4-B-184	V4	B	2	10	2	5	10	25	30	20	5	5	2	1	10	11	2	41	44	大分県	2	1	2	5	ok	0	4204	105	0	0	1724	86	2480	19
V4-B-185	V4	B	1	9	2	5	10	30	30	15	5	5	2	1	9	11	2	46	27	大阪府	2	6	4	1	ok	0	4212	105	0	0	1728	86	2484	19
V4-B-186	V4	B	1	9	2	5	10	30	30	15	5	5	2	1	9	11	2	76	13	東京都	2	7	2	1	ok	0	4212	105	0	0	1728	86	2484	19
V4-B-187	V4	B	2	10	2	5	10	25	30	20	5	5	2	1	10	9	2	76	1	北海道	2	1	2	5	ok	0	4206	105	0	0	1725	86	2481	19
V4-B-188	V4	B	2	9	2	5	10	30	30	15	5	5	2	1	9	11	1	82	24	三重県	2	1	2	3	ok	0	4202	105	0	0	1723	86	2479	19
V4-B-189	V4	B	2	10	2	5	10	25	35	20	3	2	2	1	10	11	1	50	14	神奈川県	2	1	6	6	ok	0	4210	105	0	0	1727	86	2483	19
V4-B-190	V4	B	2	8	2	5	10	25	30	20	5	5	2	1	9	11	1	64	8	茨城県	2	8	1	4	ok	0	4218	105	0	0	1731	86	2487	19
V4-B-191	V4	B	2	9	2	5	10	30	30	15	7	3	2	1	9	11	1	72	13	東京都	1	1	6	4	ok	0	4224	105	0	0	1734	86	2490	19
V4-B-192	V4	B	2	10	2	5	10	20	30	25	7	3	2	1	10	9	1	60	43	熊本県	2	1	2	5	ok	0	4210	105	0	0	1727	86	2483	19
V4-B-193	V4	B	2	10	2	5	10	20	30	25	5	5	2	1	10	9	2	100	11	埼玉県	2	1	2	1	ok	0	4208	105	0	0	1726	86	2482	19
V4-B-194	V4	B	2	10	2	5	10	20	35	20	5	5	2	1	10	9	2	31	39	高知県	2	3	6	4	ok	0	4234	105	0	0	1739	86	2495	19
V4-B-195	V4	B	2	10	2	5	10	25	30	20	5	5	2	1	10	9	1	78	23	愛知県	2	8	6	2	ok	0	4210	105	0	0	1727	86	2483	19
V4-B-196	V4	B	1	9	2	5	10	25	30	20	5	5	2	1	9	11	1	77	27	大阪府	2	8	2	2	ok	0	4212	105	0	0	1728	86	2484	19
V4-B-197	V4	B	2	9	2	5	10	25	30	20	7	3	2	1	9	11	1	57	22	静岡県	1	7	2	4	ok	0	4242	105	0	0	1743	86	2499	19
V4-B-198	V4	B	2	10	2	5	10	25	30	20	5	5	2	1	10	11	2	34	34	広島県	2	7	7	4	ok	0	4214	105	0	0	1729	86	2485	19
V4-B-199	V4	B	2	10	2	5	10	20	30	25	5	5	2	1	10	9	1	29	33	岡山県	1	8	6	1	ok	0	4216	105	0	0	1730	86	2486	19
V4-B-200	V4	B	2	9	2	5	10	25	30	20	5	5	2	1	9	11	1	76	27	大阪府	2	1	2	1	ok	0	4202	105	0	0	1723	86	2479	19
V4-B-201	V4	B	1	9	2	5	10	30	30	15	5	5	2	1	9	11	1	32	13	東京都	1	6	6	3	ok	0	4234	105	0	0	1739	86	2495	19
V4-B-202	V4	B	1	9	2	5	10	30	30	15	5	5	2	1	9	11	2	50	24	三重県	2	1	5	1	ok	0	4194	105	0	0	1719	86	2475	19
V4-B-203	V4	B	1	9	2	5	10	30	30	15	5	5	2	1	9	11	2	31	36	徳島県	2	1	4	2	ok	0	4210	105	0	0	1727	86	2483	19
V4-B-204	V4	B	2	10	2	5	10	25	30	20	7	3	2	1	10	9	1	50	14	神奈川県	1	8	6	5	ok	0	4232	105	0	0	1738	86	2494	19
V4-B-205	V4	B	1	9	2	5	10	30	30	15	5	5	2	1	9	11	1	46	5	秋田県	2	7	6	2	ok	0	4218	105	0	0	1731	86	2487	19
V4-B-206	V4	B	1	9	2	5	10	30	30	15	5	5	2	1	9	11	2	54	13	東京都	2	8	4	2	ok	0	4210	105	0	0	1727	86	2483	19
V4-B-207	V4	B	1	9	2	5	10	30	30	15	5	5	2	1	9	11	1	54	13	東京都	2	3	2	1	ok	0	4234	105	0	0	1739	86	2495	19
V4-B-208	V4	B	2	10	2	5	10	25	30	20	5	5	2	1	10	9	1	55	23	愛知県	1	7	2	3	ok	0	4244	105	0	0	1744	86	2500	19
V4-B-209	V4	B	2	9	2	5	10	25	30	20	5	5	2	1	9	9	1	65	27	大阪府	2	7	6	2	ok	0	4218	105	0	0	1731	86	2487	19
V4-B-210	V4	B	2	10	2	5	10	25	30	20	5	5	2	1	10	9	1	81	14	神奈川県	2	6	6	1	ok	0	4212	105	0	0	1728	86	2484	19
V4-B-211	V4	B	2	10	2	5	10	20	30	25	5	5	2	1	10	9	1	43	4	宮城県	2	7	2	8	ok	0	4216	105	0	0	1730	86	2486	19
V4-B-212	V4	B	2	10	2	5	10	25	30	20	5	5	2	1	10	11	2	53	23	愛知県	1	8	2	6	ok	0	4234	105	0	0	1739	86	2495	19
V4-B-213	V4	B	1	9	2	5	10	30	30	15	5	5	2	1	9	11	2	56	13	東京都	2	6	2	5	ok	0	4218	105	0	0	1731	86	2487	19
V4-B-214	V4	B	2	10	2	5	10	25	30	20	5	5	2	1	10	9	2	55	25	滋賀県	2	1	4	5	ok	0	4212	105	0	0	1728	86	2484	19
V4-B-215	V4	B	2	10	2	5	10	25	30	20	7	3	2	1	10	11	2	40	28	兵庫県	1	1	4	4	ok	0	4234	105	0	0	1739	86	2495	19
V4-B-216	V4	B	2	10	2	5	10	25	35	20	3	2	2	1	10	11	1	57	23	愛知県	2	8	2	5	ok	0	4214	105	0	0	1729	86	2485	19
V4-B-217	V4	B	2	10	2	5	10	25	35	15	5	5	2	1	10	11	1	52	14	神奈川県	1	1	6	2	ok	0	4230	105	0	0	1737	86	2493	19
V4-B-218	V4	B	1	9	2	5	10	30	30	15	5	5	2	1	9	11	2	55	13	東京都	2	2	2	1	ok	0	4194	105	0	0	1719	86	2475	19
V4-B-219	V4	B	2	10	2	5	10	25	30	20	7	3	2	1	10	9	1	45	14	神奈川県	2	7	6	5	ok	0	4222	105	0	0	1733	86	2489	19
V4-B-220	V4	B	2	10	2	5	10	25	30	20	5	5	2	1	10	9	1	55	17	石川県	2	6	6	4	ok	0	4212	105	0	0	1728	86	2484	19
V4-B-221	V4	B	2	9	2	5	10	25	30	20	5	5	2	1	9	11	1	69	11	埼玉県	1	8	2	2	ok	0	4238	105	0	0	1741	86	2497	19
V4-B-222	V4	B	1	7	2	5	10	30	30	15	5	5	2	1	8	11	1	68	2	青森県	2	7	2	4	ok	0	4216	105	0	0	1730	86	2486	19
V4-B-223	V4	B	1	9	2	5	10	30	30	15	5	5	2	1	9	9	2	73	22	静岡県	2	7	1	1	ok	0	4220	105	0	0	1732	86	2488	19
V4-B-224	V4	B	2	10	2	5	10	25	30	20	5	5	2	1	10	11	1	26	11	埼玉県	1	1	6	2	ok	0	4232	105	0	0	1738	86	2494	19
V4-B-225	V4	B	2	9	2	5	10	30	30	15	5	5	2	1	9	11	1	46	13	東京都	2	1	6	5	ok	0	4204	105	0	0	1724	86	2480	19
V4-B-226	V4	B	2	9	2	5	10	25	30	20	7	3	2	1	10	9	2	27	1	北海道	2	7	4	3	ok	0	4218	105	0	0	1731	86	2487	19
V4-B-227	V4	B	2	10	2	5	10	25	30	20	5	5	2	1	10	11	1	23	27	大阪府	1	7	6	4	ok	0	4238	105	0	0	1741	86	2497	19
V4-B-228	V4	B	2	10	2	5	10	25	30	20	5	5	2	1	10	11	1	54	12	千葉県	2	2	2	4	ok	0	4204	105	0	0	1724	86	2480	19
V4-B-229	V4	B	2	9	2	5	10	25	30	20	5	5	2	1	10	11	2	38	27	大阪府	2	1	4	5	ok	0	4210	105	0	0	1727	86	2483	19
V4-B-230	V4	B	2	10	2	5	10	25	30	20	5	5	2	1	10	11	2	46	11	埼玉県	1	3	2	4	ok	0	4270	105	0	0	1757	86	2513	19
V4-B-231	V4	B	2	10	2	5	10	20	30	25	5	5	2	1	10	9	1	69	25	滋賀県	1	6	2	3	ok	0	4242	105	0	0	1743	86	2499	19
V4-B-232	V4	B	1	8	2	5	10	30	30	15	5	5	2	1	9	11	1	30	2	青森県	1	1	6	1	ok	0	4212	105	0	0	1728	86	2484	19
V4-B-233	V4	B	2	10	2	5	10	25	30	20	5	5	2	1	10	9	1	73	11	埼玉県	2	8	1	2	ok	0	4224	105	0	0	1734	86	2490	19
V4-B-234	V4	B	2	9	2	5	10	25	30	20	5	5	2	1	9	11	2	61	27	大阪府	2	1	2	2	ok	0	4210	105	0	0	1727	86	2483	19
V4-B-235	V4	B	2	10	2	5	10	20	35	20	5	5	2	1	10	9	1	51	40	福岡県	1	1	2	5	ok	0	4230	105	0	0	1737	86	2493	19
V4-B-236	V4	B	2	9	2	5	10	25	30	20	5	5	2	1	9	9	1	56	12	千葉県	2	6	6	2	ok	0	4216	105	0	0	1730	86	2486	19
V4-B-237	V4	B	2	10	2	5	10	25	35	20	3	2	2	1	10	9	1	41	33	岡山県	2	1	2	6	ok	0	4206	105	0	0	1725	86	2481	19
V4-B-238	V4	B	2	10	2	5	10	20	30	25	5	5	2	1	10	9	1	89	23	愛知県	1	7	1	2	ok	0	4250	105	0	0	1747	86	2503	19
V4-B-239	V4	B	1	10	2	5	10	25	30	20	5	5	2	1	9	9	2	65	45	宮崎県	2	7	2	1	ok	0	4220	105	0	0	1732	86	2488	19
V4-B-240	V4	B	2	10	2	5	10	20	30	25	7	3	2	1	10	9	1	47	23	愛知県	1	8	2	5	ok	0	4234	105	0	0	1739	86	2495	19
V4-B-241	V4	B	1	9	2	5	10	25	30	20	5	5	2	1	9	11	2	73	34	広島県	1	1	2	1	ok	0	4216	105	0	0	1730	86	2486	19
V4-B-242	V4	B	2	10	2	5	10	20	30	25	5	5	2	1	10	9	1	74	20	長野県	2	1	2	2	ok	0	4200	105	0	0	1722	86	2478	19
V4-B-243	V4	B	1	9	2	5	10	30	30	15	5	5	2	1	9	11	2	45	13	東京都	2	8	2	5	ok	0	4210	105	0	0	1727	86	2483	19
V4-B-244	V4	B	2	9	2	5	10	30	30	15	5	5	2	1	9	9	1	55	27	大阪府	2	7	6	6	ok	0	4218	105	0	0	1731	86	2487	19
V4-B-245	V4	B	2	10	2	5	10	25	30	20	5	5	2	1	10	9	2	20	4	宮城県	1	1	4	2	ok	0	4230	105	0	0	1737	86	2493	19
V4-B-246	V4	B	2	10	2	5	10	25	30	20	5	5	2	1	10	9	2	23	43	熊本県	1	6	4	1	ok	0	4232	105	0	0	1738	86	2494	19
V4-B-247	V4	B	2	9	2	5	10	30	30	15	5	5	2	1	9	11	1	43	27	大阪府	2	1	4	2	ok	0	4210	105	0	0	1727	86	2483	19
V4-B-248	V4	B	2	10	2	5	10	20	30	25	5	5	2	1	10	9	1	50	21	岐阜県	2	8	2	2	ok	0	4218	105	0	0	1731	86	2487	19
V4-B-249	V4	B	2	10	2	5	10	25	30	20	5	5	2	1	10	9	2	86	11	埼玉県	1	3	1	6	ok	0	4276	105	0	0	1760	86	2516	19
V4-B-250	V4	B	2	10	2	5	10	25	30	20	5	5	2	1	10	9	2	55	6	山形県	2	3	4	5	ok	0	4238	105	0	0	1741	86	2497	19
V4-C-001	V4	C	2	10	2	5	10	25	30	20	5	5	2	1	10	9	1	22	21	岐阜県	1	6	2	4	ok	0	4258	105	0	0	1745	86	2513	19
V4-C-002	V4	C	2	10	2	5	10	25	30	20	7	3	2	1	10	9	2	29	11	埼玉県	2	3	6	3	ok	0	4258	105	0	0	1745	86	2513	19
V4-C-003	V4	C	2	10	2	5	10	20	30	25	5	5	2	1	10	9	2	64	40	福岡県	2	1	2	3	ok	0	4222	105	0	0	1727	86	2495	19
V4-C-004	V4	C	2	11	2	5	10	20	30	25	7	3	2	1	10	9	1	42	28	兵庫県	2	1	6	4	ok	0	4222	105	0	0	1727	86	2495	19
V4-C-005	V4	C	1	9	2	5	10	30	30	15	5	5	2	1	9	11	2	23	13	東京都	1	7	4	1	ok	0	4244	105	0	0	1738	86	2506	19
V4-C-006	V4	C	2	9	2	5	10	25	30	20	5	5	2	1	10	9	1	22	27	大阪府	1	1	2	3	ok	0	4242	105	0	0	1737	86	2505	19
V4-C-007	V4	C	2	9	2	5	10	25	30	20	5	5	2	1	10	11	2	57	27	大阪府	2	1	6	1	ok	0	4210	105	0	0	1721	86	2489	19
V4-C-008	V4	C	2	10	2	5	10	20	30	25	5	5	2	1	10	9	1	66	44	大分県	2	1	1	2	ok	0	4222	105	0	0	1727	86	2495	19
V4-C-009	V4	C	1	9	2	5	10	25	30	20	5	5	2	1	10	11	2	64	38	愛媛県	2	1	5	3	ok	0	4220	105	0	0	1726	86	2494	19
V4-C-010	V4	C	1	9	2	5	10	30	30	15	5	5	2	1	9	11	1	30	24	三重県	1	7	4	1	ok	0	4238	105	0	0	1735	86	2503	19
V4-C-011	V4	C	2	10	2	5	10	25	30	20	5	5	2	1	10	9	1	24	11	埼玉県	1	6	6	1	ok	0	4246	105	0	0	1739	86	2507	19
V4-C-012	V4	C	2	10	2	5	10	25	30	20	5	5	2	1	10	9	2	43	23	愛知県	2	6	4	2	ok	0	4234	105	0	0	1733	86	2501	19
V4-C-013	V4	C	2	10	2	5	10	20	30	25	5	5	2	1	10	9	2	86	14	神奈川県	2	1	2	1	ok	0	4218	105	0	0	1725	86	2493	19
V4-C-014	V4	C	2	10	2	5	10	25	30	20	5	5	2	1	10	9	1	77	14	神奈川県	1	8	6	5	ok	0	4244	105	0	0	1738	86	2506	19
V4-C-015	V4	C	2	10	2	5	10	20	30	25	5	5	2	1	10	9	2	82	41	佐賀県	1	1	5	1	ok	0	4240	105	0	0	1736	86	2504	19
V4-C-016	V4	C	1	8	2	5	10	30	30	15	5	5	2	1	9	11	2	97	2	青森県	1	1	2	2	ok	0	4236	105	0	0	1734	86	2502	19
V4-C-017	V4	C	2	10	2	5	10	20	30	25	5	5	2	1	10	9	1	75	15	新潟県	2	1	1	4	ok	0	4224	105	0	0	1728	86	2496	19
V4-C-018	V4	C	2	9	2	5	10	30	30	15	5	5	2	1	10	11	1	54	13	東京都	2	7	6	4	ok	0	4228	105	0	0	1730	86	2498	19
V4-C-019	V4	C	1	9	2	5	10	30	30	15	5	5	2	1	9	11	2	54	13	東京都	1	8	1	5	ok	0	4248	105	0	0	1740	86	2508	19
V4-C-020	V4	C	2	10	2	5	10	25	30	20	5	5	2	1	10	11	2	73	14	神奈川県	1	1	2	2	ok	0	4246	105	0	0	1739	86	2507	19
V4-C-021	V4	C	2	9	2	5	10	30	30	15	5	5	2	1	10	11	1	61	13	東京都	2	3	6	4	ok	0	4250	105	0	0	1741	86	2509	19
V4-C-022	V4	C	2	9	2	5	10	25	30	20	5	5	2	1	10	11	1	44	26	京都府	1	8	4	4	ok	0	4238	105	0	0	1735	86	2503	19
V4-C-023	V4	C	2	10	2	5	10	25	30	20	5	5	2	1	10	9	1	41	11	埼玉県	2	1	6	5	ok	0	4224	105	0	0	1728	86	2496	19
V4-C-024	V4	C	2	9	2	5	10	25	30	20	5	5	2	1	10	9	1	38	27	大阪府	1	1	6	2	ok	0	4238	105	0	0	1735	86	2503	19
V4-C-025	V4	C	2	10	2	5	10	25	35	20	3	2	2	1	10	9	1	35	14	神奈川県	2	1	6	8	ok	0	4216	105	0	0	1724	86	2492	19
V4-C-026	V4	C	2	10	2	5	10	20	30	25	5	5	2	1	10	9	2	61	23	愛知県	2	4	2	1	ok	0	4210	105	0	0	1721	86	2489	19
V4-C-027	V4	C	1	9	2	5	10	30	30	15	5	5	2	1	9	11	2	59	13	東京都	1	1	4	4	ok	0	4238	103	0	0	1736	84	2502	19
V4-C-028	V4	C	2	10	2	5	10	25	30	20	5	5	2	1	10	9	2	65	23	愛知県	1	7	2	3	ok	0	4256	105	0	0	1744	86	2512	19
V4-C-029	V4	C	2	9	2	5	10	25	30	20	5	5	2	1	10	9	1	32	27	大阪府	1	7	6	1	ok	0	4242	105	0	0	1737	86	2505	19
V4-C-030	V4	C	2	10	2	5	10	25	30	20	5	5	2	1	10	11	1	63	28	兵庫県	2	1	2	8	ok	0	4220	105	0	0	1726	86	2494	19
V4-C-031	V4	C	2	10	2	5	10	25	30	20	7	3	2	1	10	9	1	41	12	千葉県	1	7	6	4	ok	0	4250	105	0	0	1741	86	2509	19
V4-C-032	V4	C	2	10	2	5	10	25	30	20	5	5	2	1	10	11	2	63	28	兵庫県	1	1	2	1	ok	0	4238	105	0	0	1735	86	2503	19
V4-C-033	V4	C	2	10	2	5	10	25	35	15	5	5	2	1	10	9	2	43	27	大阪府	1	1	6	7	ok	0	4240	105	0	0	1736	86	2504	19
V4-C-034	V4	C	1	9	2	5	10	30	30	15	5	5	2	1	9	11	2	95	13	東京都	1	7	2	4	ok	0	4250	103	0	0	1742	84	2508	19
V4-C-035	V4	C	2	10	2	5	10	20	30	25	5	5	2	1	10	9	2	44	28	兵庫県	2	8	5	2	ok	0	4228	105	0	0	1730	86	2498	19
V4-C-036	V4	C	2	10	2	5	10	20	30	25	5	5	2	1	10	9	2	43	7	福島県	2	7	4	6	ok	0	4224	105	0	0	1728	86	2496	19
V4-C-037	V4	C	2	9	2	5	10	25	30	20	5	5	2	1	10	9	1	76	26	京都府	2	8	2	8	ok	0	4212	105	0	0	1722	86	2490	19
V4-C-038	V4	C	2	10	2	5	10	25	30	20	5	5	2	1	10	9	2	68	14	神奈川県	2	1	2	4	ok	0	4226	105	0	0	1729	86	2497	19
V4-C-039	V4	C	2	10	2	5	10	25	30	20	5	5	2	1	10	9	2	31	4	宮城県	2	8	6	4	ok	0	4220	105	0	0	1726	86	2494	19
V4-C-040	V4	C	2	9	2	5	10	25	30	20	5	5	2	1	10	9	2	96	27	大阪府	1	8	1	3	ok	0	4250	105	0	0	1741	86	2509	19
V4-C-041	V4	C	2	10	2	5	10	20	30	25	5	5	2	1	10	9	1	77	23	愛知県	2	1	2	1	ok	0	4216	105	0	0	1724	86	2492	19
V4-C-042	V4	C	1	9	2	5	10	30	30	15	5	5	2	1	9	11	1	56	24	三重県	2	6	2	3	ok	0	4224	105	0	0	1728	86	2496	19
V4-C-043	V4	C	2	9	2	5	10	30	30	15	5	5	2	1	10	11	1	25	13	東京都	1	6	7	2	ok	0	4248	105	0	0	1740	86	2508	19
V4-C-044	V4	C	2	10	2	5	10	20	30	25	5	5	2	1	10	11	1	44	40	福岡県	1	1	2	1	ok	0	4234	105	0	0	1733	86	2501	19
V4-C-045	V4	C	2	10	2	5	10	25	30	20	5	5	2	1	10	9	2	49	23	愛知県	1	8	4	3	ok	0	4246	105	0	0	1739	86	2507	19
V4-C-046	V4	C	2	10	2	5	10	25	30	20	5	5	2	1	10	9	2	63	11	埼玉県	2	6	2	4	ok	0	4238	105	0	0	1735	86	2503	19
V4-C-047	V4	C	2	10	2	5	10	20	30	25	5	5	2	1	10	9	2	88	25	滋賀県	1	8	5	3	ok	0	4246	105	0	0	1739	86	2507	19
V4-C-048	V4	C	1	9	2	5	10	30	30	15	5	5	2	1	9	11	2	80	13	東京都	2	7	2	2	ok	0	4232	105	0	0	1732	86	2500	19
V4-C-049	V4	C	2	10	2	5	10	20	30	25	7	3	2	1	10	11	2	54	35	山口県	1	7	2	6	ok	0	4244	105	0	0	1738	86	2506	19
V4-C-050	V4	C	2	9	2	5	10	25	30	20	5	5	2	1	10	11	1	33	13	東京都	1	8	6	3	ok	0	4238	105	0	0	1735	86	2503	19
V4-C-051	V4	C	2	10	2	5	10	25	30	20	5	5	2	1	10	9	2	61	40	福岡県	1	2	2	3	ok	0	4236	105	0	0	1734	86	2502	19
V4-C-052	V4	C	2	9	2	5	10	25	30	20	5	5	2	1	10	9	1	63	1	北海道	2	8	6	1	ok	0	4208	105	0	0	1720	86	2488	19
V4-C-053	V4	C	2	9	2	5	10	25	30	20	7	3	2	1	10	9	1	28	22	静岡県	1	8	4	5	ok	0	4244	105	0	0	1738	86	2506	19
V4-C-054	V4	C	2	10	2	5	10	25	30	20	5	5	2	1	10	9	1	85	12	千葉県	1	1	6	2	ok	0	4238	105	0	0	1735	86	2503	19
V4-C-055	V4	C	2	10	2	5	10	20	30	25	5	5	2	1	10	9	2	90	23	愛知県	1	1	4	3	ok	0	4244	105	0	0	1738	86	2506	19
V4-C-056	V4	C	2	9	2	5	10	25	30	20	5	5	2	1	10	11	2	75	1	北海道	2	1	1	2	ok	0	4224	105	0	0	1728	86	2496	19
V4-C-057	V4	C	2	9	2	5	10	25	30	20	5	5	2	1	10	9	2	32	27	大阪府	2	8	6	2	ok	0	4220	105	0	0	1726	86	2494	19
V4-C-058	V4	C	2	10	2	5	10	25	30	20	7	3	2	1	10	9	1	69	9	栃木県	2	7	6	4	ok	0	4234	105	0	0	1733	86	2501	19
V4-C-059	V4	C	1	9	2	5	10	25	30	20	5	5	2	1	9	11	2	76	39	高知県	1	8	2	3	ok	0	4238	105	0	0	1735	86	2503	19
V4-C-060	V4	C	1	9	2	5	15	35	25	15	3	2	2	1	9	11	2	53	13	東京都	2	1	2	1	ok	0	4210	103	0	0	1722	84	2488	19
V4-C-061	V4	C	2	10	2	5	10	25	30	20	5	5	2	1	10	9	2	32	14	神奈川県	2	8	6	4	ok	0	4224	105	0	0	1728	86	2496	19
V4-C-062	V4	C	2	10	2	5	10	20	30	25	5	5	2	1	10	9	1	74	40	福岡県	2	8	1	1	ok	0	4222	105	0	0	1727	86	2495	19
V4-C-063	V4	C	2	10	2	5	5	15	30	30	10	5	2	1	10	9	2	54	46	鹿児島県	1	1	2	4	ok	0	4254	105	0	0	1743	86	2511	19
V4-C-064	V4	C	2	11	2	5	10	20	30	25	7	3	2	1	10	9	1	31	15	新潟県	2	1	6	4	ok	0	4214	105	0	0	1723	86	2491	19
V4-C-065	V4	C	2	10	2	5	10	25	30	20	5	5	2	1	10	11	2	32	4	宮城県	2	6	2	2	ok	0	4232	105	0	0	1732	86	2500	19
V4-C-066	V4	C	2	10	2	5	10	20	30	25	5	5	2	1	10	9	1	83	11	埼玉県	2	8	2	4	ok	0	4230	105	0	0	1731	86	2499	19
V4-C-067	V4	C	1	9	2	5	10	30	30	15	5	5	2	1	9	11	2	65	13	東京都	1	6	5	1	ok	0	4242	105	0	0	1737	86	2505	19
V4-C-068	V4	C	2	9	2	5	10	25	30	20	5	5	2	1	10	9	1	72	27	大阪府	2	1	6	2	ok	0	4218	105	0	0	1725	86	2493	19
V4-C-069	V4	C	2	10	2	5	10	25	30	20	5	5	2	1	10	9	1	60	11	埼玉県	2	8	2	5	ok	0	4230	105	0	0	1731	86	2499	19
V4-C-070	V4	C	2	10	2	5	10	25	30	20	5	5	2	1	10	9	1	65	40	福岡県	2	6	1	1	ok	0	4230	105	0	0	1731	86	2499	19
V4-C-071	V4	C	2	9	2	5	10	25	30	20	5	5	2	1	10	11	1	72	12	千葉県	1	2	6	1	ok	0	4224	105	0	0	1728	86	2496	19
V4-C-072	V4	C	2	11	2	5	10	25	30	20	5	5	2	1	10	9	1	35	27	大阪府	2	1	2	5	ok	0	4222	105	0	0	1727	86	2495	19
V4-C-073	V4	C	1	9	2	5	10	30	30	15	5	5	2	1	9	11	2	50	26	京都府	2	6	4	5	ok	0	4226	105	0	0	1729	86	2497	19
V4-C-074	V4	C	2	9	2	5	10	25	30	20	5	5	2	1	10	11	1	45	27	大阪府	2	6	4	2	ok	0	4232	105	0	0	1732	86	2500	19
V4-C-075	V4	C	2	9	2	5	10	25	30	20	5	5	2	1	10	9	1	74	4	宮城県	2	2	1	2	ok	0	4222	105	0	0	1727	86	2495	19
V4-C-076	V4	C	1	9	2	5	10	30	30	15	5	5	2	1	9	11	2	52	13	東京都	2	8	5	5	ok	0	4222	105	0	0	1727	86	2495	19
V4-C-077	V4	C	2	10	2	5	10	20	30	25	5	5	2	1	10	9	2	93	12	千葉県	1	7	1	3	ok	0	4260	105	0	0	1746	86	2514	19
V4-C-078	V4	C	2	10	2	5	10	20	30	25	5	5	2	1	10	9	1	77	28	兵庫県	2	1	6	4	ok	0	4222	105	0	0	1727	86	2495	19
V4-C-079	V4	C	2	10	2	5	10	25	30	20	5	5	2	1	10	11	1	52	27	大阪府	2	1	2	4	ok	0	4222	105	0	0	1727	86	2495	19
V4-C-080	V4	C	1	9	2	5	10	30	30	15	5	5	2	1	9	11	1	77	13	東京都	2	8	2	1	ok	0	4214	105	0	0	1723	86	2491	19
V4-C-081	V4	C	2	10	2	5	10	25	30	20	5	5	2	1	10	9	1	30	4	宮城県	1	6	7	8	ok	0	4244	105	0	0	1738	86	2506	19
V4-C-082	V4	C	2	10	2	5	10	25	30	20	5	5	2	1	10	9	1	63	34	広島県	2	1	6	3	ok	0	4212	105	0	0	1722	86	2490	19
V4-C-083	V4	C	2	9	2	5	10	25	30	20	5	5	2	1	10	9	2	40	22	静岡県	1	1	2	4	ok	0	4242	105	0	0	1737	86	2505	19
V4-C-084	V4	C	2	10	2	5	10	25	30	20	5	5	2	1	10	9	2	73	1	北海道	2	1	5	4	ok	0	4218	105	0	0	1725	86	2493	19
V4-C-085	V4	C	1	9	2	5	10	30	30	15	5	5	2	1	9	11	2	21	13	東京都	1	1	5	1	ok	0	4232	105	0	0	1732	86	2500	19
V4-C-086	V4	C	1	9	2	5	10	30	30	15	5	5	2	1	9	11	1	48	13	東京都	2	7	2	4	ok	0	4232	105	0	0	1732	86	2500	19
V4-C-087	V4	C	2	10	2	5	10	20	30	25	5	5	2	1	10	9	1	76	10	群馬県	2	8	6	2	ok	0	4220	105	0	0	1726	86	2494	19
V4-C-088	V4	C	2	10	2	5	10	25	30	20	5	5	2	1	10	9	1	61	35	山口県	2	8	2	2	ok	0	4214	105	0	0	1723	86	2491	19
V4-C-089	V4	C	1	10	2	5	10	20	30	25	5	5	2	1	10	9	2	84	33	岡山県	2	9	2	2	ok	0	4208	105	0	0	1720	86	2488	19
V4-C-090	V4	C	2	10	2	5	10	25	30	20	5	5	2	1	10	9	1	66	9	栃木県	2	1	2	4	ok	0	4226	105	0	0	1729	86	2497	19
V4-C-091	V4	C	1	9	2	5	10	30	30	15	5	5	2	1	9	11	2	83	13	東京都	1	1	2	1	ok	0	4232	105	0	0	1732	86	2500	19
V4-C-092	V4	C	2	10	2	5	10	25	35	15	5	5	2	1	10	9	1	64	14	神奈川県	2	9	2	6	ok	0	4216	105	0	0	1724	86	2492	19
V4-C-093	V4	C	2	10	2	5	10	20	30	25	7	3	2	1	10	9	2	57	23	愛知県	1	1	2	2	ok	0	4244	105	0	0	1738	86	2506	19
V4-C-094	V4	C	2	10	2	5	10	25	35	20	3	2	2	1	10	9	1	38	34	広島県	2	2	6	7	ok	0	4208	105	0	0	1720	86	2488	19
V4-C-095	V4	C	2	10	2	5	10	20	30	25	7	3	2	1	10	9	1	22	40	福岡県	1	9	2	1	ok	0	4224	105	0	0	1728	86	2496	19
V4-C-096	V4	C	1	9	2	5	10	30	30	15	5	5	2	1	9	11	2	23	13	東京都	1	7	6	2	ok	0	4248	105	0	0	1740	86	2508	19
V4-C-097	V4	C	2	10	2	5	10	25	30	20	7	3	2	1	10	9	2	32	14	神奈川県	2	1	6	5	ok	0	4222	105	0	0	1727	86	2495	19
V4-C-098	V4	C	1	9	2	5	10	30	30	15	5	5	2	1	9	11	2	87	1	北海道	1	1	1	1	ok	0	4236	105	0	0	1734	86	2502	19
V4-C-099	V4	C	2	10	2	5	10	25	30	20	5	5	2	1	10	9	1	53	28	兵庫県	2	8	2	3	ok	0	4228	105	0	0	1730	86	2498	19
V4-C-100	V4	C	2	10	2	5	10	25	30	20	7	3	2	1	10	9	1	41	14	神奈川県	2	6	4	3	ok	0	4236	105	0	0	1734	86	2502	19
V4-C-101	V4	C	1	10	2	5	10	25	30	20	5	5	2	1	10	9	2	86	14	神奈川県	1	8	2	1	ok	0	4240	105	0	0	1736	86	2504	19
V4-C-102	V4	C	2	9	2	5	10	25	30	20	5	5	2	1	10	11	2	49	27	大阪府	2	7	2	5	ok	0	4234	105	0	0	1733	86	2501	19
V4-C-103	V4	C	2	9	2	5	10	30	30	15	5	5	2	1	10	11	1	69	13	東京都	2	1	6	6	ok	0	4216	105	0	0	1724	86	2492	19
V4-C-104	V4	C	2	9	2	5	10	25	30	20	7	3	2	1	10	9	1	50	1	北海道	2	6	6	5	ok	0	4224	105	0	0	1728	86	2496	19
V4-C-105	V4	C	2	10	2	5	10	20	30	25	5	5	2	1	10	9	1	71	40	福岡県	2	1	4	1	ok	0	4214	105	0	0	1723	86	2491	19
V4-C-106	V4	C	1	9	2	5	10	30	30	15	5	5	2	1	9	11	2	35	13	東京都	1	6	5	1	ok	0	4240	103	0	0	1737	84	2503	19
V4-C-107	V4	C	2	9	2	5	10	25	35	20	3	2	2	1	10	11	1	74	13	東京都	2	8	6	7	ok	0	4220	105	0	0	1726	86	2494	19
V4-C-108	V4	C	2	9	2	5	10	25	30	20	5	5	2	1	10	9	2	88	13	東京都	1	1	2	1	ok	0	4232	105	0	0	1732	86	2500	19
V4-C-109	V4	C	2	10	2	5	10	25	30	20	7	3	2	1	10	9	1	35	4	宮城県	2	2	4	4	ok	0	4216	105	0	0	1724	86	2492	19
V4-C-110	V4	C	2	9	2	5	10	25	30	20	5	5	2	1	10	11	2	24	27	大阪府	1	8	5	1	ok	0	4236	105	0	0	1734	86	2502	19
V4-C-111	V4	C	2	10	2	5	10	25	35	20	3	2	2	1	10	9	1	54	14	神奈川県	2	1	6	5	ok	0	4222	105	0	0	1727	86	2495	19
V4-C-112	V4	C	1	7	2	5	10	30	30	15	5	5	2	1	9	11	2	49	2	青森県	1	1	4	3	ok	0	4236	105	0	0	1734	86	2502	19
V4-C-113	V4	C	2	9	2	5	10	25	30	20	5	5	2	1	10	9	2	79	38	愛媛県	1	1	2	5	ok	0	4240	105	0	0	1736	86	2504	19
V4-C-114	V4	C	2	10	2	5	10	20	30	25	5	5	2	1	10	9	1	73	28	兵庫県	1	2	6	4	ok	0	4236	105	0	0	1734	86	2502	19
V4-C-115	V4	C	2	10	2	5	10	20	30	25	5	5	2	1	10	9	2	77	23	愛知県	2	1	1	1	ok	0	4222	105	0	0	1727	86	2495	19
V4-C-116	V4	C	2	9	2	5	10	30	30	15	5	5	2	1	10	9	2	29	38	愛媛県	1	1	4	2	ok	0	4240	105	0	0	1736	86	2504	19
V4-C-117	V4	C	2	10	2	5	10	25	35	15	5	5	2	1	10	9	2	41	1	北海道	2	1	6	6	ok	0	4214	105	0	0	1723	86	2491	19
V4-C-118	V4	C	2	10	2	5	10	25	30	20	5	5	2	1	10	9	1	73	16	富山県	2	1	2	3	ok	0	4212	105	0	0	1722	86	2490	19
V4-C-119	V4	C	2	10	2	5	10	25	30	20	5	5	2	1	10	9	2	27	23	愛知県	1	7	5	2	ok	0	4256	105	0	0	1744	86	2512	19
V4-C-120	V4	C	2	10	2	5	10	25	30	20	5	5	2	1	10	9	1	56	1	北海道	1	2	4	4	ok	0	4232	105	0	0	1732	86	2500	19
V4-C-121	V4	C	2	10	2	5	10	20	30	25	7	3	2	1	10	9	2	44	23	愛知県	2	1	7	5	ok	0	4222	105	0	0	1727	86	2495	19
V4-C-122	V4	C	1	9	2	5	10	30	30	15	5	5	2	1	10	11	2	48	13	東京都	2	1	5	5	ok	0	4220	105	0	0	1726	86	2494	19
V4-C-123	V4	C	2	10	2	5	10	25	35	20	3	2	2	1	10	11	1	58	40	福岡県	2	8	7	8	ok	0	4216	105	0	0	1724	86	2492	19
V4-C-124	V4	C	2	10	2	5	10	20	30	25	5	5	2	1	10	9	2	20	45	宮崎県	1	1	2	1	ok	0	4240	105	0	0	1736	86	2504	19
V4-C-125	V4	C	2	10	2	5	10	20	30	25	5	5	2	1	10	9	2	29	17	石川県	2	7	2	6	ok	0	4230	105	0	0	1731	86	2499	19
V4-C-126	V4	C	2	10	2	5	10	20	30	25	5	5	2	1	10	9	2	70	33	岡山県	1	6	2	4	ok	0	4248	105	0	0	1740	86	2508	19
V4-C-127	V4	C	2	10	2	5	10	20	30	25	5	5	2	1	10	9	2	55	31	鳥取県	2	2	5	3	ok	0	4222	105	0	0	1727	86	2495	19
V4-C-128	V4	C	2	9	2	5	10	25	30	20	5	5	2	1	10	11	2	76	13	東京都	2	1	2	6	ok	0	4220	105	0	0	1726	86	2494	19
V4-C-129	V4	C	1	10	2	5	10	25	30	20	5	5	2	1	9	11	2	38	14	神奈川県	1	7	6	1	ok	0	4246	105	0	0	1739	86	2507	19
V4-C-130	V4	C	2	10	2	5	10	25	30	20	5	5	2	1	10	9	2	56	14	神奈川県	2	2	2	7	ok	0	4222	105	0	0	1727	86	2495	19
V4-C-131	V4	C	2	10	2	5	10	20	30	25	5	5	2	1	10	9	2	84	28	兵庫県	2	1	2	1	ok	0	4218	105	0	0	1725	86	2493	19
V4-C-132	V4	C	2	10	2	5	10	25	30	20	5	5	2	1	10	9	1	48	12	千葉県	1	6	2	8	ok	0	4246	105	0	0	1739	86	2507	19
V4-C-133	V4	C	1	9	2	5	10	30	30	15	5	5	2	1	9	11	2	46	24	三重県	2	8	5	2	ok	0	4216	105	0	0	1724	86	2492	19
V4-C-134	V4	C	1	10	2	5	10	20	30	25	5	5	2	1	10	9	2	83	23	愛知県	2	7	1	6	ok	0	4242	105	0	0	1737	86	2505	19
V4-C-135	V4	C	2	10	2	5	10	25	30	20	7	3	2	1	10	11	1	23	1	北海道	1	1	6	5	ok	0	4234	105	0	0	1733	86	2501	19
V4-C-136	V4	C	2	9	2	5	10	25	30	20	5	5	2	1	10	11	2	47	27	大阪府	2	1	2	5	ok	0	4222	105	0	0	1727	86	2495	19
V4-C-137	V4	C	2	10	2	5	10	25	30	20	5	5	2	1	10	11	2	64	14	神奈川県	2	7	5	5	ok	0	4238	105	0	0	1735	86	2503	19
V4-C-138	V4	C	1	9	2	5	10	30	30	15	5	5	2	1	9	11	1	76	26	京都府	2	6	1	4	ok	0	4232	105	0	0	1732	86	2500	19
V4-C-139	V4	C	2	9	2	5	10	25	30	20	5	5	2	1	10	9	2	92	27	大阪府	1	1	1	1	ok	0	4240	105	0	0	1736	86	2504	19
V4-C-140	V4	C	1	7	2	5	10	30	25	20	5	5	2	1	9	9	1	91	2	青森県	1	8	1	2	ok	0	4244	105	0	0	1738	86	2506	19
V4-C-141	V4	C	2	10	2	5	10	25	30	20	5	5	2	1	10	11	2	45	4	宮城県	2	7	2	6	ok	0	4234	105	0	0	1733	86	2501	19
V4-C-142	V4	C	2	10	2	5	10	25	35	20	3	2	2	1	10	9	1	55	1	北海道	2	1	7	5	ok	0	4216	105	0	0	1724	86	2492	19
V4-C-143	V4	C	2	10	2	5	10	25	30	20	5	5	2	1	10	9	1	32	23	愛知県	1	8	1	6	ok	0	4252	105	0	0	1742	86	2510	19
V4-C-144	V4	C	2	10	2	5	10	20	30	25	5	5	2	1	10	9	2	57	28	兵庫県	2	1	5	1	ok	0	4218	105	0	0	1725	86	2493	19
V4-C-145	V4	C	2	10	2	5	10	20	30	25	7	3	2	1	10	9	1	33	16	富山県	1	1	2	4	ok	0	4232	105	0	0	1732	86	2500	19
V4-C-146	V4	C	2	10	2	5	10	20	30	25	5	5	2	1	10	9	2	64	21	岐阜県	1	8	1	6	ok	0	4256	105	0	0	1744	86	2512	19
V4-C-147	V4	C	2	9	2	5	10	25	30	20	5	5	2	1	9	9	1	35	24	三重県	2	7	2	5	ok	0	4226	105	0	0	1729	86	2497	19
V4-C-148	V4	C	2	10	2	5	10	25	35	20	3	2	2	1	10	9	2	44	27	大阪府	1	1	5	5	ok	0	4242	105	0	0	1737	86	2505	19
V4-C-149	V4	C	2	9	2	5	10	25	30	20	5	5	2	1	9	11	1	51	13	東京都	2	8	4	3	ok	0	4222	105	0	0	1727	86	2495	19
V4-C-150	V4	C	2	10	2	5	10	20	30	25	5	5	2	1	10	9	2	82	17	石川県	1	7	2	2	ok	0	4250	105	0	0	1741	86	2509	19
V4-C-151	V4	C	2	11	2	5	10	25	30	20	5	5	2	1	10	11	1	53	27	大阪府	1	8	6	5	ok	0	4240	105	0	0	1736	86	2504	19
V4-C-152	V4	C	2	10	2	5	10	20	30	25	7	3	2	1	10	11	1	46	14	神奈川県	2	7	2	5	ok	0	4238	105	0	0	1735	86	2503	19
V4-C-153	V4	C	2	10	2	5	10	20	30	25	5	5	2	1	10	9	2	89	33	岡山県	1	6	1	2	ok	0	4254	105	0	0	1743	86	2511	19
V4-C-154	V4	C	2	11	2	5	10	20	30	25	5	5	2	1	10	9	2	45	47	沖縄県	2	7	5	2	ok	0	4238	105	0	0	1735	86	2503	19
V4-C-155	V4	C	2	10	2	5	10	25	30	20	5	5	2	1	10	11	1	53	4	宮城県	2	1	1	6	ok	0	4228	105	0	0	1730	86	2498	19
V4-C-156	V4	C	1	9	2	5	10	25	30	20	5	5	2	1	9	11	2	89	1	北海道	2	1	1	2	ok	0	4224	105	0	0	1728	86	2496	19
V4-C-157	V4	C	2	10	2	5	10	20	30	25	5	5	2	1	10	9	1	83	9	栃木県	2	1	1	2	ok	0	4232	105	0	0	1732	86	2500	19
V4-C-158	V4	C	2	10	2	5	10	25	30	20	5	5	2	1	10	9	2	54	12	千葉県	2	1	5	3	ok	0	4222	105	0	0	1727	86	2495	19
V4-C-159	V4	C	2	10	2	5	10	20	30	25	5	5	2	1	10	9	2	86	43	熊本県	1	1	1	2	ok	0	4248	105	0	0	1740	86	2508	19
V4-C-160	V4	C	2	9	2	5	10	30	30	15	5	5	2	1	10	11	1	60	13	東京都	1	8	6	8	ok	0	4232	105	0	0	1732	86	2500	19
V4-C-161	V4	C	2	10	2	5	5	15	30	30	10	5	2	1	10	11	1	55	10	群馬県	2	6	2	5	ok	0	4232	105	0	0	1732	86	2500	19
V4-C-162	V4	C	2	10	2	5	10	25	30	20	5	5	2	1	10	9	1	71	11	埼玉県	2	7	6	2	ok	0	4236	105	0	0	1734	86	2502	19
V4-C-163	V4	C	2	10	2	5	10	25	30	20	5	5	2	1	10	9	2	20	14	神奈川県	1	7	2	1	ok	0	4250	105	0	0	1741	86	2509	19
V4-C-164	V4	C	2	11	2	5	5	15	25	30	15	5	2	1	10	9	1	87	47	沖縄県	2	7	1	1	ok	0	4236	105	0	0	1734	86	2502	19
V4-C-165	V4	C	2	10	2	5	10	25	30	20	5	5	2	1	10	9	2	77	40	福岡県	1	6	2	2	ok	0	4252	105	0	0	1742	86	2510	19
V4-C-166	V4	C	2	10	2	5	10	20	30	25	5	5	2	1	10	9	2	91	12	千葉県	1	3	1	2	ok	0	4282	105	0	0	1757	86	2525	19
V4-C-167	V4	C	1	9	2	5	10	30	30	15	5	5	2	1	9	11	1	45	13	東京都	2	6	4	4	ok	0	4230	105	0	0	1731	86	2499	19
V4-C-168	V4	C	2	10	2	5	10	25	30	20	5	5	2	1	10	9	1	20	23	愛知県	1	1	2	1	ok	0	4236	105	0	0	1734	86	2502	19
V4-C-169	V4	C	2	10	2	5	10	25	30	20	5	5	2	1	10	11	1	73	11	埼玉県	2	2	2	2	ok	0	4222	105	0	0	1727	86	2495	19
V4-C-170	V4	C	2	10	2	5	10	25	30	20	7	3	2	1	10	9	2	45	17	石川県	2	7	5	2	ok	0	4230	105	0	0	1731	86	2499	19
V4-C-171	V4	C	2	10	2	5	10	20	30	25	5	5	2	1	10	9	2	81	33	岡山県	2	1	2	2	ok	0	4218	105	0	0	1725	86	2493	19
V4-C-172	V4	C	2	11	2	5	10	25	30	20	5	5	2	1	10	11	1	46	22	静岡県	2	1	6	5	ok	0	4218	105	0	0	1725	86	2493	19
V4-C-173	V4	C	2	9	2	5	10	25	30	20	5	5	2	1	10	11	2	76	27	大阪府	2	2	5	2	ok	0	4216	105	0	0	1724	86	2492	19
V4-C-174	V4	C	2	9	2	5	10	25	30	20	5	5	2	1	10	11	1	91	13	東京都	1	6	6	2	ok	0	4246	105	0	0	1739	86	2507	19
V4-C-175	V4	C	1	9	2	5	15	35	25	15	3	2	2	1	9	11	2	26	24	三重県	2	6	1	2	ok	0	4228	103	0	0	1731	84	2497	19
V4-C-176	V4	C	2	10	2	5	10	25	30	20	5	5	2	1	10	9	2	54	11	埼玉県	1	1	2	5	ok	0	4248	105	0	0	1740	86	2508	19
V4-C-177	V4	C	2	10	2	5	10	20	30	25	5	5	2	1	10	11	1	55	44	大分県	1	7	2	7	ok	0	4250	105	0	0	1741	86	2509	19
V4-C-178	V4	C	2	10	2	5	10	25	30	20	5	5	2	1	10	11	2	38	33	岡山県	1	8	2	4	ok	0	4240	105	0	0	1736	86	2504	19
V4-C-179	V4	C	1	9	2	5	10	30	30	15	5	5	2	1	9	11	1	72	13	東京都	2	7	6	1	ok	0	4220	105	0	0	1726	86	2494	19
V4-C-180	V4	C	2	10	2	5	10	25	30	20	5	5	2	1	10	9	1	67	12	千葉県	1	7	2	5	ok	0	4254	105	0	0	1743	86	2511	19
V4-C-181	V4	C	2	9	2	5	10	30	30	15	5	5	2	1	10	9	1	22	26	京都府	1	3	2	1	ok	0	4262	105	0	0	1747	86	2515	19
V4-C-182	V4	C	1	9	2	5	10	30	30	15	5	5	2	1	9	11	2	47	13	東京都	2	8	2	2	ok	0	4222	105	0	0	1727	86	2495	19
V4-C-183	V4	C	2	10	2	5	10	20	30	25	5	5	2	1	10	9	2	84	23	愛知県	1	3	1	5	ok	0	4284	105	0	0	1758	86	2526	19
V4-C-184	V4	C	2	9	2	5	10	30	30	15	5	5	2	1	10	11	1	44	13	東京都	2	8	4	2	ok	0	4222	105	0	0	1727	86	2495	19
V4-C-185	V4	C	2	10	2	5	10	20	30	25	5	5	2	1	10	9	2	66	25	滋賀県	2	8	2	4	ok	0	4226	105	0	0	1729	86	2497	19
V4-C-186	V4	C	2	9	2	5	10	25	30	20	7	3	2	1	10	11	2	25	13	東京都	1	1	5	2	ok	0	4240	105	0	0	1736	86	2504	19
V4-C-187	V4	C	1	9	2	5	10	30	30	15	5	5	2	1	9	11	2	78	13	東京都	1	8	6	4	ok	0	4238	105	0	0	1735	86	2503	19
V4-C-188	V4	C	1	9	2	5	10	25	30	20	5	5	2	1	9	11	1	71	34	広島県	2	8	1	1	ok	0	4216	105	0	0	1724	86	2492	19
V4-C-189	V4	C	2	10	2	5	10	25	30	20	5	5	2	1	10	9	2	48	14	神奈川県	2	1	4	4	ok	0	4226	105	0	0	1729	86	2497	19
V4-C-190	V4	C	2	10	2	5	10	25	30	20	7	3	2	1	10	9	1	20	12	千葉県	1	1	6	5	ok	0	4238	105	0	0	1735	86	2503	19
V4-C-191	V4	C	2	10	2	5	10	25	30	20	5	5	2	1	10	9	2	48	40	福岡県	2	1	2	6	ok	0	4222	105	0	0	1727	86	2495	19
V4-C-192	V4	C	1	9	2	5	10	25	30	20	5	5	2	1	9	11	2	45	27	大阪府	1	6	5	2	ok	0	4252	105	0	0	1742	86	2510	19
V4-C-193	V4	C	2	10	2	5	5	20	35	25	5	5	2	1	10	11	1	56	29	奈良県	2	8	2	6	ok	0	4224	105	0	0	1728	86	2496	19
V4-C-194	V4	C	2	9	2	5	10	25	30	20	5	5	2	1	10	9	1	87	27	大阪府	2	1	6	1	ok	0	4210	105	0	0	1721	86	2489	19
V4-C-195	V4	C	2	9	2	5	10	25	30	20	5	5	2	1	10	11	2	53	27	大阪府	2	7	4	6	ok	0	4234	105	0	0	1733	86	2501	19
V4-C-196	V4	C	2	10	2	5	10	25	30	20	5	5	2	1	10	11	2	28	27	大阪府	1	2	6	1	ok	0	4224	105	0	0	1728	86	2496	19
V4-C-197	V4	C	2	11	2	5	10	20	30	25	5	5	2	1	10	9	1	83	31	鳥取県	2	9	1	1	ok	0	4216	105	0	0	1724	86	2492	19
V4-C-198	V4	C	2	9	2	5	10	30	30	15	5	5	2	1	9	11	1	39	13	東京都	2	1	2	4	ok	0	4220	105	0	0	1726	86	2494	19
V4-C-199	V4	C	2	10	2	5	10	25	35	20	3	2	2	1	10	9	1	47	11	埼玉県	2	1	6	5	ok	0	4224	105	0	0	1728	86	2496	19
V4-C-200	V4	C	2	10	2	5	10	20	30	25	5	5	2	1	10	9	2	75	28	兵庫県	1	4	2	2	ok	0	4240	105	0	0	1736	86	2504	19
V4-C-201	V4	C	1	9	2	5	10	30	25	20	5	5	2	1	9	11	2	85	22	静岡県	1	8	2	2	ok	0	4244	105	0	0	1738	86	2506	19
V4-C-202	V4	C	2	11	2	5	5	20	35	25	5	5	2	1	10	9	1	30	6	山形県	1	1	6	4	ok	0	4232	105	0	0	1732	86	2500	19
V4-C-203	V4	C	2	9	2	5	10	25	30	20	5	5	2	1	10	11	2	29	1	北海道	1	6	5	2	ok	0	4248	105	0	0	1740	86	2508	19
V4-C-204	V4	C	2	10	2	5	10	25	30	20	5	5	2	1	10	9	2	56	39	高知県	2	8	5	8	ok	0	4212	105	0	0	1722	86	2490	19
V4-C-205	V4	C	2	10	2	5	10	25	30	20	5	5	2	1	10	9	2	55	28	兵庫県	2	8	2	2	ok	0	4228	105	0	0	1730	86	2498	19
V4-C-206	V4	C	2	10	2	5	10	25	30	20	5	5	2	1	10	9	2	39	40	福岡県	2	7	5	5	ok	0	4234	105	0	0	1733	86	2501	19
V4-C-207	V4	C	1	9	2	5	10	30	30	15	5	5	2	1	9	11	2	53	13	東京都	2	8	2	7	ok	0	4224	105	0	0	1728	86	2496	19
V4-C-208	V4	C	1	7	2	5	10	30	30	15	5	5	2	1	8	11	2	81	2	青森県	2	6	1	1	ok	0	4224	105	0	0	1728	86	2496	19
V4-C-209	V4	C	2	10	2	5	10	25	30	20	5	5	2	1	10	9	1	59	23	愛知県	2	2	1	2	ok	0	4224	105	0	0	1728	86	2496	19
V4-C-210	V4	C	1	9	2	5	10	30	30	15	5	5	2	1	9	11	2	65	13	東京都	2	6	4	1	ok	0	4222	105	0	0	1727	86	2495	19
V4-C-211	V4	C	1	9	2	5	10	30	30	15	5	5	2	1	9	11	2	53	26	京都府	2	2	4	4	ok	0	4210	105	0	0	1721	86	2489	19
V4-C-212	V4	C	2	10	2	5	10	20	30	25	5	5	2	1	10	9	2	78	35	山口県	2	3	2	1	ok	0	4238	105	0	0	1735	86	2503	19
V4-C-213	V4	C	2	10	2	5	5	20	35	25	5	5	2	1	10	11	1	63	28	兵庫県	2	1	2	8	ok	0	4220	105	0	0	1726	86	2494	19
V4-C-214	V4	C	2	10	2	5	10	20	30	25	5	5	2	1	10	11	1	24	40	福岡県	1	1	2	1	ok	0	4234	105	0	0	1733	86	2501	19
V4-C-215	V4	C	2	10	2	5	10	20	30	25	5	5	2	1	10	11	1	75	4	宮城県	2	2	6	2	ok	0	4212	105	0	0	1722	86	2490	19
V4-C-216	V4	C	2	10	2	5	10	25	30	20	5	5	2	1	10	11	1	68	40	福岡県	2	8	6	1	ok	0	4212	105	0	0	1722	86	2490	19
V4-C-217	V4	C	2	10	2	5	10	20	30	25	5	5	2	1	10	11	1	24	6	山形県	1	8	2	1	ok	0	4230	105	0	0	1731	86	2499	19
V4-C-218	V4	C	2	10	2	5	10	25	30	20	5	5	2	1	10	9	1	22	14	神奈川県	1	7	1	1	ok	0	4256	105	0	0	1744	86	2512	19
V4-C-219	V4	C	2	10	2	5	10	20	30	25	5	5	2	1	10	9	1	93	14	神奈川県	2	8	2	1	ok	0	4220	105	0	0	1726	86	2494	19
V4-C-220	V4	C	2	9	2	5	10	25	30	20	5	5	2	1	10	11	1	59	1	北海道	1	8	6	4	ok	0	4236	105	0	0	1734	86	2502	19
V4-C-221	V4	C	2	10	2	5	10	20	30	25	5	5	2	1	10	11	1	57	28	兵庫県	2	7	2	1	ok	0	4230	105	0	0	1731	86	2499	19
V4-C-222	V4	C	2	10	2	5	10	20	30	25	7	3	2	1	10	11	1	61	42	長崎県	2	7	6	1	ok	0	4222	105	0	0	1727	86	2495	19
V4-C-223	V4	C	2	10	2	5	10	20	30	25	5	5	2	1	10	9	1	63	45	宮崎県	2	1	2	2	ok	0	4228	105	0	0	1730	86	2498	19
V4-C-224	V4	C	2	10	2	5	10	25	30	20	5	5	2	1	10	9	2	76	35	山口県	2	8	2	3	ok	0	4214	105	0	0	1723	86	2491	19
V4-C-225	V4	C	1	9	2	5	10	25	30	20	5	5	2	1	9	11	2	63	11	埼玉県	1	7	2	2	ok	0	4260	105	0	0	1746	86	2514	19
V4-C-226	V4	C	2	9	2	5	10	25	30	20	5	5	2	1	10	9	1	71	27	大阪府	2	1	2	3	ok	0	4222	105	0	0	1727	86	2495	19
V4-C-227	V4	C	1	9	2	5	10	25	30	20	5	5	2	1	9	11	2	90	11	埼玉県	1	7	1	1	ok	0	4256	103	0	0	1745	84	2511	19
V4-C-228	V4	C	2	9	2	5	10	25	30	20	5	5	2	1	10	11	2	96	13	東京都	1	7	2	4	ok	0	4252	105	0	0	1742	86	2510	19
V4-C-229	V4	C	2	10	2	5	10	25	30	20	5	5	2	1	10	9	1	44	23	愛知県	2	8	2	4	ok	0	4226	105	0	0	1729	86	2497	19
V4-C-230	V4	C	2	10	2	5	10	25	30	20	5	5	2	1	10	9	1	94	27	大阪府	2	3	6	1	ok	0	4244	105	0	0	1738	86	2506	19
V4-C-231	V4	C	2	10	2	5	10	25	30	20	5	5	2	1	10	9	1	33	12	千葉県	1	8	6	2	ok	0	4240	105	0	0	1736	86	2504	19
V4-C-232	V4	C	2	10	2	5	10	25	30	20	5	5	2	1	10	9	1	36	46	鹿児島県	2	1	6	3	ok	0	4230	105	0	0	1731	86	2499	19
V4-C-233	V4	C	2	11	2	5	10	25	30	20	5	5	2	1	10	11	1	53	13	東京都	1	1	6	5	ok	0	4236	105	0	0	1734	86	2502	19
V4-C-234	V4	C	2	9	2	5	10	25	30	20	7	3	2	1	10	11	2	68	13	東京都	1	1	2	8	ok	0	4234	105	0	0	1733	86	2501	19
V4-C-235	V4	C	2	10	2	5	10	20	30	25	5	5	2	1	10	9	1	75	42	長崎県	2	8	1	1	ok	0	4222	105	0	0	1727	86	2495	19
V4-C-236	V4	C	2	11	2	5	10	20	30	25	7	3	2	1	10	9	2	20	28	兵庫県	1	1	6	2	ok	0	4242	105	0	0	1737	86	2505	19
V4-C-237	V4	C	1	9	2	5	10	30	30	15	5	5	2	1	9	11	1	33	13	東京都	2	7	2	3	ok	0	4232	105	0	0	1732	86	2500	19
V4-C-238	V4	C	2	10	2	5	10	20	30	25	7	3	2	1	10	9	1	60	28	兵庫県	2	1	6	5	ok	0	4222	105	0	0	1727	86	2495	19
V4-C-239	V4	C	2	10	2	5	10	20	30	25	7	3	2	1	10	9	1	44	21	岐阜県	2	8	4	3	ok	0	4230	105	0	0	1731	86	2499	19
V4-C-240	V4	C	2	10	2	5	10	25	30	20	5	5	2	1	10	9	2	24	40	福岡県	1	3	2	3	ok	0	4276	105	0	0	1754	86	2522	19
V4-C-241	V4	C	2	11	2	5	10	25	30	20	7	3	2	1	10	11	1	33	24	三重県	1	1	6	4	ok	0	4230	105	0	0	1731	86	2499	19
V4-C-242	V4	C	2	9	2	5	10	25	30	20	5	5	2	1	10	9	2	78	27	大阪府	2	3	2	2	ok	0	4256	105	0	0	1744	86	2512	19
V4-C-243	V4	C	2	10	2	5	10	25	30	20	5	5	2	1	10	9	1	36	12	千葉県	1	8	2	4	ok	0	4244	105	0	0	1738	86	2506	19
V4-C-244	V4	C	2	10	2	5	10	25	30	20	5	5	2	1	10	9	2	36	40	福岡県	2	6	6	3	ok	0	4228	105	0	0	1730	86	2498	19
V4-C-245	V4	C	2	9	2	5	10	25	30	20	7	3	2	1	10	11	1	48	12	千葉県	2	6	6	3	ok	0	4228	105	0	0	1730	86	2498	19
V4-C-246	V4	C	2	10	2	5	10	25	30	20	5	5	2	1	10	9	2	60	11	埼玉県	2	8	2	4	ok	0	4230	105	0	0	1731	86	2499	19
V4-C-247	V4	C	2	10	2	5	10	25	30	20	5	5	2	1	10	11	1	61	23	愛知県	2	6	6	3	ok	0	4230	105	0	0	1731	86	2499	19
V4-C-248	V4	C	2	10	2	5	10	25	30	20	7	3	2	1	10	11	1	36	11	埼玉県	1	1	6	2	ok	0	4244	105	0	0	1738	86	2506	19
V4-C-249	V4	C	1	9	2	5	10	30	30	15	5	5	2	1	9	11	2	64	27	大阪府	1	6	5	1	ok	0	4244	105	0	0	1738	86	2506	19
V4-C-250	V4	C	1	7	2	5	10	30	30	15	5	5	2	1	9	11	2	78	2	青森県	1	1	1	4	ok	0	4242	105	0	0	1737	86	2505	19
V4-D-001	V4	D	2	10	2	5	10	25	30	20	5	5	3	1	10	9	1	23	23	愛知県	1	6	6	1	ok	0	4192	105	0	0	1737	86	2455	19
V4-D-002	V4	D	1	9	2	5	10	30	30	15	5	5	3	1	9	11	2	62	1	北海道	1	6	6	1	ok	0	4186	105	0	0	1734	86	2452	19
V4-D-003	V4	D	2	10	2	5	10	25	30	20	5	5	3	1	10	9	2	74	33	岡山県	2	1	1	4	ok	0	4174	105	0	0	1728	86	2446	19
V4-D-004	V4	D	2	10	2	5	10	25	30	20	5	5	3	1	10	9	1	50	14	神奈川県	1	8	6	1	ok	0	4186	105	0	0	1734	86	2452	19
V4-D-005	V4	D	1	9	2	5	10	30	30	15	5	5	3	1	9	11	2	40	13	東京都	2	1	2	1	ok	0	4162	105	0	0	1722	86	2440	19
V4-D-006	V4	D	2	10	2	5	10	25	30	20	7	3	3	1	10	9	1	74	11	埼玉県	2	3	6	2	ok	0	4208	105	0	0	1745	86	2463	19
V4-D-007	V4	D	2	11	2	5	5	20	35	25	5	5	3	1	10	9	1	42	40	福岡県	2	8	4	6	ok	0	4174	105	0	0	1728	86	2446	19
V4-D-008	V4	D	1	9	2	5	10	25	30	20	5	5	3	1	9	11	2	72	27	大阪府	2	1	1	1	ok	0	4170	105	0	0	1726	86	2444	19
V4-D-009	V4	D	2	10	2	5	10	20	30	25	5	5	3	1	10	9	2	77	15	新潟県	2	7	2	1	ok	0	4172	105	0	0	1727	86	2445	19
V4-D-010	V4	D	1	9	2	5	10	30	30	15	5	5	3	1	9	11	2	76	13	東京都	2	1	2	2	ok	0	4170	105	0	0	1726	86	2444	19
V4-D-011	V4	D	1	9	2	5	10	25	30	20	7	3	3	1	9	11	2	63	11	埼玉県	1	2	4	1	ok	0	4184	105	0	0	1733	86	2451	19
V4-D-012	V4	D	2	9	2	5	10	30	30	15	5	5	3	1	9	11	1	34	13	東京都	2	7	6	4	ok	0	4178	105	0	0	1730	86	2448	19
V4-D-013	V4	D	2	9	2	5	10	30	30	15	5	5	3	1	10	11	1	35	13	東京都	2	3	6	4	ok	0	4198	103	0	0	1741	84	2457	19
V4-D-014	V4	D	2	10	2	5	10	25	30	20	5	5	3	1	10	9	2	71	11	埼玉県	2	8	2	4	ok	0	4180	105	0	0	1731	86	2449	19
V4-D-015	V4	D	2	9	2	5	10	25	30	20	5	5	3	1	9	11	1	30	13	東京都	2	8	6	2	ok	0	4168	105	0	0	1725	86	2443	19
V4-D-016	V4	D	2	9	2	5	10	25	35	20	3	2	3	1	9	11	1	61	13	東京都	2	2	6	6	ok	0	4160	105	0	0	1721	86	2439	19
V4-D-017	V4	D	1	9	2	5	10	30	30	15	5	5	3	1	9	11	1	31	13	東京都	2	8	6	3	ok	0	4168	105	0	0	1725	86	2443	19
V4-D-018	V4	D	1	9	2	5	10	30	30	15	5	5	3	1	9	11	2	69	13	東京都	2	7	2	5	ok	0	4182	105	0	0	1732	86	2450	19
V4-D-019	V4	D	2	11	2	5	10	20	30	25	5	5	3	1	10	9	2	32	15	新潟県	1	6	1	2	ok	0	4204	105	0	0	1743	86	2461	19
V4-D-020	V4	D	2	10	2	5	10	25	30	20	5	5	3	1	10	9	2	89	21	岐阜県	1	7	2	2	ok	0	4210	105	0	0	1746	86	2464	19
V4-D-021	V4	D	2	10	2	5	10	25	30	20	7	3	3	1	10	9	1	36	20	長野県	2	6	6	4	ok	0	4168	105	0	0	1725	86	2443	19
V4-D-022	V4	D	2	10	2	5	10	20	30	25	5	5	3	1	10	9	2	79	40	福岡県	2	3	2	1	ok	0	4198	105	0	0	1740	86	2458	19
V4-D-023	V4	D	2	9	2	5	10	30	30	15	5	5	3	1	9	9	1	71	22	静岡県	2	8	1	5	ok	0	4180	105	0	0	1731	86	2449	19
V4-D-024	V4	D	2	10	2	5	10	25	30	20	7	3	3	1	10	11	2	32	14	神奈川県	2	6	6	4	ok	0	4182	105	0	0	1732	86	2450	19
V4-D-025	V4	D	2	10	2	5	10	25	30	20	5	5	3	1	10	11	1	48	14	神奈川県	2	9	6	4	ok	0	4162	105	0	0	1722	86	2440	19
V4-D-026	V4	D	2	11	2	5	10	25	30	20	7	3	3	1	10	11	2	60	40	福岡県	2	1	2	7	ok	0	4174	105	0	0	1728	86	2446	19
V4-D-027	V4	D	2	10	2	5	10	25	30	20	5	5	3	1	10	11	2	42	14	神奈川県	1	6	4	5	ok	0	4206	105	0	0	1744	86	2462	19
V4-D-028	V4	D	1	9	2	5	10	30	30	15	5	5	3	1	9	11	2	74	13	東京都	2	8	2	1	ok	0	4164	105	0	0	1723	86	2441	19
V4-D-029	V4	D	2	10	2	5	10	20	30	25	5	5	3	1	10	11	2	75	11	埼玉県	1	1	2	1	ok	0	4190	105	0	0	1736	86	2454	19
V4-D-030	V4	D	2	10	2	5	10	25	30	20	5	5	3	1	10	9	1	30	23	愛知県	1	7	1	3	ok	0	4212	105	0	0	1747	86	2465	19
V4-D-031	V4	D	2	10	2	5	10	25	30	20	5	5	3	1	10	9	2	66	21	岐阜県	2	1	2	6	ok	0	4178	105	0	0	1730	86	2448	19
V4-D-032	V4	D	2	10	2	5	10	20	30	25	7	3	3	1	10	9	1	64	28	兵庫県	1	1	6	4	ok	0	4192	105	0	0	1737	86	2455	19
V4-D-033	V4	D	2	11	2	5	10	20	30	25	7	3	3	1	10	9	1	68	47	沖縄県	1	1	2	2	ok	0	4196	105	0	0	1739	86	2457	19
V4-D-034	V4	D	1	9	2	5	10	30	30	15	5	5	3	1	9	9	2	74	13	東京都	2	8	2	4	ok	0	4172	105	0	0	1727	86	2445	19
V4-D-035	V4	D	2	11	2	5	10	25	30	20	5	5	3	1	10	11	2	28	27	大阪府	1	7	7	3	ok	0	4202	105	0	0	1742	86	2460	19
V4-D-036	V4	D	2	9	2	5	10	25	30	20	5	5	3	1	9	11	2	26	27	大阪府	1	7	6	2	ok	0	4200	105	0	0	1741	86	2459	19
V4-D-037	V4	D	2	10	2	5	10	25	30	20	5	5	3	1	10	9	2	54	23	愛知県	1	8	2	5	ok	0	4196	105	0	0	1739	86	2457	19
V4-D-038	V4	D	1	9	2	5	10	30	30	15	5	5	3	1	9	11	2	80	26	京都府	2	8	2	1	ok	0	4160	105	0	0	1721	86	2439	19
V4-D-039	V4	D	2	10	2	5	10	25	30	20	5	5	3	1	10	9	2	79	14	神奈川県	1	6	2	4	ok	0	4206	105	0	0	1744	86	2462	19
V4-D-040	V4	D	1	9	2	5	10	30	30	15	5	5	3	1	9	11	1	83	13	東京都	2	1	2	2	ok	0	4168	103	0	0	1726	84	2442	19
V4-D-041	V4	D	2	10	2	5	10	20	30	25	5	5	3	1	10	9	1	84	28	兵庫県	2	9	1	2	ok	0	4172	105	0	0	1727	86	2445	19
V4-D-042	V4	D	2	10	2	5	10	20	30	25	5	5	3	1	10	9	2	91	4	宮城県	1	4	2	2	ok	0	4186	105	0	0	1734	86	2452	19
V4-D-043	V4	D	2	10	2	5	10	25	30	20	5	5	3	1	10	9	1	42	28	兵庫県	1	7	4	1	ok	0	4200	105	0	0	1741	86	2459	19
V4-D-044	V4	D	2	11	2	5	10	20	30	25	5	5	3	1	10	9	2	94	46	鹿児島県	1	1	2	1	ok	0	4196	105	0	0	1739	86	2457	19
V4-D-045	V4	D	2	10	2	5	10	25	30	20	5	5	3	1	10	9	1	55	11	埼玉県	1	1	4	1	ok	0	4190	105	0	0	1736	86	2454	19
V4-D-046	V4	D	2	9	2	5	10	25	35	15	5	5	3	1	10	9	1	57	22	静岡県	1	1	6	4	ok	0	4188	105	0	0	1735	86	2453	19
V4-D-047	V4	D	2	10	2	5	10	25	30	20	5	5	3	1	10	9	2	64	11	埼玉県	2	6	2	5	ok	0	4188	105	0	0	1735	86	2453	19
V4-D-048	V4	D	1	8	2	5	10	30	30	15	5	5	3	1	9	11	2	73	3	岩手県	2	8	2	2	ok	0	4176	105	0	0	1729	86	2447	19
V4-D-049	V4	D	2	10	2	5	10	20	30	25	5	5	3	1	10	9	1	81	6	山形県	2	1	2	2	ok	0	4166	105	0	0	1724	86	2442	19
V4-D-050	V4	D	2	10	2	5	10	25	30	20	5	5	3	1	10	11	1	67	14	神奈川県	1	2	2	1	ok	0	4182	105	0	0	1732	86	2450	19
V4-D-051	V4	D	2	10	2	5	10	25	30	20	7	3	3	1	10	9	2	51	28	兵庫県	2	1	5	5	ok	0	4176	105	0	0	1729	86	2447	19
V4-D-052	V4	D	2	10	2	5	10	20	30	20	10	5	3	1	10	9	1	35	7	福島県	1	1	2	1	ok	0	4174	105	0	0	1728	86	2446	19
V4-D-053	V4	D	2	10	2	5	10	25	35	20	3	2	3	1	10	11	2	52	27	大阪府	2	1	2	5	ok	0	4172	105	0	0	1727	86	2445	19
V4-D-054	V4	D	2	10	2	5	10	20	30	25	5	5	3	1	10	9	1	26	6	山形県	2	3	2	2	ok	0	4200	105	0	0	1741	86	2459	19
V4-D-055	V4	D	1	9	2	5	10	25	30	20	5	5	3	1	9	11	2	86	1	北海道	1	7	1	2	ok	0	4206	105	0	0	1744	86	2462	19
V4-D-056	V4	D	1	10	2	5	10	25	30	20	5	5	3	1	10	11	2	77	14	神奈川県	2	2	2	3	ok	0	4170	105	0	0	1726	86	2444	19
V4-D-057	V4	D	2	10	2	5	10	25	30	20	7	3	3	1	10	9	1	58	12	千葉県	2	8	2	8	ok	0	4168	105	0	0	1725	86	2443	19
V4-D-058	V4	D	2	10	2	5	10	20	30	25	5	5	3	1	10	9	1	67	42	長崎県	2	6	2	5	ok	0	4182	105	0	0	1732	86	2450	19
V4-D-059	V4	D	2	10	2	5	10	20	30	25	5	5	3	1	10	9	2	66	10	群馬県	2	8	2	6	ok	0	4174	105	0	0	1728	86	2446	19
V4-D-060	V4	D	2	10	2	5	10	25	30	20	7	3	3	1	10	11	2	38	11	埼玉県	2	8	2	5	ok	0	4180	105	0	0	1731	86	2449	19
V4-D-061	V4	D	2	10	2	5	10	20	30	25	5	5	3	1	10	9	1	86	4	宮城県	2	8	6	2	ok	0	4170	105	0	0	1726	86	2444	19
V4-D-062	V4	D	2	10	2	5	10	25	30	20	5	5	3	1	10	9	1	70	33	岡山県	2	7	2	2	ok	0	4180	105	0	0	1731	86	2449	19
V4-D-063	V4	D	1	9	2	5	10	30	30	15	5	5	3	1	9	11	1	20	13	東京都	1	7	4	2	ok	0	4202	105	0	0	1742	86	2460	19
V4-D-064	V4	D	2	10	2	5	10	25	30	20	5	5	3	1	10	9	2	47	27	大阪府	2	8	6	6	ok	0	4170	105	0	0	1726	86	2444	19
V4-D-065	V4	D	2	10	2	5	10	25	30	20	7	3	3	1	10	9	1	33	23	愛知県	1	1	6	2	ok	0	4190	105	0	0	1736	86	2454	19
V4-D-066	V4	D	1	9	2	5	10	30	25	20	5	5	3	1	9	11	2	62	27	大阪府	1	8	1	1	ok	0	4192	105	0	0	1737	86	2455	19
V4-D-067	V4	D	1	7	2	5	10	30	30	15	5	5	3	1	8	11	2	72	2	青森県	2	8	5	3	ok	0	4168	105	0	0	1725	86	2443	19
V4-D-068	V4	D	1	10	2	5	10	25	30	20	5	5	3	1	9	9	2	67	14	神奈川県	2	2	2	1	ok	0	4162	105	0	0	1722	86	2440	19
V4-D-069	V4	D	1	10	2	5	10	25	30	20	5	5	3	1	10	9	2	55	23	愛知県	2	7	5	2	ok	0	4186	105	0	0	1734	86	2452	19
V4-D-070	V4	D	2	10	2	5	10	25	30	20	7	3	3	1	10	9	1	60	34	広島県	2	1	2	8	ok	0	4160	105	0	0	1721	86	2439	19
V4-D-071	V4	D	2	10	2	5	10	25	30	20	7	3	3	1	10	9	1	29	23	愛知県	1	6	6	3	ok	0	4200	105	0	0	1741	86	2459	19
V4-D-072	V4	D	2	10	2	5	10	25	30	20	5	5	3	1	10	9	2	57	14	神奈川県	2	1	4	1	ok	0	4168	105	0	0	1725	86	2443	19
V4-D-073	V4	D	1	9	2	5	10	30	30	15	5	5	3	1	9	11	2	61	24	三重県	2	1	2	2	ok	0	4164	105	0	0	1723	86	2441	19
V4-D-074	V4	D	1	10	2	5	10	25	30	20	5	5	3	1	10	9	2	30	14	神奈川県	1	6	6	1	ok	0	4194	105	0	0	1738	86	2456	19
V4-D-075	V4	D	2	10	2	5	10	25	30	20	5	5	3	1	10	11	1	30	23	愛知県	2	7	6	4	ok	0	4182	105	0	0	1732	86	2450	19
V4-D-076	V4	D	2	9	2	5	10	30	30	15	5	5	3	1	10	9	2	29	38	愛媛県	1	3	6	2	ok	0	4220	105	0	0	1751	86	2469	19
V4-D-077	V4	D	2	9	2	5	10	30	30	15	5	5	3	1	9	9	2	37	26	京都府	2	3	2	4	ok	0	4200	105	0	0	1741	86	2459	19
V4-D-078	V4	D	2	9	2	5	10	25	30	20	5	5	3	1	9	11	1	62	32	島根県	2	9	2	3	ok	0	4156	105	0	0	1719	86	2437	19
V4-D-079	V4	D	1	9	2	5	10	30	30	15	5	5	3	1	9	11	2	83	13	東京都	1	1	2	2	ok	0	4190	105	0	0	1736	86	2454	19
V4-D-080	V4	D	1	9	2	5	10	30	30	15	5	5	3	1	9	11	2	36	13	東京都	2	6	6	3	ok	0	4176	105	0	0	1729	86	2447	19
V4-D-081	V4	D	2	10	2	5	10	25	35	20	3	2	3	1	10	9	1	58	34	広島県	1	3	6	3	ok	0	4216	105	0	0	1749	86	2467	19
V4-D-082	V4	D	2	10	2	5	10	20	30	25	5	5	3	1	10	9	2	88	32	島根県	1	8	1	2	ok	0	4194	105	0	0	1738	86	2456	19
V4-D-083	V4	D	2	10	2	5	10	25	30	20	7	3	3	1	9	11	2	25	11	埼玉県	1	1	6	1	ok	0	4186	105	0	0	1734	86	2452	19
V4-D-084	V4	D	2	11	2	5	10	20	30	25	5	5	3	1	10	9	1	20	28	兵庫県	1	1	2	2	ok	0	4196	105	0	0	1739	86	2457	19
V4-D-085	V4	D	2	10	2	5	10	25	30	20	5	5	3	1	10	11	2	53	28	兵庫県	2	6	6	4	ok	0	4182	105	0	0	1732	86	2450	19
V4-D-086	V4	D	2	10	2	5	10	25	30	20	5	5	3	1	10	9	2	76	40	福岡県	2	1	2	3	ok	0	4172	105	0	0	1727	86	2445	19
V4-D-087	V4	D	2	9	2	5	10	25	30	20	5	5	3	1	9	9	1	87	22	静岡県	1	1	1	1	ok	0	4190	105	0	0	1736	86	2454	19
V4-D-088	V4	D	2	10	2	5	5	15	30	30	10	5	3	1	10	9	2	75	28	兵庫県	1	4	2	1	ok	0	4182	105	0	0	1732	86	2450	19
V4-D-089	V4	D	2	10	2	5	10	20	30	25	7	3	3	1	10	11	2	65	28	兵庫県	1	7	5	4	ok	0	4208	105	0	0	1745	86	2463	19
V4-D-090	V4	D	2	10	2	5	10	25	30	20	5	5	3	1	10	11	1	58	14	神奈川県	2	1	2	6	ok	0	4176	105	0	0	1729	86	2447	19
V4-D-091	V4	D	2	9	2	5	10	25	30	20	5	5	3	1	10	9	1	88	27	大阪府	2	8	2	6	ok	0	4174	105	0	0	1728	86	2446	19
V4-D-092	V4	D	2	10	2	5	10	20	30	25	5	5	3	1	10	9	1	77	44	大分県	1	8	1	2	ok	0	4194	105	0	0	1738	86	2456	19
V4-D-093	V4	D	2	9	2	5	10	25	30	20	5	5	3	1	9	11	2	49	1	北海道	2	1	2	2	ok	0	4168	105	0	0	1725	86	2443	19
V4-D-094	V4	D	2	10	2	5	10	25	30	20	5	5	3	1	10	9	1	53	12	千葉県	2	7	1	6	ok	0	4190	105	0	0	1736	86	2454	19
V4-D-095	V4	D	2	10	2	5	10	20	30	25	7	3	3	1	10	9	2	60	12	千葉県	2	7	4	5	ok	0	4184	105	0	0	1733	86	2451	19
V4-D-096	V4	D	1	7	2	5	10	30	30	15	5	5	3	1	8	11	1	85	2	青森県	1	8	2	4	ok	0	4188	105	0	0	1735	86	2453	19
V4-D-097	V4	D	2	10	2	5	10	20	35	20	5	5	3	1	10	9	2	53	28	兵庫県	2	8	5	5	ok	0	4178	105	0	0	1730	86	2448	19
V4-D-098	V4	D	1	9	2	5	10	30	30	15	5	5	3	1	9	11	2	80	13	東京都	1	1	2	1	ok	0	4182	105	0	0	1732	86	2450	19
V4-D-099	V4	D	2	10	2	5	10	25	35	20	3	2	3	1	10	9	1	59	14	神奈川県	2	7	6	5	ok	0	4184	105	0	0	1733	86	2451	19
V4-D-100	V4	D	2	9	2	5	10	25	30	20	5	5	3	1	9	11	1	56	1	北海道	1	7	2	5	ok	0	4200	105	0	0	1741	86	2459	19
V4-D-101	V4	D	2	9	2	5	10	25	30	20	5	5	3	1	10	9	2	65	12	千葉県	2	8	1	8	ok	0	4174	105	0	0	1728	86	2446	19
V4-D-102	V4	D	2	10	2	5	10	25	30	20	5	5	3	1	10	9	2	68	23	愛知県	2	1	1	5	ok	0	4180	105	0	0	1731	86	2449	19
V4-D-103	V4	D	2	10	2	5	10	25	30	20	7	3	3	1	10	9	1	41	14	神奈川県	2	8	6	4	ok	0	4174	105	0	0	1728	86	2446	19
V4-D-104	V4	D	1	10	2	5	10	25	30	20	5	5	3	1	10	9	2	73	17	石川県	1	8	2	1	ok	0	4182	105	0	0	1732	86	2450	19
V4-D-105	V4	D	1	9	2	5	10	30	25	20	5	5	3	1	9	11	2	93	24	三重県	1	7	2	2	ok	0	4196	105	0	0	1739	86	2457	19
V4-D-106	V4	D	1	9	2	5	10	25	30	20	5	5	3	1	9	11	2	64	1	北海道	2	6	2	1	ok	0	4170	105	0	0	1726	86	2444	19
V4-D-107	V4	D	2	10	2	5	10	20	30	25	5	5	3	1	10	9	1	79	28	兵庫県	1	8	1	3	ok	0	4204	105	0	0	1743	86	2461	19
V4-D-108	V4	D	2	10	2	5	10	20	30	25	7	3	3	1	10	9	2	71	9	栃木県	2	8	2	2	ok	0	4178	105	0	0	1730	86	2448	19
V4-D-109	V4	D	2	8	2	5	10	25	30	20	5	5	3	1	9	11	1	22	8	茨城県	1	7	2	1	ok	0	4196	105	0	0	1739	86	2457	19
V4-D-110	V4	D	1	9	2	5	10	25	30	20	5	5	3	1	9	11	2	78	12	千葉県	2	8	2	4	ok	0	4174	105	0	0	1728	86	2446	19
V4-D-111	V4	D	2	10	2	5	10	25	30	20	5	5	3	1	10	9	2	23	20	長野県	1	1	1	1	ok	0	4180	105	0	0	1731	86	2449	19
V4-D-112	V4	D	1	9	2	5	10	30	30	15	5	5	3	1	9	11	1	20	13	東京都	1	7	2	1	ok	0	4194	105	0	0	1738	86	2456	19
V4-D-113	V4	D	2	9	2	5	10	25	30	20	5	5	3	1	9	11	1	61	13	東京都	2	8	2	4	ok	0	4172	105	0	0	1727	86	2445	19
V4-D-114	V4	D	2	10	2	5	10	20	30	25	5	5	3	1	10	9	2	55	35	山口県	1	7	2	5	ok	0	4194	105	0	0	1738	86	2456	19
V4-D-115	V4	D	2	10	2	5	10	20	30	25	5	5	3	1	10	9	2	48	11	埼玉県	2	8	1	4	ok	0	4186	105	0	0	1734	86	2452	19
V4-D-116	V4	D	2	10	2	5	10	25	30	20	5	5	3	1	10	11	2	40	11	埼玉県	1	1	4	1	ok	0	4190	105	0	0	1736	86	2454	19
V4-D-117	V4	D	2	10	2	5	10	20	35	20	5	5	3	1	10	9	2	45	43	熊本県	2	6	6	4	ok	0	4176	103	0	0	1730	84	2446	19
V4-D-118	V4	D	1	9	2	5	10	30	30	15	5	5	3	1	9	11	2	55	22	静岡県	2	7	2	6	ok	0	4184	105	0	0	1733	86	2451	19
V4-D-119	V4	D	2	10	2	5	10	20	30	25	5	5	3	1	10	9	2	88	23	愛知県	1	1	2	1	ok	0	4186	105	0	0	1734	86	2452	19
V4-D-120	V4	D	2	10	2	5	10	20	30	25	5	5	3	1	10	9	1	27	7	福島県	2	1	2	2	ok	0	4162	105	0	0	1722	86	2440	19
V4-D-121	V4	D	2	10	2	5	10	25	30	20	5	5	3	1	10	9	1	27	11	埼玉県	1	1	2	4	ok	0	4198	105	0	0	1740	86	2458	19
V4-D-122	V4	D	2	10	2	5	10	20	30	25	5	5	3	1	10	9	1	77	28	兵庫県	2	7	2	3	ok	0	4188	105	0	0	1735	86	2453	19
V4-D-123	V4	D	2	10	2	5	10	25	30	20	5	5	3	1	10	11	1	47	14	神奈川県	2	1	6	1	ok	0	4164	105	0	0	1723	86	2441	19
V4-D-124	V4	D	2	10	2	5	10	20	30	25	5	5	3	1	10	9	2	46	42	長崎県	2	6	4	2	ok	0	4182	105	0	0	1732	86	2450	19
V4-D-125	V4	D	2	10	2	5	10	20	30	25	5	5	3	1	10	9	1	34	11	埼玉県	1	6	4	4	ok	0	4208	105	0	0	1745	86	2463	19
V4-D-126	V4	D	2	9	2	5	10	25	30	20	7	3	3	1	10	9	1	53	22	静岡県	2	1	2	5	ok	0	4172	105	0	0	1727	86	2445	19
V4-D-127	V4	D	2	10	2	5	10	20	30	25	5	5	3	1	10	9	2	47	7	福島県	2	1	2	6	ok	0	4162	105	0	0	1722	86	2440	19
V4-D-128	V4	D	2	10	2	5	10	25	30	20	5	5	3	1	10	11	2	49	14	神奈川県	2	7	6	5	ok	0	4184	105	0	0	1733	86	2451	19
V4-D-129	V4	D	1	9	2	5	10	30	30	15	5	5	3	1	9	11	2	86	13	東京都	1	4	2	1	ok	0	4176	105	0	0	1729	86	2447	19
V4-D-130	V4	D	1	9	2	5	10	25	30	20	5	5	3	1	9	9	2	81	1	北海道	1	8	1	2	ok	0	4196	105	0	0	1739	86	2457	19
V4-D-131	V4	D	2	9	2	5	10	25	30	20	7	3	3	1	9	11	1	56	13	東京都	2	8	2	6	ok	0	4172	105	0	0	1727	86	2445	19
V4-D-132	V4	D	2	10	2	5	10	25	35	20	3	2	3	1	10	9	1	64	27	大阪府	2	1	6	3	ok	0	4168	105	0	0	1725	86	2443	19
V4-D-133	V4	D	2	10	2	5	10	25	30	20	5	5	3	1	10	9	2	51	23	愛知県	2	1	6	4	ok	0	4170	105	0	0	1726	86	2444	19
V4-D-134	V4	D	2	10	2	5	10	25	30	20	5	5	3	1	10	11	1	60	11	埼玉県	2	1	6	1	ok	0	4166	105	0	0	1724	86	2442	19
V4-D-135	V4	D	2	9	2	5	10	25	30	20	5	5	3	1	10	9	1	59	1	北海道	2	1	2	2	ok	0	4168	105	0	0	1725	86	2443	19
V4-D-136	V4	D	1	10	2	5	10	25	30	20	5	5	3	1	9	9	2	77	14	神奈川県	1	3	2	1	ok	0	4222	105	0	0	1752	86	2470	19
V4-D-137	V4	D	2	10	2	5	10	20	30	25	7	3	3	1	10	9	1	51	11	埼玉県	2	4	2	3	ok	0	4172	105	0	0	1727	86	2445	19
V4-D-138	V4	D	2	10	2	5	10	25	30	20	5	5	3	1	10	9	1	28	14	神奈川県	1	1	6	1	ok	0	4184	105	0	0	1733	86	2451	19
V4-D-139	V4	D	1	9	2	5	10	30	30	15	5	5	3	1	9	11	1	51	13	東京都	2	1	6	1	ok	0	4158	105	0	0	1720	86	2438	19
V4-D-140	V4	D	2	10	2	5	10	25	30	20	5	5	3	1	10	11	1	42	23	愛知県	2	8	6	1	ok	0	4164	105	0	0	1723	86	2441	19
V4-D-141	V4	D	1	9	2	5	10	30	30	15	5	5	3	1	9	11	2	73	13	東京都	2	7	1	4	ok	0	4188	105	0	0	1735	86	2453	19
V4-D-142	V4	D	1	9	2	5	10	30	30	15	5	5	3	1	9	11	1	80	13	東京都	1	1	6	1	ok	0	4178	105	0	0	1730	86	2448	19
V4-D-143	V4	D	2	9	2	5	10	25	30	20	5	5	3	1	9	11	1	53	27	大阪府	2	8	2	2	ok	0	4174	105	0	0	1728	86	2446	19
V4-D-144	V4	D	2	10	2	5	10	20	30	25	5	5	3	1	10	9	1	59	46	鹿児島県	2	1	4	8	ok	0	4178	105	0	0	1730	86	2448	19
V4-D-145	V4	D	2	10	2	5	10	20	30	25	7	3	3	1	10	9	2	56	25	滋賀県	2	6	2	8	ok	0	4178	105	0	0	1730	86	2448	19
V4-D-146	V4	D	2	11	2	5	10	20	30	25	5	5	3	1	10	9	1	20	44	大分県	2	8	2	1	ok	0	4160	105	0	0	1721	86	2439	19
V4-D-147	V4	D	2	10	2	5	10	20	30	20	10	5	3	1	10	11	2	53	10	群馬県	1	7	1	2	ok	0	4210	105	0	0	1746	86	2464	19
V4-D-148	V4	D	2	10	2	5	10	25	30	20	5	5	3	1	10	9	1	27	17	石川県	1	8	2	3	ok	0	4190	105	0	0	1736	86	2454	19
V4-D-149	V4	D	2	9	2	5	10	30	30	15	5	5	3	1	10	9	1	31	13	東京都	2	8	4	4	ok	0	4172	105	0	0	1727	86	2445	19
V4-D-150	V4	D	2	10	2	5	10	20	30	25	5	5	3	1	10	9	1	83	11	埼玉県	2	7	1	2	ok	0	4196	105	0	0	1739	86	2457	19
V4-D-151	V4	D	2	10	2	5	10	20	30	25	5	5	3	1	10	9	2	52	28	兵庫県	2	1	2	4	ok	0	4176	105	0	0	1729	86	2447	19
V4-D-152	V4	D	1	9	2	5	10	30	30	15	5	5	3	1	9	11	2	24	13	東京都	1	3	6	1	ok	0	4212	105	0	0	1747	86	2465	19
V4-D-153	V4	D	2	10	2	5	10	20	35	20	5	5	3	1	10	9	1	47	14	神奈川県	2	4	6	1	ok	0	4158	105	0	0	1720	86	2438	19
V4-D-154	V4	D	1	9	2	5	10	25	30	20	5	5	3	1	9	9	2	82	27	大阪府	1	8	1	1	ok	0	4192	105	0	0	1737	86	2455	19
V4-D-155	V4	D	1	10	2	5	10	25	30	20	5	5	3	1	9	9	2	48	14	神奈川県	1	8	5	1	ok	0	4190	105	0	0	1736	86	2454	19
V4-D-156	V4	D	2	9	2	5	10	25	30	20	5	5	3	1	9	9	1	47	13	東京都	2	8	1	5	ok	0	4178	105	0	0	1730	86	2448	19
V4-D-157	V4	D	2	9	2	5	10	30	30	15	5	5	3	1	9	11	1	20	13	東京都	1	6	6	2	ok	0	4196	105	0	0	1739	86	2457	19
V4-D-158	V4	D	2	9	2	5	10	25	30	20	5	5	3	1	10	9	1	88	1	北海道	2	7	4	2	ok	0	4180	105	0	0	1731	86	2449	19
V4-D-159	V4	D	1	9	2	5	10	25	30	20	5	5	3	1	9	9	2	78	34	広島県	2	8	2	5	ok	0	4168	105	0	0	1725	86	2443	19
V4-D-160	V4	D	2	10	2	5	10	25	30	20	7	3	3	1	10	9	1	34	4	宮城県	1	1	3	4	ok	0	4196	105	0	0	1739	86	2457	19
V4-D-161	V4	D	2	9	2	5	10	30	30	15	5	5	3	1	9	11	1	33	22	静岡県	1	1	2	4	ok	0	4192	105	0	0	1737	86	2455	19
V4-D-162	V4	D	2	10	2	5	10	20	30	25	7	3	3	1	10	9	2	51	46	鹿児島県	1	6	2	6	ok	0	4214	105	0	0	1748	86	2466	19
V4-D-163	V4	D	1	9	2	5	10	30	30	15	5	5	3	1	9	11	2	86	13	東京都	1	2	2	1	ok	0	4176	105	0	0	1729	86	2447	19
V4-D-164	V4	D	2	10	2	5	10	20	30	25	5	5	3	1	10	9	2	71	28	兵庫県	2	2	4	2	ok	0	4170	105	0	0	1726	86	2444	19
V4-D-165	V4	D	2	9	2	5	10	25	30	20	5	5	3	1	10	9	1	78	1	北海道	2	1	1	4	ok	0	4174	105	0	0	1728	86	2446	19
V4-D-166	V4	D	2	10	2	5	10	25	30	20	5	5	3	1	10	9	1	50	23	愛知県	2	6	6	4	ok	0	4180	105	0	0	1731	86	2449	19
V4-D-167	V4	D	2	10	2	5	10	25	30	20	5	5	3	1	10	9	2	65	35	山口県	2	8	2	2	ok	0	4164	105	0	0	1723	86	2441	19
V4-D-168	V4	D	1	9	2	5	10	25	30	20	5	5	3	1	9	11	2	71	12	千葉県	2	7	4	1	ok	0	4174	103	0	0	1729	84	2445	19
V4-D-169	V4	D	2	10	2	5	10	25	30	20	5	5	3	1	10	9	2	40	27	大阪府	2	1	4	3	ok	0	4172	105	0	0	1727	86	2445	19
V4-D-170	V4	D	2	10	2	5	10	25	30	20	5	5	3	1	10	11	1	32	21	岐阜県	1	7	6	1	ok	0	4198	105	0	0	1740	86	2458	19
V4-D-171	V4	D	1	9	2	5	10	30	30	15	5	5	3	1	9	11	1	50	1	北海道	2	6	6	1	ok	0	4166	105	0	0	1724	86	2442	19
V4-D-172	V4	D	2	9	2	5	10	25	30	20	5	5	3	1	9	9	1	68	13	東京都	2	8	2	4	ok	0	4172	105	0	0	1727	86	2445	19
V4-D-173	V4	D	2	10	2	5	10	20	30	25	5	5	3	1	10	9	2	74	28	兵庫県	2	1	2	8	ok	0	4170	105	0	0	1726	86	2444	19
V4-D-174	V4	D	2	10	2	5	10	20	30	25	5	5	3	1	10	11	1	26	28	兵庫県	2	8	2	1	ok	0	4170	105	0	0	1726	86	2444	19
V4-D-175	V4	D	2	9	2	5	10	25	30	20	5	5	3	1	9	9	1	72	13	東京都	2	1	6	4	ok	0	4166	105	0	0	1724	86	2442	19
V4-D-176	V4	D	2	9	2	5	10	25	30	20	5	5	3	1	9	9	1	36	1	北海道	2	7	2	2	ok	0	4180	105	0	0	1731	86	2449	19
V4-D-177	V4	D	2	9	2	5	10	30	30	15	5	5	3	1	10	11	1	57	22	静岡県	2	1	3	5	ok	0	4176	105	0	0	1729	86	2447	19
V4-D-178	V4	D	1	9	2	5	10	30	30	15	5	5	3	1	9	11	2	21	13	東京都	1	6	4	4	ok	0	4200	105	0	0	1741	86	2459	19
V4-D-179	V4	D	2	10	2	5	10	25	30	20	5	5	3	1	10	9	2	43	14	神奈川県	2	8	4	4	ok	0	4178	105	0	0	1730	86	2448	19
V4-D-180	V4	D	2	10	2	5	10	25	30	20	5	5	3	1	10	9	2	79	45	宮崎県	1	1	1	3	ok	0	4204	105	0	0	1743	86	2461	19
V4-D-181	V4	D	2	9	2	5	10	30	30	15	5	5	3	1	10	9	1	33	26	京都府	1	3	6	2	ok	0	4216	105	0	0	1749	86	2467	19
V4-D-182	V4	D	2	10	2	5	10	25	35	20	3	2	3	1	10	9	1	56	14	神奈川県	2	8	6	5	ok	0	4174	105	0	0	1728	86	2446	19
V4-D-183	V4	D	2	9	2	5	10	25	30	20	5	5	3	1	10	9	2	51	27	大阪府	2	8	6	4	ok	0	4170	105	0	0	1726	86	2444	19
V4-D-184	V4	D	2	11	2	5	10	20	30	25	7	3	3	1	10	11	1	33	19	山梨県	1	1	7	3	ok	0	4190	105	0	0	1736	86	2454	19
V4-D-185	V4	D	2	9	2	5	10	25	30	20	5	5	3	1	10	9	2	96	13	東京都	1	1	2	4	ok	0	4190	105	0	0	1736	86	2454	19
V4-D-186	V4	D	2	10	2	5	10	25	30	20	5	5	3	1	10	11	1	55	11	埼玉県	2	6	1	7	ok	0	4196	105	0	0	1739	86	2457	19
V4-D-187	V4	D	2	9	2	5	10	25	30	20	5	5	3	1	10	9	1	65	1	北海道	1	3	1	4	ok	0	4228	105	0	0	1755	86	2473	19
V4-D-188	V4	D	2	10	2	5	10	25	30	20	5	5	3	1	10	9	1	38	11	埼玉県	2	8	6	2	ok	0	4176	105	0	0	1729	86	2447	19
V4-D-189	V4	D	1	9	2	5	10	25	30	20	5	5	3	1	9	11	2	89	1	北海道	1	8	2	1	ok	0	4182	105	0	0	1732	86	2450	19
V4-D-190	V4	D	2	9	2	5	10	25	30	20	5	5	3	1	10	11	2	32	27	大阪府	2	8	4	2	ok	0	4174	105	0	0	1728	86	2446	19
V4-D-191	V4	D	2	9	2	5	10	25	30	20	5	5	3	1	9	11	1	54	27	大阪府	1	6	2	4	ok	0	4202	105	0	0	1742	86	2460	19
V4-D-192	V4	D	2	9	2	5	10	25	30	20	5	5	3	1	9	11	1	58	27	大阪府	2	7	2	5	ok	0	4184	105	0	0	1733	86	2451	19
V4-D-193	V4	D	1	9	2	5	10	30	30	15	5	5	3	1	9	11	1	45	13	東京都	1	3	6	1	ok	0	4212	105	0	0	1747	86	2465	19
V4-D-194	V4	D	2	10	2	5	10	25	30	20	7	3	3	1	10	9	2	28	23	愛知県	2	7	5	2	ok	0	4186	105	0	0	1734	86	2452	19
V4-D-195	V4	D	1	9	2	5	10	25	30	20	5	5	3	1	9	9	2	75	11	埼玉県	1	6	1	2	ok	0	4214	105	0	0	1748	86	2466	19
V4-D-196	V4	D	2	11	2	5	10	20	30	25	5	5	3	1	10	9	1	51	7	福島県	2	8	1	8	ok	0	4164	105	0	0	1723	86	2441	19
V4-D-197	V4	D	1	9	2	5	10	30	30	15	5	5	3	1	9	11	2	60	13	東京都	2	1	2	2	ok	0	4170	105	0	0	1726	86	2444	19
V4-D-198	V4	D	2	10	2	5	10	20	30	25	5	5	3	1	10	9	1	76	29	奈良県	2	1	2	5	ok	0	4172	105	0	0	1727	86	2445	19
V4-D-199	V4	D	2	10	2	5	10	20	30	25	7	3	3	1	10	9	1	43	23	愛知県	2	8	6	4	ok	0	4172	105	0	0	1727	86	2445	19
V4-D-200	V4	D	2	10	2	5	10	25	30	20	5	5	3	1	10	9	2	56	12	千葉県	2	9	6	5	ok	0	4158	105	0	0	1720	86	2438	19
V4-D-201	V4	D	2	10	2	5	10	20	30	25	7	3	3	1	10	11	2	54	12	千葉県	2	1	6	6	ok	0	4168	105	0	0	1725	86	2443	19
V4-D-202	V4	D	2	10	2	5	10	25	30	20	5	5	3	1	10	9	1	31	9	栃木県	1	6	6	3	ok	0	4202	105	0	0	1742	86	2460	19
V4-D-203	V4	D	2	10	2	5	10	25	30	20	5	5	3	1	10	9	2	69	11	埼玉県	2	8	2	5	ok	0	4180	105	0	0	1731	86	2449	19
V4-D-204	V4	D	2	9	2	5	10	25	30	20	5	5	3	1	10	9	2	27	27	大阪府	1	1	2	2	ok	0	4192	105	0	0	1737	86	2455	19
V4-D-205	V4	D	2	10	2	5	10	25	35	20	3	2	3	1	10	9	2	42	12	千葉県	1	1	5	5	ok	0	4192	105	0	0	1737	86	2455	19
V4-D-206	V4	D	2	10	2	5	10	20	30	25	5	5	3	1	10	9	2	87	28	兵庫県	2	8	1	4	ok	0	4184	105	0	0	1733	86	2451	19
V4-D-207	V4	D	1	9	2	5	10	30	30	15	5	5	3	1	9	11	2	78	18	福井県	2	7	1	4	ok	0	4184	105	0	0	1733	86	2451	19
V4-D-208	V4	D	1	9	2	5	10	30	30	15	5	5	3	1	9	11	2	56	27	大阪府	1	8	2	3	ok	0	4194	105	0	0	1738	86	2456	19
V4-D-209	V4	D	2	10	2	5	10	25	30	20	5	5	3	1	10	11	2	50	11	埼玉県	1	1	2	7	ok	0	4200	105	0	0	1741	86	2459	19
V4-D-210	V4	D	1	9	2	5	10	30	30	20	3	2	3	1	9	11	1	74	27	大阪府	2	6	1	3	ok	0	4188	105	0	0	1735	86	2453	19
V4-D-211	V4	D	1	9	2	5	10	30	30	15	5	5	3	1	9	11	2	58	13	東京都	1	7	6	1	ok	0	4190	105	0	0	1736	86	2454	19
V4-D-212	V4	D	2	10	2	5	10	20	30	25	5	5	3	1	10	9	1	33	28	兵庫県	2	8	6	2	ok	0	4174	105	0	0	1728	86	2446	19
V4-D-213	V4	D	2	11	2	5	10	20	30	25	5	5	3	1	10	9	2	64	7	福島県	2	8	2	3	ok	0	4164	105	0	0	1723	86	2441	19
V4-D-214	V4	D	2	10	2	5	10	20	30	25	5	5	3	1	10	9	2	23	35	山口県	1	8	6	2	ok	0	4180	105	0	0	1731	86	2449	19
V4-D-215	V4	D	2	9	2	5	10	25	35	20	3	2	3	1	9	11	2	35	18	福井県	2	3	6	6	ok	0	4196	105	0	0	1739	86	2457	19
V4-D-216	V4	D	2	9	2	5	10	25	30	20	5	5	3	1	9	9	2	56	11	埼玉県	1	6	4	3	ok	0	4208	105	0	0	1745	86	2463	19
V4-D-217	V4	D	2	11	2	5	10	25	30	20	5	5	3	1	10	11	1	66	1	北海道	2	2	2	6	ok	0	4162	105	0	0	1722	86	2440	19
V4-D-218	V4	D	2	9	2	5	10	25	30	20	5	5	3	1	9	11	2	27	27	大阪府	2	6	6	4	ok	0	4178	105	0	0	1730	86	2448	19
V4-D-219	V4	D	2	10	2	5	10	25	30	20	5	5	3	1	10	9	1	73	40	福岡県	2	4	6	2	ok	0	4162	105	0	0	1722	86	2440	19
V4-D-220	V4	D	2	10	2	5	10	25	30	20	5	5	3	1	10	9	1	75	6	山形県	2	1	2	2	ok	0	4166	105	0	0	1724	86	2442	19
V4-D-221	V4	D	1	8	2	5	10	30	30	15	5	5	3	1	9	9	2	51	8	茨城県	2	7	2	5	ok	0	4184	105	0	0	1733	86	2451	19
V4-D-222	V4	D	2	9	2	5	10	30	30	15	5	5	3	1	9	11	2	67	13	東京都	2	3	6	2	ok	0	4200	105	0	0	1741	86	2459	19
V4-D-223	V4	D	1	9	2	5	10	25	30	20	5	5	3	1	9	11	1	52	4	宮城県	1	7	6	1	ok	0	4192	105	0	0	1737	86	2455	19
V4-D-224	V4	D	2	10	2	5	10	25	30	20	7	3	3	1	10	9	1	56	40	福岡県	1	6	7	6	ok	0	4200	105	0	0	1741	86	2459	19
V4-D-225	V4	D	2	9	2	5	10	25	30	20	5	5	3	1	9	11	1	52	1	北海道	1	6	2	4	ok	0	4198	105	0	0	1740	86	2458	19
V4-D-226	V4	D	2	10	2	5	10	20	30	25	5	5	3	1	10	11	2	57	15	新潟県	1	1	2	5	ok	0	4188	105	0	0	1735	86	2453	19
V4-D-227	V4	D	2	9	2	5	10	25	30	20	5	5	3	1	10	9	1	23	1	北海道	1	8	2	2	ok	0	4190	105	0	0	1736	86	2454	19
V4-D-228	V4	D	2	10	2	5	10	20	30	25	7	3	3	1	10	11	1	45	15	新潟県	2	7	2	5	ok	0	4180	105	0	0	1731	86	2449	19
V4-D-229	V4	D	2	11	2	5	5	15	30	30	10	5	3	1	10	9	1	95	12	千葉県	1	1	4	3	ok	0	4192	105	0	0	1737	86	2455	19
V4-D-230	V4	D	2	9	2	5	10	25	30	20	5	5	3	1	10	11	2	56	1	北海道	1	2	6	5	ok	0	4178	105	0	0	1730	86	2448	19
V4-D-231	V4	D	2	11	2	5	10	20	30	25	5	5	3	1	10	11	1	42	47	沖縄県	2	7	2	4	ok	0	4188	105	0	0	1735	86	2453	19
V4-D-232	V4	D	1	9	2	5	10	30	30	15	5	5	3	1	9	11	2	58	34	広島県	2	8	5	1	ok	0	4160	105	0	0	1721	86	2439	19
V4-D-233	V4	D	1	10	2	5	10	25	30	20	5	5	3	1	9	11	2	81	23	愛知県	1	7	2	1	ok	0	4198	105	0	0	1740	86	2458	19
V4-D-234	V4	D	2	10	2	5	10	25	30	20	7	3	3	1	10	9	2	46	14	神奈川県	2	4	4	4	ok	0	4170	105	0	0	1726	86	2444	19
V4-D-235	V4	D	2	9	2	5	10	25	30	20	5	5	3	1	10	9	2	24	27	大阪府	1	8	4	2	ok	0	4194	105	0	0	1738	86	2456	19
V4-D-236	V4	D	2	9	2	5	10	25	30	20	5	5	3	1	9	11	1	90	13	東京都	1	7	2	2	ok	0	4202	105	0	0	1742	86	2460	19
V4-D-237	V4	D	1	9	2	5	10	25	30	20	5	5	3	1	9	11	2	76	4	宮城県	1	6	2	2	ok	0	4202	105	0	0	1742	86	2460	19
V4-D-238	V4	D	1	9	2	5	10	30	30	15	5	5	3	1	9	11	2	54	27	大阪府	1	6	1	1	ok	0	4200	105	0	0	1741	86	2459	19
V4-D-239	V4	D	1	9	2	5	10	30	30	15	5	5	3	1	9	11	2	82	13	東京都	1	1	2	1	ok	0	4182	105	0	0	1732	86	2450	19
V4-D-240	V4	D	2	11	2	5	10	20	30	25	5	5	3	1	10	11	1	31	31	鳥取県	2	8	6	3	ok	0	4176	105	0	0	1729	86	2447	19
V4-D-241	V4	D	2	10	2	5	10	25	30	20	5	5	3	1	10	11	2	49	28	兵庫県	2	1	2	5	ok	0	4176	105	0	0	1729	86	2447	19
V4-D-242	V4	D	2	10	2	5	10	25	30	20	5	5	3	1	10	11	1	24	12	千葉県	1	1	6	1	ok	0	4180	105	0	0	1731	86	2449	19
V4-D-243	V4	D	2	10	2	5	10	25	30	20	5	5	3	1	10	9	1	46	22	静岡県	1	1	6	5	ok	0	4188	105	0	0	1735	86	2453	19
V4-D-244	V4	D	2	10	2	5	10	25	30	20	5	5	3	1	10	9	1	83	11	埼玉県	2	6	4	2	ok	0	4188	105	0	0	1735	86	2453	19
V4-D-245	V4	D	2	9	2	5	10	25	30	20	7	3	3	1	9	11	2	48	27	大阪府	2	6	6	7	ok	0	4180	105	0	0	1731	86	2449	19
V4-D-246	V4	D	2	10	2	5	10	20	35	20	5	5	3	1	10	9	2	47	23	愛知県	2	8	4	3	ok	0	4176	105	0	0	1729	86	2447	19
V4-D-247	V4	D	1	9	2	5	10	30	30	15	5	5	3	1	9	11	2	62	13	東京都	2	6	4	4	ok	0	4180	105	0	0	1731	86	2449	19
V4-D-248	V4	D	2	10	2	5	10	25	30	20	5	5	3	1	10	9	2	21	12	千葉県	1	1	6	6	ok	0	4188	105	0	0	1735	86	2453	19
V4-D-249	V4	D	1	8	2	5	10	30	30	15	5	5	3	1	9	11	1	75	8	茨城県	1	1	2	1	ok	0	4184	105	0	0	1733	86	2451	19
V4-D-250	V4	D	2	10	2	5	10	25	30	20	7	3	3	1	10	9	1	69	11	埼玉県	2	1	6	5	ok	0	4174	105	0	0	1728	86	2446	19
